target,phase,condition,n,df,mean_beta,sd,sem,t,ci95_low,ci95_high,dz,p_raw_exact_two_sided,exact_exceedances,exact_patterns,p_holm12
angular_historical,first,CA,19,18,0.19223466579910439,0.38461039951301274,0.088235677058527764,2.1786500903890937,0.0068583871312528633,0.37761094446695592,0.49981660933377964,0.02344512939453125,12292,524288,0.18756103515625
angular_historical,first,JX,19,18,0.17999314814903614,0.13754747032643114,0.031555553846977516,5.7040085248345722,0.11369738957990819,0.24628890671816409,1.3085893017288639,2.288818359375e-05,12,524288,0.000274658203125
angular_historical,first,OI,19,18,0.08714826816920436,0.26782352286134631,0.061442930045034934,1.4183612029134769,-0.041938537779397808,0.21623507411780651,0.32539437625992806,0.17650604248046875,92540,524288,0.88253021240234375
angular_historical,final,CA,19,18,0.11801868950319544,0.18305279345082889,0.041995190946578269,2.8102905795410247,0.029790067259398242,0.20624731174699262,0.64472487569493042,0.01248931884765625,6548,524288,0.11240386962890625
angular_historical,final,JX,19,18,0.14720211506847705,0.14132109832361006,0.032421283483304815,4.5402926489408753,0.079087526025499219,0.21531670411145487,1.0416145700438875,0.00034332275390625,180,524288,0.00377655029296875
angular_historical,final,OI,19,18,0.063672841019202314,0.22345284177149471,0.051263597680469973,1.2420673518873984,-0.044027981209746422,0.17137366324815106,0.28494979304991275,0.22896575927734375,120044,524288,0.915863037109375
ofc_left,first,CA,19,18,0.010813714200944548,0.24522154995712991,0.056257681844291578,0.19221755761061113,-0.10737928951859574,0.12900671792048482,0.044097732042045333,0.84975433349609375,445516,524288,1
ofc_left,first,JX,19,18,0.076943701346052357,0.14586429961043948,0.033463565340644465,2.2993276586878628,0.0066393593768462877,0.14724804331525843,0.52750194222675661,0.035167694091796875,18438,524288,0.24617385864257812
ofc_left,first,OI,19,18,0.018172411382721416,0.29143564111771586,0.066859921483058443,0.27179827585238941,-0.12229507126982136,0.15863989403526418,0.062354800919429298,0.7917022705078125,415080,524288,1
ofc_left,final,CA,19,18,0.066175899497427429,0.18228858222586747,0.041819868867571622,1.5824033238120028,-0.021684384726443823,0.15403618372129868,0.36302821981154676,0.13071441650390625,68532,524288,0.7842864990234375
ofc_left,final,JX,19,18,0.12651730788097473,0.17740971546902259,0.040700580070093369,3.1084890599369901,0.041008562161120435,0.21202605360082905,0.71313629891405717,0.0076141357421875,3992,524288,0.076141357421875
ofc_left,final,OI,19,18,0.0059183952769258381,0.1810865241284112,0.041544097826988639,0.1424605560475313,-0.081362515489724424,0.093199306043576097,0.032682693013252682,0.88884353637695312,466010,524288,1
