condition,event_label,trial_index,onset,rt_search_duration,rt_z_within_condition,used_event_duration,start_idx,end_idx,clipped_start_idx,clipped_end_idx,n_samples,included,drop_reason,subject,seed,max_abs_design_corr,max_abs_rt_ppi_corr,condition_number,n_CA_events,n_JX_events,n_OI_events,n_CA_samples,n_JX_samples,n_OI_samples,mean_rt_CA,sd_rt_CA,mean_rt_JX,sd_rt_JX,mean_rt_OI,sd_rt_OI
CA,search_CA,0.0,0.952,4.565,-1.0657220852522886,1.0,0.0,1.0,0.0,1.0,1.0,True,,sub-001,,,,,,,,,,,,,,,,
CA,search_CA,1.0,35.501,6.708,-0.4718993008800437,1.0,35.0,36.0,35.0,36.0,1.0,True,,sub-001,,,,,,,,,,,,,,,,
CA,search_CA,2.0,69.583,11.465,0.8462598149663252,1.0,69.0,70.0,69.0,70.0,1.0,True,,sub-001,,,,,,,,,,,,,,,,
CA,search_CA,3.0,107.599,10.352,0.5378488214962793,1.0,107.0,108.0,107.0,108.0,1.0,True,,sub-001,,,,,,,,,,,,,,,,
CA,search_CA,4.0,175.713,12.963,1.2613538564920472,1.0,175.0,176.0,175.0,176.0,1.0,True,,sub-001,,,,,,,,,,,,,,,,
CA,search_CA,5.0,243.261,4.54,-1.0726495559052547,1.0,243.0,244.0,243.0,244.0,1.0,True,,sub-001,,,,,,,,,,,,,,,,
CA,search_CA,6.0,311.726,6.204,-0.6115571092438382,1.0,311.0,312.0,311.0,312.0,1.0,True,,sub-001,,,,,,,,,,,,,,,,
CA,search_CA,7.0,558.119,4.314,-1.1352738906080673,1.0,558.0,559.0,558.0,559.0,1.0,True,,sub-001,,,,,,,,,,,,,,,,
CA,search_CA,8.0,698.298,5.44,-0.8232606123984788,1.0,698.0,699.0,698.0,699.0,1.0,True,,sub-001,,,,,,,,,,,,,,,,
CA,search_CA,9.0,1023.388,5.232,-0.8808971682311559,1.0,1023.0,1024.0,1023.0,1024.0,1.0,True,,sub-001,,,,,,,,,,,,,,,,
CA,search_CA,10.0,1164.868,7.714,-0.19313788180469213,1.0,1164.0,1165.0,1164.0,1165.0,1.0,True,,sub-001,,,,,,,,,,,,,,,,
CA,search_CA,11.0,1235.082,13.799,1.4930084751272301,1.0,1235.0,1236.0,1235.0,1236.0,1.0,True,,sub-001,,,,,,,,,,,,,,,,
CA,search_CA,12.0,1304.514,6.391,-0.5597396287596526,1.0,1304.0,1305.0,1304.0,1305.0,1.0,True,,sub-001,,,,,,,,,,,,,,,,
CA,search_CA,13.0,1343.929,15.324,1.9155841849581559,1.0,1343.0,1344.0,1343.0,1344.0,1.0,True,,sub-001,,,,,,,,,,,,,,,,
CA,search_CA,14.0,1377.761,6.941,-0.40733527439440076,1.0,1377.0,1378.0,1377.0,1378.0,1.0,True,,sub-001,,,,,,,,,,,,,,,,
CA,search_CA,15.0,1411.744,12.624,1.1674173544378288,1.0,1411.0,1412.0,1411.0,1412.0,1.0,True,,sub-001,,,,,,,,,,,,,,,,
JX,search_JX,0.0,345.592,22.584,1.9904376708940357,1.0,345.0,346.0,345.0,346.0,1.0,True,,sub-001,,,,,,,,,,,,,,,,
JX,search_JX,1.0,382.474,14.414,0.28191047301726707,1.0,382.0,383.0,382.0,383.0,1.0,True,,sub-001,,,,,,,,,,,,,,,,
JX,search_JX,2.0,417.156,8.591,-0.9358072593250126,1.0,417.0,418.0,417.0,418.0,1.0,True,,sub-001,,,,,,,,,,,,,,,,
JX,search_JX,3.0,524.037,18.314,1.0974864915875728,1.0,524.0,525.0,524.0,525.0,1.0,True,,sub-001,,,,,,,,,,,,,,,,
JX,search_JX,4.0,592.518,18.471,1.1303186543864288,1.0,592.0,593.0,592.0,593.0,1.0,True,,sub-001,,,,,,,,,,,,,,,,
JX,search_JX,5.0,733.264,11.869,-0.25030515961386834,1.0,733.0,734.0,733.0,734.0,1.0,True,,sub-001,,,,,,,,,,,,,,,,
JX,search_JX,6.0,805.528,17.431,0.9128317161010141,1.0,805.0,806.0,805.0,806.0,1.0,True,,sub-001,,,,,,,,,,,,,,,,
JX,search_JX,7.0,840.294,10.516,-0.5332473014409512,1.0,840.0,841.0,840.0,841.0,1.0,True,,sub-001,,,,,,,,,,,,,,,,
JX,search_JX,8.0,874.026,3.859,-1.92537282852365,1.0,874.0,875.0,874.0,875.0,1.0,True,,sub-001,,,,,,,,,,,,,,,,
JX,search_JX,9.0,947.407,13.73,0.1388709866833982,1.0,947.0,948.0,947.0,948.0,1.0,True,,sub-001,,,,,,,,,,,,,,,,
JX,search_JX,10.0,985.24,12.863,-0.042437835906462246,1.0,985.0,986.0,985.0,986.0,1.0,True,,sub-001,,,,,,,,,,,,,,,,
JX,search_JX,11.0,1057.504,10.043,-0.6321620339496065,1.0,1057.0,1058.0,1057.0,1058.0,1.0,True,,sub-001,,,,,,,,,,,,,,,,
JX,search_JX,12.0,1092.536,6.138,-1.4487836628001305,1.0,1092.0,1093.0,1092.0,1093.0,1.0,True,,sub-001,,,,,,,,,,,,,,,,
JX,search_JX,13.0,1199.383,12.187,-0.18380434579198193,1.0,1199.0,1200.0,1199.0,1200.0,1.0,True,,sub-001,,,,,,,,,,,,,,,,
JX,search_JX,14.0,1445.893,14.979,0.4000644346819395,1.0,1445.0,1446.0,1445.0,1446.0,1.0,True,,sub-001,,,,,,,,,,,,,,,,
OI,search_OI,0.0,141.498,7.376,-0.40711643310015005,1.0,141.0,142.0,141.0,142.0,1.0,True,,sub-001,,,,,,,,,,,,,,,,
OI,search_OI,1.0,277.177,12.538,1.217070156020319,1.0,277.0,278.0,277.0,278.0,1.0,True,,sub-001,,,,,,,,,,,,,,,,
OI,search_OI,2.0,451.839,4.539,-1.2997583070510939,1.0,451.0,452.0,451.0,452.0,1.0,True,,sub-001,,,,,,,,,,,,,,,,
OI,search_OI,3.0,485.871,5.863,-0.8831711230147703,1.0,485.0,486.0,485.0,486.0,1.0,True,,sub-001,,,,,,,,,,,,,,,,
OI,search_OI,4.0,627.067,6.677,-0.6270518119833753,1.0,627.0,628.0,627.0,628.0,1.0,True,,sub-001,,,,,,,,,,,,,,,,
OI,search_OI,5.0,663.382,12.379,1.1670419367893705,1.0,663.0,664.0,663.0,664.0,1.0,True,,sub-001,,,,,,,,,,,,,,,,
OI,search_OI,6.0,767.096,9.925,0.394908289036246,1.0,767.0,768.0,767.0,768.0,1.0,True,,sub-001,,,,,,,,,,,,,,,,
OI,search_OI,7.0,913.175,12.496,1.2038551547140308,1.0,913.0,914.0,913.0,914.0,1.0,True,,sub-001,,,,,,,,,,,,,,,,
OI,search_OI,8.0,1130.902,4.097,-1.4388304636553646,1.0,1130.0,1131.0,1130.0,1131.0,1.0,True,,sub-001,,,,,,,,,,,,,,,,
OI,search_OI,9.0,1269.165,10.809,0.6730526022447877,1.0,1269.0,1270.0,1269.0,1270.0,1.0,True,,sub-001,,,,,,,,,,,,,,,,
,,,,,,,,,,,,,,sub-001,PCC,0.9415327242011536,0.0016787362827068119,32.007592398985736,16.0,15.0,10.0,16.0,15.0,10.0,8.411000000000001,3.727174068021687,13.065933333333335,4.949732986545358,8.6699,3.350123561568704
CA,search_CA,0.0,60.723,6.003,-0.9684306049973934,1.0,60.0,61.0,60.0,61.0,1.0,True,,sub-002,,,,,,,,,,,,,,,,
CA,search_CA,1.0,121.505,15.055,0.6098678490386611,1.0,121.0,122.0,121.0,122.0,1.0,True,,sub-002,,,,,,,,,,,,,,,,
CA,search_CA,2.0,179.003,2.635,-1.55567200945977,1.0,179.0,180.0,179.0,180.0,1.0,True,,sub-002,,,,,,,,,,,,,,,,
CA,search_CA,3.0,214.252,16.314,0.8293859393647098,1.0,214.0,215.0,214.0,215.0,1.0,True,,sub-002,,,,,,,,,,,,,,,,
CA,search_CA,4.0,249.168,22.209,1.8572327562607043,1.0,249.0,250.0,249.0,250.0,1.0,True,,sub-002,,,,,,,,,,,,,,,,
CA,search_CA,5.0,565.059,12.417,0.14990857796628904,1.0,565.0,566.0,565.0,566.0,1.0,True,,sub-002,,,,,,,,,,,,,,,,
CA,search_CA,6.0,638.74,9.979,-0.27517887573895866,1.0,638.0,639.0,638.0,639.0,1.0,True,,sub-002,,,,,,,,,,,,,,,,
CA,search_CA,7.0,1043.045,13.468,0.3331599782305283,1.0,1043.0,1044.0,1043.0,1044.0,1.0,True,,sub-002,,,,,,,,,,,,,,,,
CA,search_CA,8.0,1382.019,5.177,-1.1124512107236177,1.0,1382.0,1383.0,1382.0,1383.0,1.0,True,,sub-002,,,,,,,,,,,,,,,,
CA,search_CA,9.0,1458.6,11.282,-0.04798898559214242,1.0,1458.0,1459.0,1458.0,1459.0,1.0,True,,sub-002,,,,,,,,,,,,,,,,
CA,search_CA,10.0,1526.015,20.849,1.6201043981642578,1.0,1526.0,1527.0,1526.0,1527.0,1.0,True,,sub-002,,,,,,,,,,,,,,,,
CA,search_CA,11.0,1647.061,6.821,-0.8258048719658543,1.0,1647.0,1648.0,1647.0,1648.0,1.0,True,,sub-002,,,,,,,,,,,,,,,,
CA,search_CA,12.0,1743.542,8.035,-0.6141329405474085,1.0,1743.0,1744.0,1743.0,1744.0,1.0,True,,sub-002,,,,,,,,,,,,,,,,
JX,search_JX,0.0,91.522,6.59,-0.750207887909759,1.0,91.0,92.0,91.0,92.0,1.0,True,,sub-002,,,,,,,,,,,,,,,,
JX,search_JX,1.0,670.989,8.436,-0.3741305887204303,1.0,670.0,671.0,670.0,671.0,1.0,True,,sub-002,,,,,,,,,,,,,,,,
JX,search_JX,2.0,739.52,6.569,-0.7544861237076874,1.0,739.0,740.0,739.0,740.0,1.0,True,,sub-002,,,,,,,,,,,,,,,,
JX,search_JX,3.0,860.3,18.533,1.6828859280264017,1.0,860.0,861.0,860.0,861.0,1.0,True,,sub-002,,,,,,,,,,,,,,,,
JX,search_JX,4.0,1074.611,12.995,0.5546540304584153,1.0,1074.0,1075.0,1074.0,1075.0,1.0,True,,sub-002,,,,,,,,,,,,,,,,
JX,search_JX,5.0,1301.021,7.693,-0.5254986457614224,1.0,1301.0,1302.0,1301.0,1302.0,1.0,True,,sub-002,,,,,,,,,,,,,,,,
JX,search_JX,6.0,1330.47,12.033,0.3586700858104554,1.0,1330.0,1331.0,1330.0,1331.0,1.0,True,,sub-002,,,,,,,,,,,,,,,,
JX,search_JX,7.0,1411.568,2.718,-1.5390330788420885,1.0,1411.0,1412.0,1411.0,1412.0,1.0,True,,sub-002,,,,,,,,,,,,,,,,
JX,search_JX,8.0,1677.394,16.885,1.3471462806461127,1.0,1677.0,1678.0,1677.0,1678.0,1.0,True,,sub-002,,,,,,,,,,,,,,,,
OI,search_OI,0.0,28.957,14.333,1.6267543274590128,1.0,28.0,29.0,28.0,29.0,1.0,True,,sub-002,,,,,,,,,,,,,,,,
OI,search_OI,1.0,310.399,4.633,-1.1560189281393791,1.0,310.0,311.0,310.0,311.0,1.0,True,,sub-002,,,,,,,,,,,,,,,,
OI,search_OI,2.0,702.171,7.557,-0.31717057768889473,1.0,702.0,703.0,702.0,703.0,1.0,True,,sub-002,,,,,,,,,,,,,,,,
OI,search_OI,3.0,916.849,9.875,0.3478261652468858,1.0,916.0,917.0,916.0,917.0,1.0,True,,sub-002,,,,,,,,,,,,,,,,
OI,search_OI,4.0,1155.375,4.796,-1.1092568620916947,1.0,1155.0,1156.0,1155.0,1156.0,1.0,True,,sub-002,,,,,,,,,,,,,,,,
OI,search_OI,5.0,1490.049,6.826,-0.5268826653015161,1.0,1490.0,1491.0,1490.0,1491.0,1.0,True,,sub-002,,,,,,,,,,,,,,,,
OI,search_OI,6.0,1586.98,12.618,1.1347485405155857,1.0,1586.0,1587.0,1586.0,1587.0,1.0,True,,sub-002,,,,,,,,,,,,,,,,
,,,,,,,,,,,,,,sub-002,PCC,0.9716691822446574,0.00017039016731235847,29.76940883468423,13.0,9.0,7.0,13.0,9.0,7.0,11.557230769230767,5.969479529990396,10.272444444444446,5.206319768106622,8.662571428571429,3.7650201795449854
CA,search_CA,0.0,29.573,17.336,1.2717119574212168,1.0,29.0,30.0,29.0,30.0,1.0,True,,sub-003,,,,,,,,,,,,,,,,
CA,search_CA,1.0,58.672,14.543,0.7121709834860167,1.0,58.0,59.0,58.0,59.0,1.0,True,,sub-003,,,,,,,,,,,,,,,,
CA,search_CA,2.0,206.134,5.15,-1.169593559361579,1.0,206.0,207.0,206.0,207.0,1.0,True,,sub-003,,,,,,,,,,,,,,,,
CA,search_CA,3.0,235.017,3.406,-1.5189811206014605,1.0,235.0,236.0,235.0,236.0,1.0,True,,sub-003,,,,,,,,,,,,,,,,
CA,search_CA,4.0,264.466,21.677,2.141374459337688,1.0,264.0,265.0,264.0,265.0,1.0,True,,sub-003,,,,,,,,,,,,,,,,
CA,search_CA,5.0,293.248,10.775,-0.04269847222033263,1.0,293.0,294.0,293.0,294.0,1.0,True,,sub-003,,,,,,,,,,,,,,,,
CA,search_CA,6.0,351.147,8.806,-0.43716183694586425,1.0,351.0,352.0,351.0,352.0,1.0,True,,sub-003,,,,,,,,,,,,,,,,
CA,search_CA,7.0,438.478,7.43,-0.7128254173736606,1.0,438.0,439.0,438.0,439.0,1.0,True,,sub-003,,,,,,,,,,,,,,,,
CA,search_CA,8.0,616.739,5.108,-1.1780077093455672,1.0,616.0,617.0,616.0,617.0,1.0,True,,sub-003,,,,,,,,,,,,,,,,
CA,search_CA,9.0,705.753,5.559,-1.0876557654698866,1.0,705.0,706.0,705.0,706.0,1.0,True,,sub-003,,,,,,,,,,,,,,,,
CA,search_CA,10.0,797.1,12.176,0.23797353081698042,1.0,797.0,798.0,797.0,798.0,1.0,True,,sub-003,,,,,,,,,,,,,,,,
CA,search_CA,11.0,861.898,10.941,-0.009442546093141997,1.0,861.0,862.0,861.0,862.0,1.0,True,,sub-003,,,,,,,,,,,,,,,,
CA,search_CA,12.0,892.131,14.133,0.6300328526899436,1.0,892.0,893.0,892.0,893.0,1.0,True,,sub-003,,,,,,,,,,,,,,,,
CA,search_CA,13.0,923.263,12.262,0.2552025045937178,1.0,923.0,924.0,923.0,924.0,1.0,True,,sub-003,,,,,,,,,,,,,,,,
CA,search_CA,14.0,1112.425,15.52,0.9079001390659275,1.0,1112.0,1113.0,1112.0,1113.0,1.0,True,,sub-003,,,,,,,,,,,,,,,,
JX,search_JX,0.0,0.824,14.391,0.34838780555515053,1.0,0.0,1.0,0.0,1.0,1.0,True,,sub-003,,,,,,,,,,,,,,,,
JX,search_JX,1.0,87.838,7.774,-0.949579197502081,1.0,87.0,88.0,87.0,88.0,1.0,True,,sub-003,,,,,,,,,,,,,,,,
JX,search_JX,2.0,146.086,13.107,0.09652296772448919,1.0,146.0,147.0,146.0,147.0,1.0,True,,sub-003,,,,,,,,,,,,,,,,
JX,search_JX,3.0,176.218,20.189,1.4857027041082453,1.0,176.0,177.0,176.0,177.0,1.0,True,,sub-003,,,,,,,,,,,,,,,,
JX,search_JX,4.0,409.395,8.092,-0.8872014572916834,1.0,409.0,410.0,409.0,410.0,1.0,True,,sub-003,,,,,,,,,,,,,,,,
JX,search_JX,5.0,467.46,16.917,0.8438789117547227,1.0,467.0,468.0,467.0,468.0,1.0,True,,sub-003,,,,,,,,,,,,,,,,
JX,search_JX,6.0,528.808,10.726,-0.37052545819046717,1.0,528.0,529.0,528.0,529.0,1.0,True,,sub-003,,,,,,,,,,,,,,,,
JX,search_JX,7.0,558.941,7.099,-1.0819847781373584,1.0,558.0,559.0,558.0,559.0,1.0,True,,sub-003,,,,,,,,,,,,,,,,
JX,search_JX,8.0,674.887,9.006,-0.70791449329073,1.0,674.0,675.0,674.0,675.0,1.0,True,,sub-003,,,,,,,,,,,,,,,,
JX,search_JX,9.0,735.202,22.126,1.8656576814275532,1.0,735.0,736.0,735.0,736.0,1.0,True,,sub-003,,,,,,,,,,,,,,,,
JX,search_JX,10.0,765.001,5.848,-1.3273764542480728,1.0,765.0,766.0,765.0,766.0,1.0,True,,sub-003,,,,,,,,,,,,,,,,
JX,search_JX,11.0,826.333,18.566,1.1673408413363113,1.0,826.0,827.0,826.0,827.0,1.0,True,,sub-003,,,,,,,,,,,,,,,,
JX,search_JX,12.0,985.278,8.304,-0.8456162971514186,1.0,985.0,986.0,985.0,986.0,1.0,True,,sub-003,,,,,,,,,,,,,,,,
JX,search_JX,13.0,1014.077,14.464,0.3627072239053362,1.0,1014.0,1015.0,1014.0,1015.0,1.0,True,,sub-003,,,,,,,,,,,,,,,,
OI,search_OI,0.0,117.137,5.274,-0.5240754489087786,1.0,117.0,118.0,117.0,118.0,1.0,True,,sub-003,,,,,,,,,,,,,,,,
OI,search_OI,1.0,380.179,11.252,1.1695999056197006,1.0,380.0,381.0,380.0,381.0,1.0,True,,sub-003,,,,,,,,,,,,,,,,
OI,search_OI,2.0,497.142,4.379,-0.7776451113883687,1.0,497.0,498.0,497.0,498.0,1.0,True,,sub-003,,,,,,,,,,,,,,,,
OI,search_OI,3.0,587.973,6.011,-0.3152700396937419,1.0,587.0,588.0,587.0,588.0,1.0,True,,sub-003,,,,,,,,,,,,,,,,
OI,search_OI,4.0,646.105,14.435,2.0714012862594045,1.0,646.0,647.0,646.0,647.0,1.0,True,,sub-003,,,,,,,,,,,,,,,,
OI,search_OI,5.0,1047.36,2.156,-1.4074611557371153,1.0,1047.0,1048.0,1047.0,1048.0,1.0,True,,sub-003,,,,,,,,,,,,,,,,
OI,search_OI,6.0,1079.492,5.126,-0.5660065215869676,1.0,1079.0,1080.0,1079.0,1080.0,1.0,True,,sub-003,,,,,,,,,,,,,,,,
OI,search_OI,7.0,1143.357,7.774,0.1842196976822548,1.0,1143.0,1144.0,1143.0,1144.0,1.0,True,,sub-003,,,,,,,,,,,,,,,,
OI,search_OI,8.0,1231.838,7.707,0.16523738775361507,1.0,1231.0,1232.0,1231.0,1232.0,1.0,True,,sub-003,,,,,,,,,,,,,,,,
,,,,,,,,,,,,,,sub-003,PCC,0.9790304654562342,0.00013471146269527872,36.421626423667796,15.0,14.0,9.0,15.0,14.0,9.0,10.988133333333334,5.166788127297359,12.614928571428573,5.290416014822474,7.123777777777777,3.743708314551822
CA,search_CA,0.0,90.928,7.282,-1.6224188472729473,1.0,90.0,91.0,90.0,91.0,1.0,True,,sub-004,,,,,,,,,,,,,,,,
CA,search_CA,1.0,154.726,11.981,0.6712131826125269,1.0,154.0,155.0,154.0,155.0,1.0,True,,sub-004,,,,,,,,,,,,,,,,
CA,search_CA,2.0,183.625,8.889,-0.8380250034708712,1.0,183.0,184.0,183.0,184.0,1.0,True,,sub-004,,,,,,,,,,,,,,,,
CA,search_CA,3.0,212.924,7.749,-1.3944711652221884,1.0,212.0,213.0,212.0,213.0,1.0,True,,sub-004,,,,,,,,,,,,,,,,
CA,search_CA,4.0,392.752,12.807,1.074392594548131,1.0,392.0,393.0,392.0,393.0,1.0,True,,sub-004,,,,,,,,,,,,,,,,
CA,search_CA,5.0,450.501,12.334,0.8435162484881541,1.0,450.0,451.0,450.0,451.0,1.0,True,,sub-004,,,,,,,,,,,,,,,,
CA,search_CA,6.0,569.297,11.461,0.41739563514701394,1.0,569.0,570.0,569.0,570.0,1.0,True,,sub-004,,,,,,,,,,,,,,,,
CA,search_CA,7.0,600.346,10.227,-0.18493292941537703,1.0,600.0,601.0,600.0,601.0,1.0,True,,sub-004,,,,,,,,,,,,,,,,
CA,search_CA,8.0,631.579,11.636,0.5028150020825227,1.0,631.0,632.0,631.0,632.0,1.0,True,,sub-004,,,,,,,,,,,,,,,,
CA,search_CA,9.0,666.111,12.361,0.8566952365296332,1.0,666.0,667.0,666.0,667.0,1.0,True,,sub-004,,,,,,,,,,,,,,,,
CA,search_CA,10.0,787.308,8.113,-1.2167988819963291,1.0,787.0,788.0,787.0,788.0,1.0,True,,sub-004,,,,,,,,,,,,,,,,
CA,search_CA,11.0,883.555,10.374,-0.11318066118954914,1.0,883.0,884.0,883.0,884.0,1.0,True,,sub-004,,,,,,,,,,,,,,,,
CA,search_CA,12.0,1048.85,12.304,0.8288729284420671,1.0,1048.0,1049.0,1048.0,1049.0,1.0,True,,sub-004,,,,,,,,,,,,,,,,
CA,search_CA,13.0,1111.565,10.367,-0.11659743586696936,1.0,1111.0,1112.0,1111.0,1112.0,1.0,True,,sub-004,,,,,,,,,,,,,,,,
CA,search_CA,14.0,1201.029,7.674,-1.4310794653374064,1.0,1201.0,1202.0,1201.0,1202.0,1.0,True,,sub-004,,,,,,,,,,,,,,,,
CA,search_CA,15.0,1261.577,14.135,1.7226035619215951,1.0,1261.0,1262.0,1261.0,1262.0,1.0,True,,sub-004,,,,,,,,,,,,,,,,
JX,search_JX,0.0,30.946,9.108,-1.486563900310853,1.0,30.0,31.0,30.0,31.0,1.0,True,,sub-004,,,,,,,,,,,,,,,,
JX,search_JX,1.0,61.629,11.581,-0.5431739980253709,1.0,61.0,62.0,61.0,62.0,1.0,True,,sub-004,,,,,,,,,,,,,,,,
JX,search_JX,2.0,121.11,11.686,-0.5031190284580535,1.0,121.0,122.0,121.0,122.0,1.0,True,,sub-004,,,,,,,,,,,,,,,,
JX,search_JX,3.0,241.574,10.617,-0.9109167662434072,1.0,241.0,242.0,241.0,242.0,1.0,True,,sub-004,,,,,,,,,,,,,,,,
JX,search_JX,4.0,271.339,11.68,-0.5054078838619003,1.0,271.0,272.0,271.0,272.0,1.0,True,,sub-004,,,,,,,,,,,,,,,,
JX,search_JX,5.0,361.77,15.272,0.8648535512409927,1.0,361.0,362.0,361.0,362.0,1.0,True,,sub-004,,,,,,,,,,,,,,,,
JX,search_JX,6.0,421.552,16.691,1.4061678542507374,1.0,421.0,422.0,421.0,422.0,1.0,True,,sub-004,,,,,,,,,,,,,,,,
JX,search_JX,7.0,479.417,11.146,-0.7091160148042563,1.0,479.0,480.0,479.0,480.0,1.0,True,,sub-004,,,,,,,,,,,,,,,,
JX,search_JX,8.0,538.915,11.23,-0.6770720391504027,1.0,538.0,539.0,538.0,539.0,1.0,True,,sub-004,,,,,,,,,,,,,,,,
JX,search_JX,9.0,695.344,18.949,2.267540437898381,1.0,695.0,696.0,695.0,696.0,1.0,True,,sub-004,,,,,,,,,,,,,,,,
JX,search_JX,10.0,824.773,13.961,0.3647386455004881,1.0,824.0,825.0,824.0,825.0,1.0,True,,sub-004,,,,,,,,,,,,,,,,
JX,search_JX,11.0,854.089,14.421,0.5402175597954016,1.0,854.0,855.0,854.0,855.0,1.0,True,,sub-004,,,,,,,,,,,,,,,,
JX,search_JX,12.0,918.154,11.294,-0.6526575815093711,1.0,918.0,919.0,918.0,919.0,1.0,True,,sub-004,,,,,,,,,,,,,,,,
JX,search_JX,13.0,956.419,15.32,0.8831643944717663,1.0,956.0,957.0,956.0,957.0,1.0,True,,sub-004,,,,,,,,,,,,,,,,
JX,search_JX,14.0,1018.967,14.935,0.7362961727249363,1.0,1018.0,1019.0,1018.0,1019.0,1.0,True,,sub-004,,,,,,,,,,,,,,,,
JX,search_JX,15.0,1231.828,10.187,-1.0749514035190881,1.0,1231.0,1232.0,1231.0,1232.0,1.0,True,,sub-004,,,,,,,,,,,,,,,,
OI,search_OI,0.0,0.931,11.769,0.3441654545113972,1.0,0.0,1.0,0.0,1.0,1.0,True,,sub-004,,,,,,,,,,,,,,,,
OI,search_OI,1.0,301.422,9.544,-0.48360250169642865,1.0,301.0,302.0,301.0,302.0,1.0,True,,sub-004,,,,,,,,,,,,,,,,
OI,search_OI,2.0,330.421,9.664,-0.4389588366425237,1.0,330.0,331.0,330.0,331.0,1.0,True,,sub-004,,,,,,,,,,,,,,,,
OI,search_OI,3.0,510.049,7.495,-1.2458930824918606,1.0,510.0,511.0,510.0,511.0,1.0,True,,sub-004,,,,,,,,,,,,,,,,
OI,search_OI,4.0,727.259,15.627,1.7794592859944502,1.0,727.0,728.0,727.0,728.0,1.0,True,,sub-004,,,,,,,,,,,,,,,,
OI,search_OI,5.0,756.908,13.99,1.1704452885507597,1.0,756.0,757.0,756.0,757.0,1.0,True,,sub-004,,,,,,,,,,,,,,,,
OI,search_OI,6.0,986.768,6.797,-1.5055704008887427,1.0,986.0,987.0,986.0,987.0,1.0,True,,sub-004,,,,,,,,,,,,,,,,
OI,search_OI,7.0,1081.599,10.788,-0.020796507304277952,1.0,1081.0,1082.0,1081.0,1082.0,1.0,True,,sub-004,,,,,,,,,,,,,,,,
OI,search_OI,8.0,1141.114,13.301,0.9141162450329205,1.0,1141.0,1142.0,1141.0,1142.0,1.0,True,,sub-004,,,,,,,,,,,,,,,,
OI,search_OI,9.0,1170.463,9.464,-0.5133649450656989,1.0,1170.0,1171.0,1170.0,1171.0,1.0,True,,sub-004,,,,,,,,,,,,,,,,
,,,,,,,,,,,,,,sub-004,PCC,0.8857360361018238,0.0020684543735887107,17.606192539275742,16.0,16.0,10.0,16.0,16.0,10.0,10.605875,2.1159044992626677,13.004875,2.707367771471028,10.843900000000001,2.8333495077969704
CA,search_CA,0.0,123.796,5.559,-0.5253788025155464,1.0,123.0,124.0,123.0,124.0,1.0,True,,sub-006,,,,,,,,,,,,,,,,
CA,search_CA,1.0,243.76,3.778,-1.3553596405509725,1.0,243.0,244.0,243.0,244.0,1.0,True,,sub-006,,,,,,,,,,,,,,,,
CA,search_CA,2.0,337.157,6.437,-0.11621362800959241,1.0,337.0,338.0,337.0,338.0,1.0,True,,sub-006,,,,,,,,,,,,,,,,
CA,search_CA,3.0,367.623,7.241,0.2584660989867478,1.0,367.0,368.0,367.0,368.0,1.0,True,,sub-006,,,,,,,,,,,,,,,,
CA,search_CA,4.0,397.705,4.137,-1.1880586181732533,1.0,397.0,398.0,397.0,398.0,1.0,True,,sub-006,,,,,,,,,,,,,,,,
CA,search_CA,5.0,486.686,7.176,0.22817482752560111,1.0,486.0,487.0,486.0,487.0,1.0,True,,sub-006,,,,,,,,,,,,,,,,
CA,search_CA,6.0,515.485,8.277,0.7412623641213356,1.0,515.0,516.0,515.0,516.0,1.0,True,,sub-006,,,,,,,,,,,,,,,,
CA,search_CA,7.0,547.917,4.594,-0.9750876788233431,1.0,547.0,548.0,547.0,548.0,1.0,True,,sub-006,,,,,,,,,,,,,,,,
CA,search_CA,8.0,643.848,6.834,0.06879613768387394,1.0,643.0,644.0,643.0,644.0,1.0,True,,sub-006,,,,,,,,,,,,,,,,
CA,search_CA,9.0,673.714,7.039,0.164330147676722,1.0,673.0,674.0,673.0,674.0,1.0,True,,sub-006,,,,,,,,,,,,,,,,
CA,search_CA,10.0,799.46,7.749,0.49520403594463464,1.0,799.0,800.0,799.0,800.0,1.0,True,,sub-006,,,,,,,,,,,,,,,,
CA,search_CA,11.0,830.743,6.907,0.10281556563254683,1.0,830.0,831.0,830.0,831.0,1.0,True,,sub-006,,,,,,,,,,,,,,,,
CA,search_CA,12.0,860.625,10.232,1.6523306057604472,1.0,860.0,861.0,860.0,861.0,1.0,True,,sub-006,,,,,,,,,,,,,,,,
CA,search_CA,13.0,1041.82,5.278,-0.6563302991398896,1.0,1041.0,1042.0,1041.0,1042.0,1.0,True,,sub-006,,,,,,,,,,,,,,,,
CA,search_CA,14.0,1072.136,3.92,-1.2891848628973899,1.0,1072.0,1073.0,1072.0,1073.0,1.0,True,,sub-006,,,,,,,,,,,,,,,,
CA,search_CA,15.0,1198.365,11.824,2.394233746778077,1.0,1198.0,1199.0,1198.0,1199.0,1.0,True,,sub-006,,,,,,,,,,,,,,,,
JX,search_JX,0.0,0.3,5.493,-0.5996280182489195,1.0,0.0,1.0,0.0,1.0,1.0,True,,sub-006,,,,,,,,,,,,,,,,
JX,search_JX,1.0,64.898,3.793,-1.420664116732212,1.0,64.0,65.0,64.0,65.0,1.0,True,,sub-006,,,,,,,,,,,,,,,,
JX,search_JX,2.0,214.527,3.832,-1.4018285827081838,1.0,214.0,215.0,214.0,215.0,1.0,True,,sub-006,,,,,,,,,,,,,,,,
JX,search_JX,3.0,427.254,4.1,-1.2723946565943471,1.0,427.0,428.0,427.0,428.0,1.0,True,,sub-006,,,,,,,,,,,,,,,,
JX,search_JX,4.0,456.337,6.938,0.09825266546187873,1.0,456.0,457.0,456.0,457.0,1.0,True,,sub-006,,,,,,,,,,,,,,,,
JX,search_JX,5.0,579.383,7.774,0.5020092409513097,1.0,579.0,580.0,579.0,580.0,1.0,True,,sub-006,,,,,,,,,,,,,,,,
JX,search_JX,6.0,611.599,6.107,-0.3030890979731893,1.0,611.0,612.0,611.0,612.0,1.0,True,,sub-006,,,,,,,,,,,,,,,,
JX,search_JX,7.0,703.696,7.181,0.21561253130390245,1.0,703.0,704.0,703.0,704.0,1.0,True,,sub-006,,,,,,,,,,,,,,,,
JX,search_JX,8.0,732.229,5.358,-0.6648279437167107,1.0,732.0,733.0,732.0,733.0,1.0,True,,sub-006,,,,,,,,,,,,,,,,
JX,search_JX,9.0,763.778,10.99,2.0552163543173503,1.0,763.0,764.0,763.0,764.0,1.0,True,,sub-006,,,,,,,,,,,,,,,,
JX,search_JX,10.0,920.157,6.774,0.01904683007878478,1.0,920.0,921.0,920.0,921.0,1.0,True,,sub-006,,,,,,,,,,,,,,,,
JX,search_JX,11.0,950.506,8.372,0.7908207626530795,1.0,950.0,951.0,950.0,951.0,1.0,True,,sub-006,,,,,,,,,,,,,,,,
JX,search_JX,12.0,980.305,5.065,-0.8063359301023602,1.0,980.0,981.0,980.0,981.0,1.0,True,,sub-006,,,,,,,,,,,,,,,,
JX,search_JX,13.0,1010.637,10.436,1.7876551786939712,1.0,1010.0,1011.0,1010.0,1011.0,1.0,True,,sub-006,,,,,,,,,,,,,,,,
JX,search_JX,14.0,1138.567,7.796,0.5126344139905054,1.0,1138.0,1139.0,1138.0,1139.0,1.0,True,,sub-006,,,,,,,,,,,,,,,,
JX,search_JX,15.0,1169.349,7.744,0.48752036862513387,1.0,1169.0,1170.0,1169.0,1170.0,1.0,True,,sub-006,,,,,,,,,,,,,,,,
OI,search_OI,0.0,30.766,4.691,-0.526489682752221,1.0,30.0,31.0,30.0,31.0,1.0,True,,sub-006,,,,,,,,,,,,,,,,
OI,search_OI,1.0,94.164,4.772,-0.4904043347213104,1.0,94.0,95.0,94.0,95.0,1.0,True,,sub-006,,,,,,,,,,,,,,,,
OI,search_OI,2.0,153.295,5.132,-0.3300250101394867,1.0,153.0,154.0,153.0,154.0,1.0,True,,sub-006,,,,,,,,,,,,,,,,
OI,search_OI,3.0,185.245,3.452,-1.0784618581879983,1.0,185.0,186.0,185.0,186.0,1.0,True,,sub-006,,,,,,,,,,,,,,,,
OI,search_OI,4.0,278.142,5.146,-0.323788036405749,1.0,278.0,279.0,278.0,279.0,1.0,True,,sub-006,,,,,,,,,,,,,,,,
OI,search_OI,5.0,307.358,4.723,-0.5122337427893922,1.0,307.0,308.0,307.0,308.0,1.0,True,,sub-006,,,,,,,,,,,,,,,,
OI,search_OI,6.0,889.774,5.574,-0.13311483940291385,1.0,889.0,890.0,889.0,890.0,1.0,True,,sub-006,,,,,,,,,,,,,,,,
OI,search_OI,7.0,1103.101,4.929,-0.4204611292786816,1.0,1103.0,1104.0,1103.0,1104.0,1.0,True,,sub-006,,,,,,,,,,,,,,,,
OI,search_OI,8.0,1228.931,11.122,2.3385087516525287,1.0,1228.0,1229.0,1228.0,1229.0,1.0,True,,sub-006,,,,,,,,,,,,,,,,
OI,search_OI,9.0,1259.214,9.187,1.4764698820252247,1.0,1259.0,1260.0,1259.0,1260.0,1.0,True,,sub-006,,,,,,,,,,,,,,,,
,,,,,,,,,,,,,,sub-006,PCC,0.9435033325665111,0.0026371297401046787,17.934455163379443,16.0,16.0,10.0,16.0,16.0,10.0,6.686375,2.216206454732952,6.734562500000001,2.1384595068646965,5.8728,2.3660987487611096
CA,search_CA,0.0,0.885,2.248,-1.2387354660765488,1.0,0.0,1.0,0.0,1.0,1.0,True,,sub-007,,,,,,,,,,,,,,,,
CA,search_CA,1.0,32.801,3.707,-0.31339016303363804,1.0,32.0,33.0,32.0,33.0,1.0,True,,sub-007,,,,,,,,,,,,,,,,
CA,search_CA,2.0,61.65,3.14,-0.6730000237775244,1.0,61.0,62.0,61.0,62.0,1.0,True,,sub-007,,,,,,,,,,,,,,,,
CA,search_CA,3.0,119.215,5.304,0.6994792331003779,1.0,119.0,120.0,119.0,120.0,1.0,True,,sub-007,,,,,,,,,,,,,,,,
CA,search_CA,4.0,177.297,4.7,0.3164027676871371,1.0,177.0,178.0,177.0,178.0,1.0,True,,sub-007,,,,,,,,,,,,,,,,
CA,search_CA,5.0,356.408,3.955,-0.15610048849310199,1.0,356.0,357.0,356.0,357.0,1.0,True,,sub-007,,,,,,,,,,,,,,,,
CA,search_CA,6.0,385.241,4.795,0.37665486075710025,1.0,385.0,386.0,385.0,386.0,1.0,True,,sub-007,,,,,,,,,,,,,,,,
CA,search_CA,7.0,502.971,4.237,0.022753093040894543,1.0,502.0,503.0,502.0,503.0,1.0,True,,sub-007,,,,,,,,,,,,,,,,
CA,search_CA,8.0,531.62,8.12,2.485478118205817,1.0,531.0,532.0,531.0,532.0,1.0,True,,sub-007,,,,,,,,,,,,,,,,
CA,search_CA,9.0,590.101,5.074,0.5536057446152032,1.0,590.0,591.0,590.0,591.0,1.0,True,,sub-007,,,,,,,,,,,,,,,,
CA,search_CA,10.0,649.933,1.994,-1.399830535968872,1.0,649.0,650.0,649.0,650.0,1.0,True,,sub-007,,,,,,,,,,,,,,,,
CA,search_CA,11.0,711.031,2.054,-1.3617765824510004,1.0,711.0,712.0,711.0,712.0,1.0,True,,sub-007,,,,,,,,,,,,,,,,
CA,search_CA,12.0,862.76,2.318,-1.1943391869723654,1.0,862.0,863.0,862.0,863.0,1.0,True,,sub-007,,,,,,,,,,,,,,,,
CA,search_CA,13.0,1124.653,5.761,0.9893235123948331,1.0,1124.0,1125.0,1124.0,1125.0,1.0,True,,sub-007,,,,,,,,,,,,,,,,
CA,search_CA,14.0,1239.966,5.169,0.6138578376851663,1.0,1239.0,1240.0,1239.0,1240.0,1.0,True,,sub-007,,,,,,,,,,,,,,,,
CA,search_CA,15.0,1271.065,4.642,0.27961727928652796,1.0,1271.0,1272.0,1271.0,1272.0,1.0,True,,sub-007,,,,,,,,,,,,,,,,
JX,search_JX,0.0,90.666,5.878,0.06253012949930205,1.0,90.0,91.0,90.0,91.0,1.0,True,,sub-007,,,,,,,,,,,,,,,,
JX,search_JX,1.0,148.598,4.791,-0.4856170540953835,1.0,148.0,149.0,148.0,149.0,1.0,True,,sub-007,,,,,,,,,,,,,,,,
JX,search_JX,2.0,206.913,4.916,-0.4225826493581841,1.0,206.0,207.0,206.0,207.0,1.0,True,,sub-007,,,,,,,,,,,,,,,,
JX,search_JX,3.0,237.462,4.508,-0.6283269464204031,1.0,237.0,238.0,237.0,238.0,1.0,True,,sub-007,,,,,,,,,,,,,,,,
JX,search_JX,4.0,266.044,6.655,0.4543519893457334,1.0,266.0,267.0,266.0,267.0,1.0,True,,sub-007,,,,,,,,,,,,,,,,
JX,search_JX,5.0,298.977,5.013,-0.37366795128211766,1.0,298.0,299.0,298.0,299.0,1.0,True,,sub-007,,,,,,,,,,,,,,,,
JX,search_JX,6.0,414.09,3.874,-0.9480374472474782,1.0,414.0,415.0,414.0,415.0,1.0,True,,sub-007,,,,,,,,,,,,,,,,
JX,search_JX,7.0,442.822,7.695,0.978798236759232,1.0,442.0,443.0,442.0,443.0,1.0,True,,sub-007,,,,,,,,,,,,,,,,
JX,search_JX,8.0,560.786,4.6,-0.5819336245338245,1.0,560.0,561.0,560.0,561.0,1.0,True,,sub-007,,,,,,,,,,,,,,,,
JX,search_JX,9.0,742.214,4.94,-0.4104800436486418,1.0,742.0,743.0,742.0,743.0,1.0,True,,sub-007,,,,,,,,,,,,,,,,
JX,search_JX,10.0,774.863,4.42,-0.6727031673553915,1.0,774.0,775.0,774.0,775.0,1.0,True,,sub-007,,,,,,,,,,,,,,,,
JX,search_JX,11.0,833.161,8.032,1.1487389919307214,1.0,833.0,834.0,833.0,834.0,1.0,True,,sub-007,,,,,,,,,,,,,,,,
JX,search_JX,12.0,1092.754,4.432,-0.6666518645006201,1.0,1092.0,1093.0,1092.0,1093.0,1.0,True,,sub-007,,,,,,,,,,,,,,,,
JX,search_JX,13.0,1153.335,9.037,1.6555356060178048,1.0,1153.0,1154.0,1153.0,1154.0,1.0,True,,sub-007,,,,,,,,,,,,,,,,
JX,search_JX,14.0,1182.218,2.894,-1.4422271803871212,1.0,1182.0,1183.0,1182.0,1183.0,1.0,True,,sub-007,,,,,,,,,,,,,,,,
JX,search_JX,15.0,1210.684,10.379,2.3322729752763767,1.0,1210.0,1211.0,1210.0,1211.0,1.0,True,,sub-007,,,,,,,,,,,,,,,,
OI,search_OI,0.0,327.809,2.981,-1.3786799269534054,1.0,327.0,328.0,327.0,328.0,1.0,True,,sub-007,,,,,,,,,,,,,,,,
OI,search_OI,1.0,471.572,4.258,-0.6186323243288592,1.0,471.0,472.0,471.0,472.0,1.0,True,,sub-007,,,,,,,,,,,,,,,,
OI,search_OI,2.0,620.984,7.24,1.1562008401397368,1.0,620.0,621.0,620.0,621.0,1.0,True,,sub-007,,,,,,,,,,,,,,,,
OI,search_OI,3.0,681.199,7.088,1.0657331536879504,1.0,681.0,682.0,681.0,682.0,1.0,True,,sub-007,,,,,,,,,,,,,,,,
OI,search_OI,4.0,804.345,7.778,1.4764088356072431,1.0,804.0,805.0,804.0,805.0,1.0,True,,sub-007,,,,,,,,,,,,,,,,
OI,search_OI,5.0,895.826,6.342,0.6217272714969467,1.0,895.0,896.0,895.0,896.0,1.0,True,,sub-007,,,,,,,,,,,,,,,,
OI,search_OI,6.0,1063.171,4.154,-0.6805312676906077,1.0,1063.0,1064.0,1063.0,1064.0,1.0,True,,sub-007,,,,,,,,,,,,,,,,
OI,search_OI,7.0,1299.598,5.951,0.3890110517426808,1.0,1299.0,1300.0,1299.0,1300.0,1.0,True,,sub-007,,,,,,,,,,,,,,,,
OI,search_OI,8.0,1331.847,3.574,-1.0257369133618972,1.0,1331.0,1332.0,1331.0,1332.0,1.0,True,,sub-007,,,,,,,,,,,,,,,,
OI,search_OI,9.0,1361.229,3.608,-1.005500720339787,1.0,1361.0,1362.0,1361.0,1362.0,1.0,True,,sub-007,,,,,,,,,,,,,,,,
,,,,,,,,,,,,,,sub-007,PCC,0.9354693079037959,0.0005507567464421741,13.943783105478166,16.0,16.0,10.0,16.0,16.0,10.0,4.201124999999999,1.6284177545498983,5.754,2.0480790674841307,5.2974,1.7710419532015609
CA,search_CA,0.0,0.697,3.168,0.28737044434347997,1.0,0.0,1.0,0.0,1.0,1.0,True,,sub-008,,,,,,,,,,,,,,,,
CA,search_CA,1.0,185.892,2.963,-0.10684748014276652,1.0,185.0,186.0,185.0,186.0,1.0,True,,sub-008,,,,,,,,,,,,,,,,
CA,search_CA,2.0,215.625,3.097,0.15083643147263334,1.0,215.0,216.0,215.0,216.0,1.0,True,,sub-008,,,,,,,,,,,,,,,,
CA,search_CA,3.0,364.804,2.992,-0.05108006643495622,1.0,364.0,365.0,364.0,365.0,1.0,True,,sub-008,,,,,,,,,,,,,,,,
CA,search_CA,4.0,484.018,2.413,-1.1645053263253793,1.0,484.0,485.0,484.0,485.0,1.0,True,,sub-008,,,,,,,,,,,,,,,,
CA,search_CA,5.0,627.83,4.155,2.1853855246748224,1.0,627.0,628.0,627.0,628.0,1.0,True,,sub-008,,,,,,,,,,,,,,,,
CA,search_CA,6.0,656.296,2.976,-0.08184829468754132,1.0,656.0,657.0,656.0,657.0,1.0,True,,sub-008,,,,,,,,,,,,,,,,
CA,search_CA,7.0,684.779,2.167,-1.6375668357088748,1.0,684.0,685.0,684.0,685.0,1.0,True,,sub-008,,,,,,,,,,,,,,,,
CA,search_CA,8.0,714.395,3.187,0.32390771539342417,1.0,714.0,715.0,714.0,715.0,1.0,True,,sub-008,,,,,,,,,,,,,,,,
CA,search_CA,9.0,772.343,2.441,-1.1106609268833554,1.0,772.0,773.0,772.0,773.0,1.0,True,,sub-008,,,,,,,,,,,,,,,,
CA,search_CA,10.0,830.691,3.176,0.30275455846977256,1.0,830.0,831.0,830.0,831.0,1.0,True,,sub-008,,,,,,,,,,,,,,,,
CA,search_CA,11.0,860.724,3.573,1.0661912219870395,1.0,860.0,861.0,860.0,861.0,1.0,True,,sub-008,,,,,,,,,,,,,,,,
CA,search_CA,12.0,951.971,2.337,-1.3106544105251576,1.0,951.0,952.0,951.0,952.0,1.0,True,,sub-008,,,,,,,,,,,,,,,,
CA,search_CA,13.0,981.487,3.849,1.5969431593441326,1.0,981.0,982.0,981.0,982.0,1.0,True,,sub-008,,,,,,,,,,,,,,,,
CA,search_CA,14.0,1010.036,2.772,-0.4741432049080015,1.0,1010.0,1011.0,1010.0,1011.0,1.0,True,,sub-008,,,,,,,,,,,,,,,,
CA,search_CA,15.0,1125.0,3.031,0.023917489930720202,1.0,1125.0,1126.0,1125.0,1126.0,1.0,True,,sub-008,,,,,,,,,,,,,,,,
JX,search_JX,0.0,30.58,3.627,-0.18235377457185953,1.0,30.0,31.0,30.0,31.0,1.0,True,,sub-008,,,,,,,,,,,,,,,,
JX,search_JX,1.0,121.177,4.429,0.6468324888250578,1.0,121.0,122.0,121.0,122.0,1.0,True,,sub-008,,,,,,,,,,,,,,,,
JX,search_JX,2.0,245.424,5.393,1.6435102418358152,1.0,245.0,246.0,245.0,246.0,1.0,True,,sub-008,,,,,,,,,,,,,,,,
JX,search_JX,3.0,275.473,4.59,0.8132900803548624,1.0,275.0,276.0,275.0,276.0,1.0,True,,sub-008,,,,,,,,,,,,,,,,
JX,search_JX,4.0,335.272,3.558,-0.25369274237034733,1.0,335.0,336.0,335.0,336.0,1.0,True,,sub-008,,,,,,,,,,,,,,,,
JX,search_JX,5.0,394.503,3.439,-0.37672661437063776,1.0,394.0,395.0,394.0,395.0,1.0,True,,sub-008,,,,,,,,,,,,,,,,
JX,search_JX,6.0,424.119,2.425,-1.4250992715831987,1.0,424.0,425.0,424.0,425.0,1.0,True,,sub-008,,,,,,,,,,,,,,,,
JX,search_JX,7.0,455.318,5.4,1.6507475284240682,1.0,455.0,456.0,455.0,456.0,1.0,True,,sub-008,,,,,,,,,,,,,,,,
JX,search_JX,8.0,512.7,4.643,0.8680866788087733,1.0,512.0,513.0,512.0,513.0,1.0,True,,sub-008,,,,,,,,,,,,,,,,
JX,search_JX,9.0,542.049,3.246,-0.5762689445895967,1.0,542.0,543.0,542.0,543.0,1.0,True,,sub-008,,,,,,,,,,,,,,,,
JX,search_JX,10.0,598.848,3.312,-0.5080316710432171,1.0,598.0,599.0,598.0,599.0,1.0,True,,sub-008,,,,,,,,,,,,,,,,
JX,search_JX,11.0,743.527,2.745,-1.0942518846916605,1.0,743.0,744.0,743.0,744.0,1.0,True,,sub-008,,,,,,,,,,,,,,,,
JX,search_JX,12.0,801.359,4.954,1.1896289829439866,1.0,801.0,802.0,801.0,802.0,1.0,True,,sub-008,,,,,,,,,,,,,,,,
JX,search_JX,13.0,1038.519,2.177,-1.6815059964241403,1.0,1038.0,1039.0,1038.0,1039.0,1.0,True,,sub-008,,,,,,,,,,,,,,,,
JX,search_JX,14.0,1096.551,3.752,-0.05311651406735255,1.0,1096.0,1097.0,1096.0,1097.0,1.0,True,,sub-008,,,,,,,,,,,,,,,,
JX,search_JX,15.0,1215.131,3.164,-0.6610485874805531,1.0,1215.0,1216.0,1215.0,1216.0,1.0,True,,sub-008,,,,,,,,,,,,,,,,
OI,search_OI,0.0,59.846,3.331,-0.48480827962396045,1.0,59.0,60.0,59.0,60.0,1.0,True,,sub-008,,,,,,,,,,,,,,,,
OI,search_OI,1.0,90.145,3.037,-0.6531484641160409,1.0,90.0,91.0,90.0,91.0,1.0,True,,sub-008,,,,,,,,,,,,,,,,
OI,search_OI,2.0,155.626,4.272,0.05399482788300428,1.0,155.0,156.0,155.0,156.0,1.0,True,,sub-008,,,,,,,,,,,,,,,,
OI,search_OI,3.0,305.239,3.692,-0.2781048558088549,1.0,305.0,306.0,305.0,306.0,1.0,True,,sub-008,,,,,,,,,,,,,,,,
OI,search_OI,4.0,570.398,7.445,1.870809131942089,1.0,570.0,571.0,570.0,571.0,1.0,True,,sub-008,,,,,,,,,,,,,,,,
OI,search_OI,5.0,891.873,7.509,1.9074546142805011,1.0,891.0,892.0,891.0,892.0,1.0,True,,sub-008,,,,,,,,,,,,,,,,
OI,search_OI,6.0,920.339,2.723,-0.832940361838875,1.0,920.0,921.0,920.0,921.0,1.0,True,,sub-008,,,,,,,,,,,,,,,,
OI,search_OI,7.0,1066.902,3.05,-0.645704850516051,1.0,1066.0,1067.0,1066.0,1067.0,1.0,True,,sub-008,,,,,,,,,,,,,,,,
OI,search_OI,8.0,1155.116,2.427,-1.0024257176540305,1.0,1155.0,1156.0,1155.0,1156.0,1.0,True,,sub-008,,,,,,,,,,,,,,,,
OI,search_OI,9.0,1185.715,4.291,0.06487395545222042,1.0,1185.0,1186.0,1185.0,1186.0,1.0,True,,sub-008,,,,,,,,,,,,,,,,
,,,,,,,,,,,,,,sub-008,PCC,0.8667134722802688,0.0012196381490345155,12.069980992538445,16.0,16.0,10.0,16.0,16.0,10.0,3.0185625000000003,0.5370711894153327,3.803375,0.9989336230868061,4.1777,1.8409342465172407
CA,search_CA,0.0,58.614,4.733,-1.0371008049739938,1.0,58.0,59.0,58.0,59.0,1.0,True,,sub-009,,,,,,,,,,,,,,,,
CA,search_CA,1.0,87.913,5.781,-0.5385741215521571,1.0,87.0,88.0,87.0,88.0,1.0,True,,sub-009,,,,,,,,,,,,,,,,
CA,search_CA,2.0,148.712,6.533,-0.1808526845929762,1.0,148.0,149.0,148.0,149.0,1.0,True,,sub-009,,,,,,,,,,,,,,,,
CA,search_CA,3.0,211.093,4.747,-1.0304410973710303,1.0,211.0,212.0,211.0,212.0,1.0,True,,sub-009,,,,,,,,,,,,,,,,
CA,search_CA,4.0,272.125,6.491,-0.20083180740186696,1.0,272.0,273.0,272.0,273.0,1.0,True,,sub-009,,,,,,,,,,,,,,,,
CA,search_CA,5.0,428.653,5.847,-0.5071783571381862,1.0,428.0,429.0,428.0,429.0,1.0,True,,sub-009,,,,,,,,,,,,,,,,
CA,search_CA,6.0,690.829,7.84,0.44087858948368447,1.0,690.0,691.0,690.0,691.0,1.0,True,,sub-009,,,,,,,,,,,,,,,,
CA,search_CA,7.0,748.444,7.877,0.45847924529151646,1.0,748.0,749.0,748.0,749.0,1.0,True,,sub-009,,,,,,,,,,,,,,,,
CA,search_CA,8.0,779.777,8.451,0.731527257013019,1.0,779.0,780.0,779.0,780.0,1.0,True,,sub-009,,,,,,,,,,,,,,,,
CA,search_CA,9.0,809.426,5.086,-0.8691810346992719,1.0,809.0,810.0,809.0,810.0,1.0,True,,sub-009,,,,,,,,,,,,,,,,
CA,search_CA,10.0,902.856,10.603,1.7552194542685462,1.0,902.0,903.0,902.0,903.0,1.0,True,,sub-009,,,,,,,,,,,,,,,,
CA,search_CA,11.0,932.439,5.711,-0.5718726595669742,1.0,932.0,933.0,932.0,933.0,1.0,True,,sub-009,,,,,,,,,,,,,,,,
CA,search_CA,12.0,1079.801,4.416,-1.187895612841095,1.0,1079.0,1080.0,1079.0,1080.0,1.0,True,,sub-009,,,,,,,,,,,,,,,,
CA,search_CA,13.0,1258.696,12.36,2.591012758440461,1.0,1258.0,1259.0,1258.0,1259.0,1.0,True,,sub-009,,,,,,,,,,,,,,,,
CA,search_CA,14.0,1316.878,6.973,0.02845241150016112,1.0,1316.0,1317.0,1316.0,1317.0,1.0,True,,sub-009,,,,,,,,,,,,,,,,
CA,search_CA,15.0,1345.694,7.162,0.11835846414016797,1.0,1345.0,1346.0,1345.0,1346.0,1.0,True,,sub-009,,,,,,,,,,,,,,,,
JX,search_JX,0.0,0.999,9.518,1.1716348626837654,1.0,0.0,1.0,0.0,1.0,1.0,True,,sub-009,,,,,,,,,,,,,,,,
JX,search_JX,1.0,29.698,7.329,-0.07887322196782279,1.0,29.0,30.0,29.0,30.0,1.0,True,,sub-009,,,,,,,,,,,,,,,,
JX,search_JX,2.0,120.029,5.333,-1.2191263681371094,1.0,120.0,121.0,120.0,121.0,1.0,True,,sub-009,,,,,,,,,,,,,,,,
JX,search_JX,3.0,303.407,7.335,-0.07544560729997911,1.0,303.0,304.0,303.0,304.0,1.0,True,,sub-009,,,,,,,,,,,,,,,,
JX,search_JX,4.0,400.204,4.525,-1.6807118100733738,1.0,400.0,401.0,400.0,401.0,1.0,True,,sub-009,,,,,,,,,,,,,,,,
JX,search_JX,5.0,457.819,5.794,-0.9557713078244638,1.0,457.0,458.0,457.0,458.0,1.0,True,,sub-009,,,,,,,,,,,,,,,,
JX,search_JX,6.0,543.384,9.157,0.9654067135018449,1.0,543.0,544.0,543.0,544.0,1.0,True,,sub-009,,,,,,,,,,,,,,,,
JX,search_JX,7.0,571.966,10.354,1.6492158397366323,1.0,571.0,572.0,571.0,572.0,1.0,True,,sub-009,,,,,,,,,,,,,,,,
JX,search_JX,8.0,661.43,10.129,1.5206802896924994,1.0,661.0,662.0,661.0,662.0,1.0,True,,sub-009,,,,,,,,,,,,,,,,
JX,search_JX,9.0,961.155,8.595,0.6443534729471664,1.0,961.0,962.0,961.0,962.0,1.0,True,,sub-009,,,,,,,,,,,,,,,,
JX,search_JX,10.0,992.204,7.583,0.06622913230422099,1.0,992.0,993.0,992.0,993.0,1.0,True,,sub-009,,,,,,,,,,,,,,,,
JX,search_JX,11.0,1021.02,7.976,0.29073789304797326,1.0,1021.0,1022.0,1021.0,1022.0,1.0,True,,sub-009,,,,,,,,,,,,,,,,
JX,search_JX,12.0,1110.417,6.659,-0.4616235265436856,1.0,1110.0,1111.0,1110.0,1111.0,1.0,True,,sub-009,,,,,,,,,,,,,,,,
JX,search_JX,13.0,1139.35,5.674,-1.0243236011813344,1.0,1139.0,1140.0,1139.0,1140.0,1.0,True,,sub-009,,,,,,,,,,,,,,,,
JX,search_JX,14.0,1287.395,6.045,-0.8123827608863419,1.0,1287.0,1288.0,1287.0,1288.0,1.0,True,,sub-009,,,,,,,,,,,,,,,,
OI,search_OI,0.0,182.144,5.781,-0.4688898803165823,1.0,182.0,183.0,182.0,183.0,1.0,True,,sub-009,,,,,,,,,,,,,,,,
OI,search_OI,1.0,242.876,3.796,-1.3091412231245767,1.0,242.0,243.0,242.0,243.0,1.0,True,,sub-009,,,,,,,,,,,,,,,,
OI,search_OI,2.0,486.219,6.825,-0.026964237046281685,1.0,486.0,487.0,486.0,487.0,1.0,True,,sub-009,,,,,,,,,,,,,,,,
OI,search_OI,3.0,514.618,9.113,0.941547134412001,1.0,514.0,515.0,514.0,515.0,1.0,True,,sub-009,,,,,,,,,,,,,,,,
OI,search_OI,4.0,600.399,6.619,-0.1141641245114944,1.0,600.0,601.0,600.0,601.0,1.0,True,,sub-009,,,,,,,,,,,,,,,,
OI,search_OI,5.0,631.831,6.89,0.0005502905519647788,1.0,631.0,632.0,631.0,632.0,1.0,True,,sub-009,,,,,,,,,,,,,,,,
OI,search_OI,6.0,719.428,6.176,-0.30168621260416,1.0,719.0,720.0,719.0,720.0,1.0,True,,sub-009,,,,,,,,,,,,,,,,
OI,search_OI,7.0,874.357,3.216,-1.5546554693858547,1.0,874.0,875.0,874.0,875.0,1.0,True,,sub-009,,,,,,,,,,,,,,,,
OI,search_OI,8.0,1050.769,8.895,0.8492676418517275,1.0,1050.0,1051.0,1050.0,1051.0,1.0,True,,sub-009,,,,,,,,,,,,,,,,
OI,search_OI,9.0,1167.982,11.576,1.9841360801732562,1.0,1167.0,1168.0,1167.0,1168.0,1.0,True,,sub-009,,,,,,,,,,,,,,,,
,,,,,,,,,,,,,,sub-009,PCC,0.9611452315133493,0.0025824340334460903,29.72434253561368,16.0,15.0,10.0,16.0,15.0,10.0,6.913187499999999,2.1711370360174564,7.467066666666668,1.8119277211485745,6.8887,2.490175988872183
CA,search_CA,0.0,0.521,22.953,2.1915320066570034,1.0,0.0,1.0,0.0,1.0,1.0,True,,sub-010,,,,,,,,,,,,,,,,
CA,search_CA,1.0,30.07,21.326,1.9205275499379644,1.0,30.0,31.0,30.0,31.0,1.0,True,,sub-010,,,,,,,,,,,,,,,,
CA,search_CA,2.0,88.652,4.373,-0.9032822563053505,1.0,88.0,89.0,88.0,89.0,1.0,True,,sub-010,,,,,,,,,,,,,,,,
CA,search_CA,3.0,176.232,8.113,-0.28032179648408023,1.0,176.0,177.0,176.0,177.0,1.0,True,,sub-010,,,,,,,,,,,,,,,,
CA,search_CA,4.0,205.648,8.95,-0.14090524437969437,1.0,205.0,206.0,205.0,206.0,1.0,True,,sub-010,,,,,,,,,,,,,,,,
CA,search_CA,5.0,263.53,18.487,1.447643928164545,1.0,263.0,264.0,263.0,264.0,1.0,True,,sub-010,,,,,,,,,,,,,,,,
CA,search_CA,6.0,292.412,3.111,-1.1134897697530626,1.0,292.0,293.0,292.0,293.0,1.0,True,,sub-010,,,,,,,,,,,,,,,,
CA,search_CA,7.0,495.356,13.992,0.6989254076039544,1.0,495.0,496.0,495.0,496.0,1.0,True,,sub-010,,,,,,,,,,,,,,,,
CA,search_CA,8.0,524.339,5.621,-0.6954066804077715,1.0,524.0,525.0,524.0,525.0,1.0,True,,sub-010,,,,,,,,,,,,,,,,
CA,search_CA,9.0,582.471,7.135,-0.44322429105766376,1.0,582.0,583.0,582.0,583.0,1.0,True,,sub-010,,,,,,,,,,,,,,,,
CA,search_CA,10.0,669.935,9.098,-0.11625333313542995,1.0,669.0,670.0,669.0,670.0,1.0,True,,sub-010,,,,,,,,,,,,,,,,
CA,search_CA,11.0,699.084,4.5,-0.882128251386286,1.0,699.0,700.0,699.0,700.0,1.0,True,,sub-010,,,,,,,,,,,,,,,,
CA,search_CA,12.0,728.0,5.173,-0.7700286820120307,1.0,728.0,729.0,728.0,729.0,1.0,True,,sub-010,,,,,,,,,,,,,,,,
CA,search_CA,13.0,990.959,9.44,-0.0592874301250359,1.0,990.0,991.0,990.0,991.0,1.0,True,,sub-010,,,,,,,,,,,,,,,,
CA,search_CA,14.0,1109.255,9.697,-0.01647971938330695,1.0,1109.0,1110.0,1109.0,1110.0,1.0,True,,sub-010,,,,,,,,,,,,,,,,
CA,search_CA,15.0,1166.604,4.766,-0.8378214379337572,1.0,1166.0,1167.0,1166.0,1167.0,1.0,True,,sub-010,,,,,,,,,,,,,,,,
JX,search_JX,0.0,59.069,9.549,0.07550280217465512,1.0,59.0,60.0,59.0,60.0,1.0,True,,sub-010,,,,,,,,,,,,,,,,
JX,search_JX,1.0,234.514,11.645,0.6733922882972627,1.0,234.0,235.0,234.0,235.0,1.0,True,,sub-010,,,,,,,,,,,,,,,,
JX,search_JX,2.0,321.161,6.691,-0.7397491784257324,1.0,321.0,322.0,321.0,322.0,1.0,True,,sub-010,,,,,,,,,,,,,,,,
JX,search_JX,3.0,465.941,6.381,-0.8281774898274538,1.0,465.0,466.0,465.0,466.0,1.0,True,,sub-010,,,,,,,,,,,,,,,,
JX,search_JX,4.0,553.188,4.865,-1.2606204578436147,1.0,553.0,554.0,553.0,554.0,1.0,True,,sub-010,,,,,,,,,,,,,,,,
JX,search_JX,5.0,757.332,7.329,-0.557758008508641,1.0,757.0,758.0,757.0,758.0,1.0,True,,sub-010,,,,,,,,,,,,,,,,
JX,search_JX,6.0,786.831,10.688,0.4004055334216259,1.0,786.0,787.0,786.0,787.0,1.0,True,,sub-010,,,,,,,,,,,,,,,,
JX,search_JX,7.0,815.547,19.358,2.8735457264955797,1.0,815.0,816.0,815.0,816.0,1.0,True,,sub-010,,,,,,,,,,,,,,,,
JX,search_JX,8.0,845.813,10.324,0.29657358067895906,1.0,845.0,846.0,845.0,846.0,1.0,True,,sub-010,,,,,,,,,,,,,,,,
JX,search_JX,9.0,874.829,10.317,0.2945768123569848,1.0,874.0,875.0,874.0,875.0,1.0,True,,sub-010,,,,,,,,,,,,,,,,
JX,search_JX,10.0,903.695,9.097,-0.05343138090140337,1.0,903.0,904.0,903.0,904.0,1.0,True,,sub-010,,,,,,,,,,,,,,,,
JX,search_JX,11.0,961.476,10.425,0.32538409503887505,1.0,961.0,962.0,961.0,962.0,1.0,True,,sub-010,,,,,,,,,,,,,,,,
JX,search_JX,12.0,1019.691,2.658,-1.8901729845003872,1.0,1019.0,1020.0,1019.0,1020.0,1.0,True,,sub-010,,,,,,,,,,,,,,,,
JX,search_JX,13.0,1079.723,10.03,0.21270931115603592,1.0,1079.0,1080.0,1079.0,1080.0,1.0,True,,sub-010,,,,,,,,,,,,,,,,
JX,search_JX,14.0,1137.921,10.264,0.27945842363346446,1.0,1137.0,1138.0,1137.0,1138.0,1.0,True,,sub-010,,,,,,,,,,,,,,,,
JX,search_JX,15.0,1195.836,8.928,-0.10163907324621248,1.0,1195.0,1196.0,1195.0,1196.0,1.0,True,,sub-010,,,,,,,,,,,,,,,,
OI,search_OI,0.0,118.101,9.096,-0.44772354026372757,1.0,118.0,119.0,118.0,119.0,1.0,True,,sub-010,,,,,,,,,,,,,,,,
OI,search_OI,1.0,147.067,11.474,0.3543606685257432,1.0,147.0,148.0,147.0,148.0,1.0,True,,sub-010,,,,,,,,,,,,,,,,
OI,search_OI,2.0,350.211,12.444,0.681535471942811,1.0,350.0,351.0,350.0,351.0,1.0,True,,sub-010,,,,,,,,,,,,,,,,
OI,search_OI,3.0,379.293,5.993,-1.4943456175865735,1.0,379.0,380.0,379.0,380.0,1.0,True,,sub-010,,,,,,,,,,,,,,,,
OI,search_OI,4.0,408.126,11.135,0.24001813413565454,1.0,408.0,409.0,408.0,409.0,1.0,True,,sub-010,,,,,,,,,,,,,,,,
OI,search_OI,5.0,437.091,17.075,2.2435421880504802,1.0,437.0,438.0,437.0,438.0,1.0,True,,sub-010,,,,,,,,,,,,,,,,
OI,search_OI,6.0,611.37,11.961,0.5186226574578174,1.0,611.0,612.0,611.0,612.0,1.0,True,,sub-010,,,,,,,,,,,,,,,,
OI,search_OI,7.0,640.319,8.893,-0.5161941434530725,1.0,640.0,641.0,640.0,641.0,1.0,True,,sub-010,,,,,,,,,,,,,,,,
OI,search_OI,8.0,932.51,7.412,-1.0157259824846985,1.0,932.0,933.0,932.0,933.0,1.0,True,,sub-010,,,,,,,,,,,,,,,,
OI,search_OI,9.0,1049.757,8.751,-0.5640898363244373,1.0,1049.0,1050.0,1049.0,1050.0,1.0,True,,sub-010,,,,,,,,,,,,,,,,
,,,,,,,,,,,,,,sub-010,PCC,0.9642192153150473,0.0016398349372204637,22.102941664953438,16.0,16.0,10.0,16.0,16.0,10.0,9.7959375,6.200482437883362,9.2843125,3.620634819452707,10.4234,3.1251482880372605
CA,search_CA,0.0,0.784,1.115,-0.491089413416249,1.0,0.0,1.0,0.0,1.0,1.0,True,,sub-011,,,,,,,,,,,,,,,,
CA,search_CA,1.0,61.249,1.092,-0.5204653731264537,1.0,61.0,62.0,61.0,62.0,1.0,True,,sub-011,,,,,,,,,,,,,,,,
CA,search_CA,2.0,181.595,0.756,-0.9496098280233579,1.0,181.0,182.0,181.0,182.0,1.0,True,,sub-011,,,,,,,,,,,,,,,,
CA,search_CA,3.0,327.691,0.889,-0.77974014796,1.0,327.0,328.0,327.0,328.0,1.0,True,,sub-011,,,,,,,,,,,,,,,,
CA,search_CA,4.0,386.989,1.178,-0.41062482812307954,1.0,386.0,387.0,386.0,387.0,1.0,True,,sub-011,,,,,,,,,,,,,,,,
CA,search_CA,5.0,415.455,1.289,-0.2688538921303523,1.0,415.0,416.0,415.0,416.0,1.0,True,,sub-011,,,,,,,,,,,,,,,,
CA,search_CA,6.0,561.417,0.771,-0.930451593429746,1.0,561.0,562.0,561.0,562.0,1.0,True,,sub-011,,,,,,,,,,,,,,,,
CA,search_CA,7.0,591.083,1.575,0.09642978078784589,1.0,591.0,592.0,591.0,592.0,1.0,True,,sub-011,,,,,,,,,,,,,,,,
CA,search_CA,8.0,648.581,1.98,0.6137021148153643,1.0,648.0,649.0,648.0,649.0,1.0,True,,sub-011,,,,,,,,,,,,,,,,
CA,search_CA,9.0,707.446,1.721,0.2829032641656675,1.0,707.0,708.0,707.0,708.0,1.0,True,,sub-011,,,,,,,,,,,,,,,,
CA,search_CA,10.0,743.562,2.474,1.2446466407649797,1.0,743.0,744.0,743.0,744.0,1.0,True,,sub-011,,,,,,,,,,,,,,,,
CA,search_CA,11.0,772.344,1.101,-0.5089704323702867,1.0,772.0,773.0,772.0,773.0,1.0,True,,sub-011,,,,,,,,,,,,,,,,
CA,search_CA,12.0,830.343,3.899,3.0646789271580994,1.0,830.0,831.0,830.0,831.0,1.0,True,,sub-011,,,,,,,,,,,,,,,,
CA,search_CA,13.0,947.889,1.134,-0.46682231626434084,1.0,947.0,948.0,947.0,948.0,1.0,True,,sub-011,,,,,,,,,,,,,,,,
CA,search_CA,14.0,1092.002,0.959,-0.6903350531898117,1.0,1092.0,1093.0,1092.0,1093.0,1.0,True,,sub-011,,,,,,,,,,,,,,,,
CA,search_CA,15.0,1121.218,2.059,0.7146021503417199,1.0,1121.0,1122.0,1121.0,1122.0,1.0,True,,sub-011,,,,,,,,,,,,,,,,
JX,search_JX,0.0,91.281,1.012,-0.9561489732213959,1.0,91.0,92.0,91.0,92.0,1.0,True,,sub-011,,,,,,,,,,,,,,,,
JX,search_JX,1.0,120.314,3.642,1.0907959185753247,1.0,120.0,121.0,120.0,121.0,1.0,True,,sub-011,,,,,,,,,,,,,,,,
JX,search_JX,2.0,152.779,1.03,-0.9421394644562472,1.0,152.0,153.0,152.0,153.0,1.0,True,,sub-011,,,,,,,,,,,,,,,,
JX,search_JX,3.0,269.709,1.934,-0.23855080202878132,1.0,269.0,270.0,269.0,270.0,1.0,True,,sub-011,,,,,,,,,,,,,,,,
JX,search_JX,4.0,444.204,0.726,-1.1787445013787579,1.0,444.0,445.0,444.0,445.0,1.0,True,,sub-011,,,,,,,,,,,,,,,,
JX,search_JX,5.0,473.82,2.395,0.12024828356752605,1.0,473.0,474.0,473.0,474.0,1.0,True,,sub-011,,,,,,,,,,,,,,,,
JX,search_JX,6.0,619.832,2.29,0.03852614910415889,1.0,619.0,620.0,619.0,620.0,1.0,True,,sub-011,,,,,,,,,,,,,,,,
JX,search_JX,7.0,678.914,2.221,-0.01517696782891093,1.0,678.0,679.0,678.0,679.0,1.0,True,,sub-011,,,,,,,,,,,,,,,,
JX,search_JX,8.0,801.144,3.062,0.6393784139205345,1.0,801.0,802.0,801.0,802.0,1.0,True,,sub-011,,,,,,,,,,,,,,,,
JX,search_JX,9.0,859.192,1.74,-0.3895421742753835,1.0,859.0,860.0,859.0,860.0,1.0,True,,sub-011,,,,,,,,,,,,,,,,
JX,search_JX,10.0,888.958,2.126,-0.08911604186719567,1.0,888.0,889.0,888.0,889.0,1.0,True,,sub-011,,,,,,,,,,,,,,,,
JX,search_JX,11.0,976.572,3.818,1.2277777820567783,1.0,976.0,977.0,976.0,977.0,1.0,True,,sub-011,,,,,,,,,,,,,,,,
JX,search_JX,12.0,1034.22,2.189,-0.04008276118917523,1.0,1034.0,1035.0,1034.0,1035.0,1.0,True,,sub-011,,,,,,,,,,,,,,,,
JX,search_JX,13.0,1063.053,5.748,2.729908444097718,1.0,1063.0,1064.0,1063.0,1064.0,1.0,True,,sub-011,,,,,,,,,,,,,,,,
JX,search_JX,14.0,1150.467,0.824,-1.1024705092129488,1.0,1150.0,1151.0,1150.0,1151.0,1.0,True,,sub-011,,,,,,,,,,,,,,,,
JX,search_JX,15.0,1208.465,1.091,-0.8946627958632435,1.0,1208.0,1209.0,1208.0,1209.0,1.0,True,,sub-011,,,,,,,,,,,,,,,,
OI,search_OI,0.0,32.616,1.126,-0.649815624096678,1.0,32.0,33.0,32.0,33.0,1.0,True,,sub-011,,,,,,,,,,,,,,,,
OI,search_OI,1.0,210.461,0.678,-1.2025351980387924,1.0,210.0,211.0,210.0,211.0,1.0,True,,sub-011,,,,,,,,,,,,,,,,
OI,search_OI,2.0,240.927,1.099,-0.6831268484190822,1.0,240.0,241.0,240.0,241.0,1.0,True,,sub-011,,,,,,,,,,,,,,,,
OI,search_OI,3.0,299.075,1.368,-0.3512483542440178,1.0,299.0,300.0,299.0,300.0,1.0,True,,sub-011,,,,,,,,,,,,,,,,
OI,search_OI,4.0,356.74,1.037,-0.7596192894557141,1.0,356.0,357.0,356.0,357.0,1.0,True,,sub-011,,,,,,,,,,,,,,,,
OI,search_OI,5.0,502.636,2.432,0.9614606338685039,1.0,502.0,503.0,502.0,503.0,1.0,True,,sub-011,,,,,,,,,,,,,,,,
OI,search_OI,6.0,531.452,0.975,-0.836111730492346,1.0,531.0,532.0,531.0,532.0,1.0,True,,sub-011,,,,,,,,,,,,,,,,
OI,search_OI,7.0,917.89,3.195,1.9028111582386673,1.0,917.0,918.0,917.0,918.0,1.0,True,,sub-011,,,,,,,,,,,,,,,,
OI,search_OI,8.0,1005.404,2.676,1.2624954018191201,1.0,1005.0,1006.0,1005.0,1006.0,1.0,True,,sub-011,,,,,,,,,,,,,,,,
OI,search_OI,9.0,1179.366,1.941,0.3556898508203384,1.0,1179.0,1180.0,1179.0,1180.0,1.0,True,,sub-011,,,,,,,,,,,,,,,,
,,,,,,,,,,,,,,sub-011,PCC,0.9200862044802369,0.004197348284972751,23.44843123586423,16.0,16.0,10.0,16.0,16.0,10.0,1.4995,0.8086305295580506,2.2405,1.3269787237681445,1.6527,0.8543816542454028
CA,search_CA,0.0,0.322,10.013,0.712552764961266,1.0,0.0,1.0,0.0,1.0,1.0,True,,sub-012,,,,,,,,,,,,,,,,
CA,search_CA,1.0,59.304,10.94,0.9820838304761851,1.0,59.0,60.0,59.0,60.0,1.0,True,,sub-012,,,,,,,,,,,,,,,,
CA,search_CA,2.0,87.803,9.873,0.671846886674223,1.0,87.0,88.0,87.0,88.0,1.0,True,,sub-012,,,,,,,,,,,,,,,,
CA,search_CA,3.0,145.052,12.949,1.5662131838952495,1.0,145.0,146.0,145.0,146.0,1.0,True,,sub-012,,,,,,,,,,,,,,,,
CA,search_CA,4.0,232.382,5.325,-0.6505126451077105,1.0,232.0,233.0,232.0,233.0,1.0,True,,sub-012,,,,,,,,,,,,,,,,
CA,search_CA,5.0,291.064,6.601,-0.2795076401486632,1.0,291.0,292.0,291.0,292.0,1.0,True,,sub-012,,,,,,,,,,,,,,,,
CA,search_CA,6.0,413.994,12.249,1.3626837924600357,1.0,413.0,414.0,413.0,414.0,1.0,True,,sub-012,,,,,,,,,,,,,,,,
CA,search_CA,7.0,442.693,5.437,-0.6179479424780762,1.0,442.0,443.0,442.0,443.0,1.0,True,,sub-012,,,,,,,,,,,,,,,,
CA,search_CA,8.0,561.789,3.59,-1.1549747795935625,1.0,561.0,562.0,561.0,562.0,1.0,True,,sub-012,,,,,,,,,,,,,,,,
CA,search_CA,9.0,591.022,5.405,-0.6272521432294003,1.0,591.0,592.0,591.0,592.0,1.0,True,,sub-012,,,,,,,,,,,,,,,,
CA,search_CA,10.0,682.286,5.367,-0.6383008816215977,1.0,682.0,683.0,682.0,683.0,1.0,True,,sub-012,,,,,,,,,,,,,,,,
CA,search_CA,11.0,711.719,6.842,-0.20943537824025388,1.0,711.0,712.0,711.0,712.0,1.0,True,,sub-012,,,,,,,,,,,,,,,,
CA,search_CA,12.0,770.4,2.957,-1.3390235007056919,1.0,770.0,771.0,770.0,771.0,1.0,True,,sub-012,,,,,,,,,,,,,,,,
CA,search_CA,13.0,926.446,5.134,-0.706047093342176,1.0,926.0,927.0,926.0,927.0,1.0,True,,sub-012,,,,,,,,,,,,,,,,
CA,search_CA,14.0,1194.338,14.011,1.874996346329817,1.0,1194.0,1195.0,1194.0,1195.0,1.0,True,,sub-012,,,,,,,,,,,,,,,,
CA,search_CA,15.0,1224.404,4.304,-0.9473748003296442,1.0,1224.0,1225.0,1224.0,1225.0,1.0,True,,sub-012,,,,,,,,,,,,,,,,
JX,search_JX,0.0,30.688,8.502,0.3157905976863695,1.0,30.0,31.0,30.0,31.0,1.0,True,,sub-012,,,,,,,,,,,,,,,,
JX,search_JX,1.0,173.967,9.62,0.7082907513421343,1.0,173.0,174.0,173.0,174.0,1.0,True,,sub-012,,,,,,,,,,,,,,,,
JX,search_JX,2.0,501.358,4.454,-1.105354860272967,1.0,501.0,502.0,501.0,502.0,1.0,True,,sub-012,,,,,,,,,,,,,,,,
JX,search_JX,3.0,530.79,15.778,2.8702012577931204,1.0,530.0,531.0,530.0,531.0,1.0,True,,sub-012,,,,,,,,,,,,,,,,
JX,search_JX,4.0,624.321,4.896,-0.9501803809206876,1.0,624.0,625.0,624.0,625.0,1.0,True,,sub-012,,,,,,,,,,,,,,,,
JX,search_JX,5.0,653.387,8.518,0.321407773409529,1.0,653.0,654.0,653.0,654.0,1.0,True,,sub-012,,,,,,,,,,,,,,,,
JX,search_JX,6.0,740.618,4.72,-1.0119693138754415,1.0,740.0,741.0,740.0,741.0,1.0,True,,sub-012,,,,,,,,,,,,,,,,
JX,search_JX,7.0,803.783,6.524,-0.37863275108921546,1.0,803.0,804.0,803.0,804.0,1.0,True,,sub-012,,,,,,,,,,,,,,,,
JX,search_JX,8.0,833.965,9.713,0.7409405852329984,1.0,833.0,834.0,833.0,834.0,1.0,True,,sub-012,,,,,,,,,,,,,,,,
JX,search_JX,9.0,863.397,3.88,-1.3068710393413114,1.0,863.0,864.0,863.0,864.0,1.0,True,,sub-012,,,,,,,,,,,,,,,,
JX,search_JX,10.0,896.88,9.053,0.5092320866526725,1.0,896.0,897.0,896.0,897.0,1.0,True,,sub-012,,,,,,,,,,,,,,,,
JX,search_JX,11.0,986.427,4.592,-1.056906719660717,1.0,986.0,987.0,986.0,987.0,1.0,True,,sub-012,,,,,,,,,,,,,,,,
JX,search_JX,12.0,1015.46,8.427,0.2894600864840593,1.0,1015.0,1016.0,1015.0,1016.0,1.0,True,,sub-012,,,,,,,,,,,,,,,,
JX,search_JX,13.0,1103.541,8.096,0.17325476371119874,1.0,1103.0,1104.0,1103.0,1104.0,1.0,True,,sub-012,,,,,,,,,,,,,,,,
JX,search_JX,14.0,1132.006,7.645,0.014920623014642078,1.0,1132.0,1133.0,1132.0,1133.0,1.0,True,,sub-012,,,,,,,,,,,,,,,,
JX,search_JX,15.0,1163.955,7.222,-0.1335834601663851,1.0,1163.0,1164.0,1163.0,1164.0,1.0,True,,sub-012,,,,,,,,,,,,,,,,
OI,search_OI,0.0,116.436,7.701,0.054553669255457314,1.0,116.0,117.0,116.0,117.0,1.0,True,,sub-012,,,,,,,,,,,,,,,,
OI,search_OI,1.0,202.767,7.299,-0.18884893940929415,1.0,202.0,203.0,202.0,203.0,1.0,True,,sub-012,,,,,,,,,,,,,,,,
OI,search_OI,2.0,262.298,6.682,-0.5624295601708661,1.0,262.0,263.0,262.0,263.0,1.0,True,,sub-012,,,,,,,,,,,,,,,,
OI,search_OI,3.0,324.563,9.757,1.299418752376676,1.0,324.0,325.0,324.0,325.0,1.0,True,,sub-012,,,,,,,,,,,,,,,,
OI,search_OI,4.0,354.296,8.675,0.6442903380103544,1.0,354.0,355.0,354.0,355.0,1.0,True,,sub-012,,,,,,,,,,,,,,,,
OI,search_OI,5.0,384.728,8.562,0.5758711967687691,1.0,384.0,385.0,384.0,385.0,1.0,True,,sub-012,,,,,,,,,,,,,,,,
OI,search_OI,6.0,472.242,5.318,-1.3883030880781342,1.0,472.0,473.0,472.0,473.0,1.0,True,,sub-012,,,,,,,,,,,,,,,,
OI,search_OI,7.0,955.578,8.755,0.6927286680928921,1.0,955.0,956.0,955.0,956.0,1.0,True,,sub-012,,,,,,,,,,,,,,,,
OI,search_OI,8.0,1044.776,4.296,-2.0071027548825526,1.0,1044.0,1045.0,1044.0,1045.0,1.0,True,,sub-012,,,,,,,,,,,,,,,,
OI,search_OI,9.0,1074.141,9.064,0.8798217180366935,1.0,1074.0,1075.0,1074.0,1075.0,1.0,True,,sub-012,,,,,,,,,,,,,,,,
,,,,,,,,,,,,,,sub-012,PCC,0.9601209970891265,0.0042258154552483876,28.910898940461685,16.0,16.0,10.0,16.0,16.0,10.0,7.5623125,3.5521006877386423,7.6025,2.9418216125387344,7.610900000000001,1.740923027847265
CA,search_CA,0.0,29.428,4.474,0.6823811887918955,1.0,29.0,30.0,29.0,30.0,1.0,True,,sub-013,,,,,,,,,,,,,,,,
CA,search_CA,1.0,284.237,2.202,-1.0662386459016737,1.0,284.0,285.0,284.0,285.0,1.0,True,,sub-013,,,,,,,,,,,,,,,,
CA,search_CA,2.0,313.703,6.184,1.9984638988825658,1.0,313.0,314.0,313.0,314.0,1.0,True,,sub-013,,,,,,,,,,,,,,,,
CA,search_CA,3.0,344.086,2.833,-0.5805964294880988,1.0,344.0,345.0,344.0,345.0,1.0,True,,sub-013,,,,,,,,,,,,,,,,
CA,search_CA,4.0,378.551,2.983,-0.4651505777257593,1.0,378.0,379.0,378.0,379.0,1.0,True,,sub-013,,,,,,,,,,,,,,,,
CA,search_CA,5.0,407.634,4.448,0.6623705744864233,1.0,407.0,408.0,407.0,408.0,1.0,True,,sub-013,,,,,,,,,,,,,,,,
CA,search_CA,6.0,503.781,5.099,1.1634055711349767,1.0,503.0,504.0,503.0,504.0,1.0,True,,sub-013,,,,,,,,,,,,,,,,
CA,search_CA,7.0,634.644,2.987,-0.4620720216787636,1.0,634.0,635.0,634.0,635.0,1.0,True,,sub-013,,,,,,,,,,,,,,,,
CA,search_CA,8.0,698.925,3.204,-0.2950603561292457,1.0,698.0,699.0,698.0,699.0,1.0,True,,sub-013,,,,,,,,,,,,,,,,
CA,search_CA,9.0,727.991,3.245,-0.26350515664753965,1.0,727.0,728.0,727.0,728.0,1.0,True,,sub-013,,,,,,,,,,,,,,,,
CA,search_CA,10.0,819.472,6.362,2.135459642973875,1.0,819.0,820.0,819.0,820.0,1.0,True,,sub-013,,,,,,,,,,,,,,,,
CA,search_CA,11.0,849.988,2.262,-1.0200603051967378,1.0,849.0,850.0,849.0,850.0,1.0,True,,sub-013,,,,,,,,,,,,,,,,
CA,search_CA,12.0,880.57,2.381,-0.9284732627986154,1.0,880.0,881.0,880.0,881.0,1.0,True,,sub-013,,,,,,,,,,,,,,,,
CA,search_CA,13.0,911.353,3.539,-0.03723128719335419,1.0,911.0,912.0,911.0,912.0,1.0,True,,sub-013,,,,,,,,,,,,,,,,
CA,search_CA,14.0,1061.548,2.828,-0.5844446245468436,1.0,1061.0,1062.0,1061.0,1062.0,1.0,True,,sub-013,,,,,,,,,,,,,,,,
CA,search_CA,15.0,1120.796,2.367,-0.9392482089631002,1.0,1120.0,1121.0,1120.0,1121.0,1.0,True,,sub-013,,,,,,,,,,,,,,,,
JX,search_JX,0.0,59.294,3.144,-0.49095668343077437,1.0,59.0,60.0,59.0,60.0,1.0,True,,sub-013,,,,,,,,,,,,,,,,
JX,search_JX,1.0,89.677,4.217,0.3567496769372767,1.0,89.0,90.0,89.0,90.0,1.0,True,,sub-013,,,,,,,,,,,,,,,,
JX,search_JX,2.0,150.891,2.95,-0.6442232574395367,1.0,150.0,151.0,150.0,151.0,1.0,True,,sub-013,,,,,,,,,,,,,,,,
JX,search_JX,3.0,182.807,5.24,1.1649543429731735,1.0,182.0,183.0,182.0,183.0,1.0,True,,sub-013,,,,,,,,,,,,,,,,
JX,search_JX,4.0,211.94,1.52,-1.7739717153391767,1.0,211.0,212.0,211.0,212.0,1.0,True,,sub-013,,,,,,,,,,,,,,,,
JX,search_JX,5.0,437.016,3.92,0.12210961260427484,1.0,437.0,438.0,437.0,438.0,1.0,True,,sub-013,,,,,,,,,,,,,,,,
JX,search_JX,6.0,469.715,2.976,-0.6236823763868161,1.0,469.0,470.0,469.0,470.0,1.0,True,,sub-013,,,,,,,,,,,,,,,,
JX,search_JX,7.0,536.947,5.976,1.7464192835424983,1.0,536.0,537.0,536.0,537.0,1.0,True,,sub-013,,,,,,,,,,,,,,,,
JX,search_JX,8.0,668.243,3.16,-0.4783161412444847,1.0,668.0,669.0,668.0,669.0,1.0,True,,sub-013,,,,,,,,,,,,,,,,
JX,search_JX,9.0,760.307,3.097,-0.5280882761030004,1.0,760.0,761.0,760.0,761.0,1.0,True,,sub-013,,,,,,,,,,,,,,,,
JX,search_JX,10.0,941.368,5.909,1.6934870131374102,1.0,941.0,942.0,941.0,942.0,1.0,True,,sub-013,,,,,,,,,,,,,,,,
JX,search_JX,11.0,1031.466,2.786,-0.773788814849006,1.0,1031.0,1032.0,1031.0,1032.0,1.0,True,,sub-013,,,,,,,,,,,,,,,,
JX,search_JX,12.0,1090.447,4.387,0.4910554376666045,1.0,1090.0,1091.0,1090.0,1091.0,1.0,True,,sub-013,,,,,,,,,,,,,,,,
JX,search_JX,13.0,1151.162,5.387,1.2810893243097092,1.0,1151.0,1152.0,1151.0,1152.0,1.0,True,,sub-013,,,,,,,,,,,,,,,,
JX,search_JX,14.0,1180.061,2.377,-1.096912674486036,1.0,1180.0,1181.0,1180.0,1181.0,1.0,True,,sub-013,,,,,,,,,,,,,,,,
JX,search_JX,15.0,1239.526,3.201,-0.44592475189211744,1.0,1239.0,1240.0,1239.0,1240.0,1.0,True,,sub-013,,,,,,,,,,,,,,,,
OI,search_OI,0.0,0.696,3.083,-0.14738861488580657,1.0,0.0,1.0,0.0,1.0,1.0,True,,sub-013,,,,,,,,,,,,,,,,
OI,search_OI,1.0,121.642,3.005,-0.19308142872162923,1.0,121.0,122.0,121.0,122.0,1.0,True,,sub-013,,,,,,,,,,,,,,,,
OI,search_OI,2.0,249.988,2.018,-0.7712712653364602,1.0,249.0,250.0,249.0,250.0,1.0,True,,sub-013,,,,,,,,,,,,,,,,
OI,search_OI,3.0,571.162,2.07,-0.7408093894459118,1.0,571.0,572.0,571.0,572.0,1.0,True,,sub-013,,,,,,,,,,,,,,,,
OI,search_OI,4.0,605.045,2.469,-0.507073072516512,1.0,605.0,606.0,605.0,606.0,1.0,True,,sub-013,,,,,,,,,,,,,,,,
OI,search_OI,5.0,790.006,7.447,2.4090657386979037,1.0,790.0,791.0,790.0,791.0,1.0,True,,sub-013,,,,,,,,,,,,,,,,
OI,search_OI,6.0,971.351,1.799,-0.8995626272601155,1.0,971.0,972.0,971.0,972.0,1.0,True,,sub-013,,,,,,,,,,,,,,,,
OI,search_OI,7.0,1000.717,4.359,0.6000989550438024,1.0,1000.0,1001.0,1000.0,1001.0,1.0,True,,sub-013,,,,,,,,,,,,,,,,
OI,search_OI,8.0,1210.81,2.052,-0.7513538849464861,1.0,1210.0,1211.0,1210.0,1211.0,1.0,True,,sub-013,,,,,,,,,,,,,,,,
OI,search_OI,9.0,1270.242,5.044,1.0013755893712177,1.0,1270.0,1271.0,1270.0,1271.0,1.0,True,,sub-013,,,,,,,,,,,,,,,,
,,,,,,,,,,,,,,sub-013,PCC,0.9403012790917088,0.0017439863329594902,15.743499054970052,16.0,16.0,10.0,16.0,16.0,10.0,3.5873749999999998,1.3419220481582876,3.7654375,1.3072800755130223,3.3345999999999996,1.7993905881961507
CA,search_CA,0.0,0.748,5.163,-0.5083000723862617,1.0,0.0,1.0,0.0,1.0,1.0,True,,sub-014,,,,,,,,,,,,,,,,
CA,search_CA,1.0,87.662,6.044,-0.19164307762969915,1.0,87.0,88.0,87.0,88.0,1.0,True,,sub-014,,,,,,,,,,,,,,,,
CA,search_CA,2.0,174.51,10.948,1.5709969930697154,1.0,174.0,175.0,174.0,175.0,1.0,True,,sub-014,,,,,,,,,,,,,,,,
CA,search_CA,3.0,263.59,2.447,-1.4845093774473566,1.0,263.0,264.0,263.0,264.0,1.0,True,,sub-014,,,,,,,,,,,,,,,,
CA,search_CA,4.0,295.489,4.227,-0.8447256649993636,1.0,295.0,296.0,295.0,296.0,1.0,True,,sub-014,,,,,,,,,,,,,,,,
CA,search_CA,5.0,383.104,5.348,-0.441805697777903,1.0,383.0,384.0,383.0,384.0,1.0,True,,sub-014,,,,,,,,,,,,,,,,
CA,search_CA,6.0,445.668,4.485,-0.7519929695995983,1.0,445.0,446.0,445.0,446.0,1.0,True,,sub-014,,,,,,,,,,,,,,,,
CA,search_CA,7.0,474.318,4.671,-0.6851391659393025,1.0,474.0,475.0,474.0,475.0,1.0,True,,sub-014,,,,,,,,,,,,,,,,
CA,search_CA,8.0,652.713,7.805,0.4413114828314894,1.0,652.0,653.0,652.0,653.0,1.0,True,,sub-014,,,,,,,,,,,,,,,,
CA,search_CA,9.0,683.445,5.56,-0.36560673876724326,1.0,683.0,684.0,683.0,684.0,1.0,True,,sub-014,,,,,,,,,,,,,,,,
CA,search_CA,10.0,714.094,4.072,-0.9004371680496103,1.0,714.0,715.0,714.0,715.0,1.0,True,,sub-014,,,,,,,,,,,,,,,,
CA,search_CA,11.0,804.658,8.404,0.6566094849417973,1.0,804.0,805.0,804.0,805.0,1.0,True,,sub-014,,,,,,,,,,,,,,,,
CA,search_CA,12.0,833.707,13.49,2.4846656430937593,1.0,833.0,834.0,833.0,834.0,1.0,True,,sub-014,,,,,,,,,,,,,,,,
CA,search_CA,13.0,862.623,8.09,0.5437487626335558,1.0,862.0,863.0,862.0,863.0,1.0,True,,sub-014,,,,,,,,,,,,,,,,
CA,search_CA,14.0,1125.766,9.144,0.9225869833752326,1.0,1125.0,1126.0,1125.0,1126.0,1.0,True,,sub-014,,,,,,,,,,,,,,,,
CA,search_CA,15.0,1214.196,5.337,-0.4457594173492109,1.0,1214.0,1215.0,1214.0,1215.0,1.0,True,,sub-014,,,,,,,,,,,,,,,,
JX,search_JX,0.0,29.764,4.473,-1.1848124804232354,1.0,29.0,30.0,29.0,30.0,1.0,True,,sub-014,,,,,,,,,,,,,,,,
JX,search_JX,1.0,145.877,6.199,-0.6201525995105225,1.0,145.0,146.0,145.0,146.0,1.0,True,,sub-014,,,,,,,,,,,,,,,,
JX,search_JX,2.0,203.875,6.834,-0.41241272443545146,1.0,203.0,204.0,203.0,204.0,1.0,True,,sub-014,,,,,,,,,,,,,,,,
JX,search_JX,3.0,325.405,5.519,-0.8426141980161104,1.0,325.0,326.0,325.0,326.0,1.0,True,,sub-014,,,,,,,,,,,,,,,,
JX,search_JX,4.0,354.138,5.155,-0.9616965830985132,1.0,354.0,355.0,354.0,355.0,1.0,True,,sub-014,,,,,,,,,,,,,,,,
JX,search_JX,5.0,502.95,7.55,-0.17817374718545,1.0,502.0,503.0,502.0,503.0,1.0,True,,sub-014,,,,,,,,,,,,,,,,
JX,search_JX,6.0,536.482,15.658,2.4743536655841187,1.0,536.0,537.0,536.0,537.0,1.0,True,,sub-014,,,,,,,,,,,,,,,,
JX,search_JX,7.0,594.664,7.155,-0.3073977639644311,1.0,594.0,595.0,594.0,595.0,1.0,True,,sub-014,,,,,,,,,,,,,,,,
JX,search_JX,8.0,744.81,9.573,0.48364950836867426,1.0,744.0,745.0,744.0,745.0,1.0,True,,sub-014,,,,,,,,,,,,,,,,
JX,search_JX,9.0,774.426,5.444,-0.8671504037336385,1.0,774.0,775.0,774.0,775.0,1.0,True,,sub-014,,,,,,,,,,,,,,,,
JX,search_JX,10.0,892.222,9.369,0.4169110288169977,1.0,892.0,893.0,892.0,893.0,1.0,True,,sub-014,,,,,,,,,,,,,,,,
JX,search_JX,11.0,922.355,11.983,1.2720795854252434,1.0,922.0,923.0,922.0,923.0,1.0,True,,sub-014,,,,,,,,,,,,,,,,
JX,search_JX,12.0,979.936,10.039,0.6361011332269152,1.0,979.0,980.0,979.0,980.0,1.0,True,,sub-014,,,,,,,,,,,,,,,,
JX,search_JX,13.0,1038.018,9.789,0.5543137808351549,1.0,1038.0,1039.0,1038.0,1039.0,1.0,True,,sub-014,,,,,,,,,,,,,,,,
JX,search_JX,14.0,1096.6,3.928,-1.3631089086372727,1.0,1096.0,1097.0,1096.0,1097.0,1.0,True,,sub-014,,,,,,,,,,,,,,,,
JX,search_JX,15.0,1184.014,10.846,0.9001107067475175,1.0,1184.0,1185.0,1184.0,1185.0,1.0,True,,sub-014,,,,,,,,,,,,,,,,
OI,search_OI,0.0,58.596,6.458,0.09175561021005316,1.0,58.0,59.0,58.0,59.0,1.0,True,,sub-014,,,,,,,,,,,,,,,,
OI,search_OI,1.0,116.778,4.668,-1.138525605340483,1.0,116.0,117.0,116.0,117.0,1.0,True,,sub-014,,,,,,,,,,,,,,,,
OI,search_OI,2.0,234.675,4.401,-1.3220368257605912,1.0,234.0,235.0,234.0,235.0,1.0,True,,sub-014,,,,,,,,,,,,,,,,
OI,search_OI,3.0,414.836,5.626,-0.48008459724136915,1.0,414.0,415.0,414.0,415.0,1.0,True,,sub-014,,,,,,,,,,,,,,,,
OI,search_OI,4.0,565.632,7.739,0.9721970834615818,1.0,565.0,566.0,565.0,566.0,1.0,True,,sub-014,,,,,,,,,,,,,,,,
OI,search_OI,5.0,623.58,5.998,-0.22440604294818517,1.0,623.0,624.0,623.0,624.0,1.0,True,,sub-014,,,,,,,,,,,,,,,,
OI,search_OI,6.0,951.187,8.875,1.752978905174101,1.0,951.0,952.0,951.0,952.0,1.0,True,,sub-014,,,,,,,,,,,,,,,,
OI,search_OI,7.0,1008.769,7.427,0.7577570056672983,1.0,1008.0,1009.0,1008.0,1009.0,1.0,True,,sub-014,,,,,,,,,,,,,,,,
OI,search_OI,8.0,1067.901,4.575,-1.202445243913779,1.0,1067.0,1068.0,1067.0,1068.0,1.0,True,,sub-014,,,,,,,,,,,,,,,,
OI,search_OI,9.0,1154.781,7.478,0.792809710691364,1.0,1154.0,1155.0,1154.0,1155.0,1.0,True,,sub-014,,,,,,,,,,,,,,,,
,,,,,,,,,,,,,,sub-014,PCC,0.9685206657332387,0.0016776744501244578,39.23679709561951,16.0,16.0,10.0,16.0,16.0,10.0,6.5771875,2.8734337233526026,8.094625,3.1569537611438023,6.324500000000001,1.5336539700988616
CA,search_CA,0.0,92.416,4.023,-1.2081497973345405,1.0,92.0,93.0,92.0,93.0,1.0,True,,sub-016,,,,,,,,,,,,,,,,
CA,search_CA,1.0,216.746,2.006,-1.8319105002890943,1.0,216.0,217.0,216.0,217.0,1.0,True,,sub-016,,,,,,,,,,,,,,,,
CA,search_CA,2.0,314.21,7.715,-0.06639247690409313,1.0,314.0,315.0,314.0,315.0,1.0,True,,sub-016,,,,,,,,,,,,,,,,
CA,search_CA,3.0,342.875,5.265,-0.8240591711225645,1.0,342.0,343.0,342.0,343.0,1.0,True,,sub-016,,,,,,,,,,,,,,,,
CA,search_CA,4.0,477.988,9.067,0.3517158376197328,1.0,477.0,478.0,477.0,478.0,1.0,True,,sub-016,,,,,,,,,,,,,,,,
CA,search_CA,5.0,508.537,9.557,0.5032491764634272,1.0,508.0,509.0,508.0,509.0,1.0,True,,sub-016,,,,,,,,,,,,,,,,
CA,search_CA,6.0,665.3,5.235,-0.8333367224803415,1.0,665.0,666.0,665.0,666.0,1.0,True,,sub-016,,,,,,,,,,,,,,,,
CA,search_CA,7.0,839.878,12.157,1.3073036274707843,1.0,839.0,840.0,839.0,840.0,1.0,True,,sub-016,,,,,,,,,,,,,,,,
CA,search_CA,8.0,871.011,10.791,0.8848657889799959,1.0,871.0,872.0,871.0,872.0,1.0,True,,sub-016,,,,,,,,,,,,,,,,
CA,search_CA,9.0,901.06,8.714,0.2425499833098878,1.0,901.0,902.0,901.0,902.0,1.0,True,,sub-016,,,,,,,,,,,,,,,,
CA,search_CA,10.0,994.474,5.773,-0.6669593014642039,1.0,994.0,995.0,994.0,995.0,1.0,True,,sub-016,,,,,,,,,,,,,,,,
CA,search_CA,11.0,1058.405,14.702,2.094349234322217,1.0,1058.0,1059.0,1058.0,1059.0,1.0,True,,sub-016,,,,,,,,,,,,,,,,
CA,search_CA,12.0,1119.22,5.896,-0.6289213408973173,1.0,1119.0,1120.0,1119.0,1120.0,1.0,True,,sub-016,,,,,,,,,,,,,,,,
CA,search_CA,13.0,1283.032,11.865,1.2170021275884197,1.0,1283.0,1284.0,1283.0,1284.0,1.0,True,,sub-016,,,,,,,,,,,,,,,,
CA,search_CA,14.0,1342.864,6.697,-0.3812107196446661,1.0,1342.0,1343.0,1342.0,1343.0,1.0,True,,sub-016,,,,,,,,,,,,,,,,
CA,search_CA,15.0,1402.362,7.412,-0.16009574561764284,1.0,1402.0,1403.0,1402.0,1403.0,1.0,True,,sub-016,,,,,,,,,,,,,,,,
JX,search_JX,0.0,60.75,6.293,-0.39342738393966803,1.0,60.0,61.0,60.0,61.0,1.0,True,,sub-016,,,,,,,,,,,,,,,,
JX,search_JX,1.0,123.015,8.95,0.5343175098945437,1.0,123.0,124.0,123.0,124.0,1.0,True,,sub-016,,,,,,,,,,,,,,,,
JX,search_JX,2.0,155.997,5.392,-0.7080296230607162,1.0,155.0,156.0,155.0,156.0,1.0,True,,sub-016,,,,,,,,,,,,,,,,
JX,search_JX,3.0,185.93,1.922,-1.9196497892649753,1.0,185.0,186.0,185.0,186.0,1.0,True,,sub-016,,,,,,,,,,,,,,,,
JX,search_JX,4.0,248.211,3.771,-1.2740343174172304,1.0,248.0,249.0,248.0,249.0,1.0,True,,sub-016,,,,,,,,,,,,,,,,
JX,search_JX,5.0,375.441,7.163,-0.08964941719681346,1.0,375.0,376.0,375.0,376.0,1.0,True,,sub-016,,,,,,,,,,,,,,,,
JX,search_JX,6.0,540.653,9.446,0.7075058679456426,1.0,540.0,541.0,540.0,541.0,1.0,True,,sub-016,,,,,,,,,,,,,,,,
JX,search_JX,7.0,723.615,5.557,-0.6504165604025886,1.0,723.0,724.0,723.0,724.0,1.0,True,,sub-016,,,,,,,,,,,,,,,,
JX,search_JX,8.0,752.697,4.33,-1.0788482445330283,1.0,752.0,753.0,752.0,753.0,1.0,True,,sub-016,,,,,,,,,,,,,,,,
JX,search_JX,9.0,781.263,6.2,-0.42590020107424903,1.0,781.0,782.0,781.0,782.0,1.0,True,,sub-016,,,,,,,,,,,,,,,,
JX,search_JX,10.0,1026.323,7.309,-0.038670585996288476,1.0,1026.0,1027.0,1026.0,1027.0,1.0,True,,sub-016,,,,,,,,,,,,,,,,
JX,search_JX,11.0,1088.288,8.708,0.44981835132929027,1.0,1088.0,1089.0,1088.0,1089.0,1.0,True,,sub-016,,,,,,,,,,,,,,,,
JX,search_JX,12.0,1206.418,12.725,1.85243454949716,1.0,1206.0,1207.0,1206.0,1207.0,1.0,True,,sub-016,,,,,,,,,,,,,,,,
JX,search_JX,13.0,1245.4,11.486,1.4198128244461294,1.0,1245.0,1246.0,1245.0,1246.0,1.0,True,,sub-016,,,,,,,,,,,,,,,,
JX,search_JX,14.0,1312.615,11.19,1.3164584817382152,1.0,1312.0,1313.0,1312.0,1313.0,1.0,True,,sub-016,,,,,,,,,,,,,,,,
JX,search_JX,15.0,1372.396,8.274,0.29827853803457854,1.0,1372.0,1373.0,1372.0,1373.0,1.0,True,,sub-016,,,,,,,,,,,,,,,,
OI,search_OI,0.0,0.718,2.466,-1.5285078029531654,1.0,0.0,1.0,0.0,1.0,1.0,True,,sub-016,,,,,,,,,,,,,,,,
OI,search_OI,1.0,30.401,6.735,-0.16602559072417844,1.0,30.0,31.0,30.0,31.0,1.0,True,,sub-016,,,,,,,,,,,,,,,,
OI,search_OI,2.0,281.277,4.712,-0.8116806657626515,1.0,281.0,282.0,281.0,282.0,1.0,True,,sub-016,,,,,,,,,,,,,,,,
OI,search_OI,3.0,448.256,4.475,-0.8873209291260317,1.0,448.0,449.0,448.0,449.0,1.0,True,,sub-016,,,,,,,,,,,,,,,,
OI,search_OI,4.0,694.399,11.267,1.2803949728321036,1.0,694.0,695.0,694.0,695.0,1.0,True,,sub-016,,,,,,,,,,,,,,,,
OI,search_OI,5.0,810.629,11.848,1.4658253231026688,1.0,810.0,811.0,810.0,811.0,1.0,True,,sub-016,,,,,,,,,,,,,,,,
OI,search_OI,6.0,929.876,6.832,-0.13506733947418756,1.0,929.0,930.0,929.0,930.0,1.0,True,,sub-016,,,,,,,,,,,,,,,,
OI,search_OI,7.0,963.258,5.205,-0.6543361516776454,1.0,963.0,964.0,963.0,964.0,1.0,True,,sub-016,,,,,,,,,,,,,,,,
OI,search_OI,8.0,1148.369,11.635,1.3978448332444406,1.0,1148.0,1149.0,1148.0,1149.0,1.0,True,,sub-016,,,,,,,,,,,,,,,,
OI,search_OI,9.0,1177.302,7.377,0.038873350538648654,1.0,1177.0,1178.0,1177.0,1178.0,1.0,True,,sub-016,,,,,,,,,,,,,,,,
,,,,,,,,,,,,,,sub-016,PCC,0.9868520883624244,0.005145459985103025,32.36346235889647,16.0,16.0,10.0,16.0,16.0,10.0,7.9296875,3.339659957116393,7.41975,2.9578581552648306,7.255199999999999,3.3027375110151675
CA,search_CA,0.0,86.367,5.218,0.537591220084489,1.0,86.0,87.0,86.0,87.0,1.0,True,,sub-018,,,,,,,,,,,,,,,,
CA,search_CA,1.0,115.283,5.073,0.3800553314150422,1.0,115.0,116.0,115.0,116.0,1.0,True,,sub-018,,,,,,,,,,,,,,,,
CA,search_CA,2.0,173.648,4.494,-0.24900176885813083,1.0,173.0,174.0,173.0,174.0,1.0,True,,sub-018,,,,,,,,,,,,,,,,
CA,search_CA,3.0,202.597,5.385,0.7190291056555075,1.0,202.0,203.0,202.0,203.0,1.0,True,,sub-018,,,,,,,,,,,,,,,,
CA,search_CA,4.0,262.562,3.828,-0.9725804023329715,1.0,262.0,263.0,262.0,263.0,1.0,True,,sub-018,,,,,,,,,,,,,,,,
CA,search_CA,5.0,381.041,5.537,0.8841701751572731,1.0,381.0,382.0,381.0,382.0,1.0,True,,sub-018,,,,,,,,,,,,,,,,
CA,search_CA,6.0,471.239,6.757,2.209644548789864,1.0,471.0,472.0,471.0,472.0,1.0,True,,sub-018,,,,,,,,,,,,,,,,
CA,search_CA,7.0,503.038,5.54,0.8874295383711238,1.0,503.0,504.0,503.0,504.0,1.0,True,,sub-018,,,,,,,,,,,,,,,,
CA,search_CA,8.0,564.719,5.517,0.8624410870649359,1.0,564.0,565.0,564.0,565.0,1.0,True,,sub-018,,,,,,,,,,,,,,,,
CA,search_CA,9.0,714.465,3.632,-1.1855254656378793,1.0,714.0,715.0,714.0,715.0,1.0,True,,sub-018,,,,,,,,,,,,,,,,
CA,search_CA,10.0,890.893,4.833,0.11930627430699126,1.0,890.0,891.0,890.0,891.0,1.0,True,,sub-018,,,,,,,,,,,,,,,,
CA,search_CA,11.0,919.409,4.094,-0.6835835307048814,1.0,919.0,920.0,919.0,920.0,1.0,True,,sub-018,,,,,,,,,,,,,,,,
CA,search_CA,12.0,978.741,4.432,-0.3163619419443766,1.0,978.0,979.0,978.0,979.0,1.0,True,,sub-018,,,,,,,,,,,,,,,,
CA,search_CA,13.0,1067.555,3.142,-1.7178881239001498,1.0,1067.0,1068.0,1067.0,1068.0,1.0,True,,sub-018,,,,,,,,,,,,,,,,
CA,search_CA,14.0,1154.736,4.634,-0.0968981522117673,1.0,1154.0,1155.0,1154.0,1155.0,1.0,True,,sub-018,,,,,,,,,,,,,,,,
CA,search_CA,15.0,1214.0,3.455,-1.3778278952550667,1.0,1214.0,1215.0,1214.0,1215.0,1.0,True,,sub-018,,,,,,,,,,,,,,,,
JX,search_JX,0.0,0.553,9.393,2.2446870238303176,1.0,0.0,1.0,0.0,1.0,1.0,True,,sub-018,,,,,,,,,,,,,,,,
JX,search_JX,1.0,57.768,4.543,-0.642035321660023,1.0,57.0,58.0,57.0,58.0,1.0,True,,sub-018,,,,,,,,,,,,,,,,
JX,search_JX,2.0,231.346,6.842,0.7263305901507586,1.0,231.0,232.0,231.0,232.0,1.0,True,,sub-018,,,,,,,,,,,,,,,,
JX,search_JX,3.0,291.594,3.993,-0.9693955876434637,1.0,291.0,292.0,291.0,292.0,1.0,True,,sub-018,,,,,,,,,,,,,,,,
JX,search_JX,4.0,320.243,5.976,0.21088697134774134,1.0,320.0,321.0,320.0,321.0,1.0,True,,sub-018,,,,,,,,,,,,,,,,
JX,search_JX,5.0,350.609,6.214,0.3525446864460305,1.0,350.0,351.0,350.0,351.0,1.0,True,,sub-018,,,,,,,,,,,,,,,,
JX,search_JX,6.0,412.924,9.276,2.175048567248385,1.0,412.0,413.0,412.0,413.0,1.0,True,,sub-018,,,,,,,,,,,,,,,,
JX,search_JX,7.0,442.256,3.523,-1.2491398149384036,1.0,442.0,443.0,442.0,443.0,1.0,True,,sub-018,,,,,,,,,,,,,,,,
JX,search_JX,8.0,532.254,6.076,0.2704070197083667,1.0,532.0,533.0,532.0,533.0,1.0,True,,sub-018,,,,,,,,,,,,,,,,
JX,search_JX,9.0,596.085,5.413,-0.12421090092258043,1.0,596.0,597.0,596.0,597.0,1.0,True,,sub-018,,,,,,,,,,,,,,,,
JX,search_JX,10.0,626.268,3.807,-1.0801028775942272,1.0,626.0,627.0,626.0,627.0,1.0,True,,sub-018,,,,,,,,,,,,,,,,
JX,search_JX,11.0,685.616,5.781,0.09482287704452133,1.0,685.0,686.0,685.0,686.0,1.0,True,,sub-018,,,,,,,,,,,,,,,,
JX,search_JX,12.0,1007.757,4.834,-0.46883198093060285,1.0,1007.0,1008.0,1007.0,1008.0,1.0,True,,sub-018,,,,,,,,,,,,,,,,
JX,search_JX,13.0,1038.589,4.347,-0.7586946164468489,1.0,1038.0,1039.0,1038.0,1039.0,1.0,True,,sub-018,,,,,,,,,,,,,,,,
JX,search_JX,14.0,1125.336,5.566,-0.033145226930823564,1.0,1125.0,1126.0,1125.0,1126.0,1.0,True,,sub-018,,,,,,,,,,,,,,,,
JX,search_JX,15.0,1184.701,4.363,-0.7491714087091488,1.0,1184.0,1185.0,1184.0,1185.0,1.0,True,,sub-018,,,,,,,,,,,,,,,,
OI,search_OI,0.0,29.118,4.599,-0.725197019017494,1.0,29.0,30.0,29.0,30.0,1.0,True,,sub-018,,,,,,,,,,,,,,,,
OI,search_OI,1.0,144.515,3.76,-1.0917714851915379,1.0,144.0,145.0,144.0,145.0,1.0,True,,sub-018,,,,,,,,,,,,,,,,
OI,search_OI,2.0,656.967,9.455,1.3964783179803089,1.0,656.0,657.0,656.0,657.0,1.0,True,,sub-018,,,,,,,,,,,,,,,,
OI,search_OI,3.0,745.831,4.757,-0.6561639252683894,1.0,745.0,746.0,745.0,746.0,1.0,True,,sub-018,,,,,,,,,,,,,,,,
OI,search_OI,4.0,775.197,6.782,0.2285956623388082,1.0,775.0,776.0,775.0,776.0,1.0,True,,sub-018,,,,,,,,,,,,,,,,
OI,search_OI,5.0,803.996,6.377,0.051643744817368595,1.0,803.0,804.0,803.0,804.0,1.0,True,,sub-018,,,,,,,,,,,,,,,,
OI,search_OI,6.0,832.645,7.263,0.4387533717901968,1.0,832.0,833.0,832.0,833.0,1.0,True,,sub-018,,,,,,,,,,,,,,,,
OI,search_OI,7.0,861.511,4.417,-0.804716152323425,1.0,861.0,862.0,861.0,862.0,1.0,True,,sub-018,,,,,,,,,,,,,,,,
OI,search_OI,8.0,949.191,10.957,2.0527296269116726,1.0,949.0,950.0,949.0,950.0,1.0,True,,sub-018,,,,,,,,,,,,,,,,
OI,search_OI,9.0,1096.387,4.221,-0.8903521420375042,1.0,1096.0,1097.0,1096.0,1097.0,1.0,True,,sub-018,,,,,,,,,,,,,,,,
,,,,,,,,,,,,,,sub-018,PCC,0.9568565287791516,0.0008045059076238935,24.96444685116025,16.0,16.0,10.0,16.0,16.0,10.0,4.7231875,0.9506110469061465,5.6216875,1.7352061825135747,6.258799999999999,2.412562068286189
CA,search_CA,0.0,0.405,3.978,-0.6305029317371891,1.0,0.0,1.0,0.0,1.0,1.0,True,,sub-019,,,,,,,,,,,,,,,,
CA,search_CA,1.0,176.033,4.361,-0.3651738584172132,1.0,176.0,177.0,176.0,177.0,1.0,True,,sub-019,,,,,,,,,,,,,,,,
CA,search_CA,2.0,354.694,7.453,1.7768561538683392,1.0,354.0,355.0,354.0,355.0,1.0,True,,sub-019,,,,,,,,,,,,,,,,
CA,search_CA,3.0,420.426,5.093,0.1419302712700522,1.0,420.0,421.0,420.0,421.0,1.0,True,,sub-019,,,,,,,,,,,,,,,,
CA,search_CA,4.0,450.042,4.669,-0.15180217543404706,1.0,450.0,451.0,450.0,451.0,1.0,True,,sub-019,,,,,,,,,,,,,,,,
CA,search_CA,5.0,482.991,5.272,0.26593524287390546,1.0,482.0,483.0,482.0,483.0,1.0,True,,sub-019,,,,,,,,,,,,,,,,
CA,search_CA,6.0,511.907,6.582,1.1734576607568525,1.0,511.0,512.0,511.0,512.0,1.0,True,,sub-019,,,,,,,,,,,,,,,,
CA,search_CA,7.0,604.904,7.146,1.5641772360896635,1.0,604.0,605.0,604.0,605.0,1.0,True,,sub-019,,,,,,,,,,,,,,,,
CA,search_CA,8.0,643.819,4.936,0.03316613416499664,1.0,643.0,644.0,643.0,644.0,1.0,True,,sub-019,,,,,,,,,,,,,,,,
CA,search_CA,9.0,702.101,3.938,-0.6582135399168211,1.0,702.0,703.0,702.0,703.0,1.0,True,,sub-019,,,,,,,,,,,,,,,,
CA,search_CA,10.0,765.983,4.576,-0.2162293394516914,1.0,765.0,766.0,765.0,766.0,1.0,True,,sub-019,,,,,,,,,,,,,,,,
CA,search_CA,11.0,826.181,3.757,-0.7836040419296558,1.0,826.0,827.0,826.0,827.0,1.0,True,,sub-019,,,,,,,,,,,,,,,,
CA,search_CA,12.0,856.08,3.846,-0.7219479387299748,1.0,856.0,857.0,856.0,857.0,1.0,True,,sub-019,,,,,,,,,,,,,,,,
CA,search_CA,13.0,987.526,2.662,-1.5421819408470814,1.0,987.0,988.0,987.0,988.0,1.0,True,,sub-019,,,,,,,,,,,,,,,,
CA,search_CA,14.0,1022.075,7.105,1.535773862705541,1.0,1022.0,1023.0,1022.0,1023.0,1.0,True,,sub-019,,,,,,,,,,,,,,,,
CA,search_CA,15.0,1145.388,2.836,-1.4216407952656824,1.0,1145.0,1146.0,1145.0,1146.0,1.0,True,,sub-019,,,,,,,,,,,,,,,,
JX,search_JX,0.0,28.987,4.939,-0.09355990980440368,1.0,28.0,29.0,28.0,29.0,1.0,True,,sub-019,,,,,,,,,,,,,,,,
JX,search_JX,1.0,87.619,6.068,1.0117809735878471,1.0,87.0,88.0,87.0,88.0,1.0,True,,sub-019,,,,,,,,,,,,,,,,
JX,search_JX,2.0,118.785,4.619,-0.40685404858697294,1.0,118.0,119.0,118.0,119.0,1.0,True,,sub-019,,,,,,,,,,,,,,,,
JX,search_JX,3.0,295.03,5.913,0.8600291251150408,1.0,295.0,296.0,295.0,296.0,1.0,True,,sub-019,,,,,,,,,,,,,,,,
JX,search_JX,4.0,324.345,4.61,-0.41566544624023216,1.0,324.0,325.0,324.0,325.0,1.0,True,,sub-019,,,,,,,,,,,,,,,,
JX,search_JX,5.0,384.16,3.566,-1.4377875740183639,1.0,384.0,385.0,384.0,385.0,1.0,True,,sub-019,,,,,,,,,,,,,,,,
JX,search_JX,6.0,575.121,8.02,2.922875220161518,1.0,575.0,576.0,575.0,576.0,1.0,True,,sub-019,,,,,,,,,,,,,,,,
JX,search_JX,7.0,672.985,4.84,-0.19048528399026116,1.0,672.0,673.0,672.0,673.0,1.0,True,,sub-019,,,,,,,,,,,,,,,,
JX,search_JX,8.0,731.617,4.679,-0.3481113975652408,1.0,731.0,732.0,731.0,732.0,1.0,True,,sub-019,,,,,,,,,,,,,,,,
JX,search_JX,9.0,794.648,4.451,-0.5713334714478218,1.0,794.0,795.0,794.0,795.0,1.0,True,,sub-019,,,,,,,,,,,,,,,,
JX,search_JX,10.0,887.996,5.398,0.3558213705118433,1.0,887.0,888.0,887.0,888.0,1.0,True,,sub-019,,,,,,,,,,,,,,,,
JX,search_JX,11.0,952.56,5.042,0.007281641116235476,1.0,952.0,953.0,952.0,953.0,1.0,True,,sub-019,,,,,,,,,,,,,,,,
JX,search_JX,12.0,1111.556,3.675,-1.3310717579955513,1.0,1111.0,1112.0,1111.0,1112.0,1.0,True,,sub-019,,,,,,,,,,,,,,,,
JX,search_JX,13.0,1175.237,5.68,0.6319118303139822,1.0,1175.0,1176.0,1175.0,1176.0,1.0,True,,sub-019,,,,,,,,,,,,,,,,
JX,search_JX,14.0,1240.452,4.489,-0.5341297924673915,1.0,1240.0,1241.0,1240.0,1241.0,1.0,True,,sub-019,,,,,,,,,,,,,,,,
JX,search_JX,15.0,1273.451,4.564,-0.4607014786902267,1.0,1273.0,1274.0,1273.0,1274.0,1.0,True,,sub-019,,,,,,,,,,,,,,,,
OI,search_OI,0.0,57.736,7.147,1.310189751992814,1.0,57.0,58.0,57.0,58.0,1.0,True,,sub-019,,,,,,,,,,,,,,,,
OI,search_OI,1.0,147.567,4.228,-0.5536651561737747,1.0,147.0,148.0,147.0,148.0,1.0,True,,sub-019,,,,,,,,,,,,,,,,
OI,search_OI,2.0,205.782,3.068,-1.2943543283126038,1.0,205.0,206.0,205.0,206.0,1.0,True,,sub-019,,,,,,,,,,,,,,,,
OI,search_OI,3.0,235.748,5.753,0.4200856951294277,1.0,235.0,236.0,235.0,236.0,1.0,True,,sub-019,,,,,,,,,,,,,,,,
OI,search_OI,4.0,265.014,4.824,-0.17310416773003134,1.0,265.0,266.0,265.0,266.0,1.0,True,,sub-019,,,,,,,,,,,,,,,,
OI,search_OI,5.0,544.039,8.312,2.0540715498736204,1.0,544.0,545.0,544.0,545.0,1.0,True,,sub-019,,,,,,,,,,,,,,,,
OI,search_OI,6.0,922.861,3.597,-0.9565745248113618,1.0,922.0,923.0,922.0,923.0,1.0,True,,sub-019,,,,,,,,,,,,,,,,
OI,search_OI,7.0,1051.041,3.63,-0.935503194914309,1.0,1051.0,1052.0,1051.0,1052.0,1.0,True,,sub-019,,,,,,,,,,,,,,,,
OI,search_OI,8.0,1081.907,4.888,-0.1322385582327166,1.0,1081.0,1082.0,1081.0,1082.0,1.0,True,,sub-019,,,,,,,,,,,,,,,,
OI,search_OI,9.0,1211.186,5.504,0.26109293317893734,1.0,1211.0,1212.0,1211.0,1212.0,1.0,True,,sub-019,,,,,,,,,,,,,,,,
,,,,,,,,,,,,,,sub-019,PCC,0.9647243718239125,0.001983976624444063,20.259310448772826,16.0,16.0,10.0,16.0,16.0,10.0,4.8881250000000005,1.490830590644021,5.0345625,1.0549018891979165,5.0950999999999995,1.650823865024168
CA,search_CA,0.0,116.396,9.038,0.9797103558418142,1.0,116.0,117.0,116.0,117.0,1.0,True,,sub-020,,,,,,,,,,,,,,,,
CA,search_CA,1.0,145.046,8.52,0.676096856394575,1.0,145.0,146.0,145.0,146.0,1.0,True,,sub-020,,,,,,,,,,,,,,,,
CA,search_CA,2.0,290.425,9.449,1.2206083254804532,1.0,290.0,291.0,290.0,291.0,1.0,True,,sub-020,,,,,,,,,,,,,,,,
CA,search_CA,3.0,410.921,8.163,0.4668497148836404,1.0,410.0,411.0,410.0,411.0,1.0,True,,sub-020,,,,,,,,,,,,,,,,
CA,search_CA,4.0,498.502,8.885,0.8900330094799846,1.0,498.0,499.0,498.0,499.0,1.0,True,,sub-020,,,,,,,,,,,,,,,,
CA,search_CA,5.0,527.135,8.471,0.6473766605009175,1.0,527.0,528.0,527.0,528.0,1.0,True,,sub-020,,,,,,,,,,,,,,,,
CA,search_CA,6.0,845.859,6.638,-0.42699311650060545,1.0,845.0,846.0,845.0,846.0,1.0,True,,sub-020,,,,,,,,,,,,,,,,
CA,search_CA,7.0,875.141,6.072,-0.7587406853946926,1.0,875.0,876.0,875.0,876.0,1.0,True,,sub-020,,,,,,,,,,,,,,,,
CA,search_CA,8.0,903.74,4.277,-1.8108376574174605,1.0,903.0,904.0,903.0,904.0,1.0,True,,sub-020,,,,,,,,,,,,,,,,
CA,search_CA,9.0,932.373,6.231,-0.6655465803520074,1.0,932.0,933.0,932.0,933.0,1.0,True,,sub-020,,,,,,,,,,,,,,,,
CA,search_CA,10.0,960.989,7.248,-0.06945598394690698,1.0,960.0,961.0,960.0,961.0,1.0,True,,sub-020,,,,,,,,,,,,,,,,
CA,search_CA,11.0,989.488,4.268,-1.8161127954387446,1.0,989.0,990.0,989.0,990.0,1.0,True,,sub-020,,,,,,,,,,,,,,,,
CA,search_CA,12.0,1018.404,8.736,0.8027001689053933,1.0,1018.0,1019.0,1018.0,1019.0,1.0,True,,sub-020,,,,,,,,,,,,,,,,
CA,search_CA,13.0,1047.236,7.33,-0.02139361530854108,1.0,1047.0,1048.0,1047.0,1048.0,1.0,True,,sub-020,,,,,,,,,,,,,,,,
CA,search_CA,14.0,1136.567,5.101,-1.3278694652465632,1.0,1136.0,1137.0,1136.0,1137.0,1.0,True,,sub-020,,,,,,,,,,,,,,,,
CA,search_CA,15.0,1165.283,9.437,1.213574808118741,1.0,1165.0,1166.0,1165.0,1166.0,1.0,True,,sub-020,,,,,,,,,,,,,,,,
JX,search_JX,0.0,1.0,4.117,-1.2675494610632796,1.0,1.0,2.0,1.0,2.0,1.0,True,,sub-020,,,,,,,,,,,,,,,,
JX,search_JX,1.0,58.931,8.064,0.0364021192698133,1.0,58.0,59.0,58.0,59.0,1.0,True,,sub-020,,,,,,,,,,,,,,,,
JX,search_JX,2.0,87.614,6.433,-0.5024235781011709,1.0,87.0,88.0,87.0,88.0,1.0,True,,sub-020,,,,,,,,,,,,,,,,
JX,search_JX,3.0,173.828,6.484,-0.48557495114475135,1.0,173.0,174.0,173.0,174.0,1.0,True,,sub-020,,,,,,,,,,,,,,,,
JX,search_JX,4.0,202.844,5.931,-0.6682669257898489,1.0,202.0,203.0,202.0,203.0,1.0,True,,sub-020,,,,,,,,,,,,,,,,
JX,search_JX,5.0,353.656,9.465,0.4992438127196899,1.0,353.0,354.0,353.0,354.0,1.0,True,,sub-020,,,,,,,,,,,,,,,,
JX,search_JX,6.0,382.405,5.927,-0.6695883867276075,1.0,382.0,383.0,382.0,383.0,1.0,True,,sub-020,,,,,,,,,,,,,,,,
JX,search_JX,7.0,468.97,7.503,-0.1489327772508011,1.0,468.0,469.0,468.0,469.0,1.0,True,,sub-020,,,,,,,,,,,,,,,,
JX,search_JX,8.0,555.867,7.122,-0.27480193157228794,1.0,555.0,556.0,555.0,556.0,1.0,True,,sub-020,,,,,,,,,,,,,,,,
JX,search_JX,9.0,585.016,9.198,0.4110362951243174,1.0,585.0,586.0,585.0,586.0,1.0,True,,sub-020,,,,,,,,,,,,,,,,
JX,search_JX,10.0,613.765,5.786,-0.7161698847835908,1.0,613.0,614.0,613.0,614.0,1.0,True,,sub-020,,,,,,,,,,,,,,,,
JX,search_JX,11.0,759.361,10.112,0.7129901194021098,1.0,759.0,760.0,759.0,760.0,1.0,True,,sub-020,,,,,,,,,,,,,,,,
JX,search_JX,12.0,787.844,8.091,0.04532198059968219,1.0,787.0,788.0,787.0,788.0,1.0,True,,sub-020,,,,,,,,,,,,,,,,
JX,search_JX,13.0,816.626,7.33,-0.20608596280885152,1.0,816.0,817.0,816.0,817.0,1.0,True,,sub-020,,,,,,,,,,,,,,,,
JX,search_JX,14.0,1078.619,7.521,-0.14298620303088838,1.0,1078.0,1079.0,1078.0,1079.0,1.0,True,,sub-020,,,,,,,,,,,,,,,,
JX,search_JX,15.0,1193.749,18.177,3.3773857351574663,1.0,1193.0,1194.0,1193.0,1194.0,1.0,True,,sub-020,,,,,,,,,,,,,,,,
OI,search_OI,0.0,30.099,3.416,-1.5494108814131022,1.0,30.0,31.0,30.0,31.0,1.0,True,,sub-020,,,,,,,,,,,,,,,,
OI,search_OI,1.0,232.96,8.877,0.16914965954291497,1.0,232.0,233.0,232.0,233.0,1.0,True,,sub-020,,,,,,,,,,,,,,,,
OI,search_OI,2.0,261.859,10.42,0.6547271938214597,1.0,261.0,262.0,261.0,262.0,1.0,True,,sub-020,,,,,,,,,,,,,,,,
OI,search_OI,3.0,319.057,10.66,0.7302544836638777,1.0,319.0,320.0,319.0,320.0,1.0,True,,sub-020,,,,,,,,,,,,,,,,
OI,search_OI,4.0,440.404,5.379,-0.9316605899103262,1.0,440.0,441.0,440.0,441.0,1.0,True,,sub-020,,,,,,,,,,,,,,,,
OI,search_OI,5.0,643.248,7.052,-0.40517244030047145,1.0,643.0,644.0,643.0,644.0,1.0,True,,sub-020,,,,,,,,,,,,,,,,
OI,search_OI,6.0,672.014,6.193,-0.6754971985281255,1.0,672.0,673.0,672.0,673.0,1.0,True,,sub-020,,,,,,,,,,,,,,,,
OI,search_OI,7.0,701.846,11.882,1.1148142677781887,1.0,701.0,702.0,701.0,702.0,1.0,True,,sub-020,,,,,,,,,,,,,,,,
OI,search_OI,8.0,730.779,13.949,1.7652930515460128,1.0,730.0,731.0,730.0,731.0,1.0,True,,sub-020,,,,,,,,,,,,,,,,
OI,search_OI,9.0,1107.285,5.567,-0.872497546200432,1.0,1107.0,1108.0,1107.0,1108.0,1.0,True,,sub-020,,,,,,,,,,,,,,,,
,,,,,,,,,,,,,,sub-020,PCC,0.972956469543723,0.002430189867173124,24.483482135358916,16.0,16.0,10.0,16.0,16.0,10.0,7.3665,1.7620695408146259,7.9538125,3.126223498488232,8.339500000000001,3.349547075517989
CA,search_CA,0.0,0.237,4.219,2.992375798602447,1.0,0.0,1.0,0.0,1.0,1.0,True,,sub-021,,,,,,,,,,,,,,,,
CA,search_CA,1.0,90.202,2.067,0.4362211023267835,1.0,90.0,91.0,90.0,91.0,1.0,True,,sub-021,,,,,,,,,,,,,,,,
CA,search_CA,2.0,118.701,1.579,-0.14342736039743778,1.0,118.0,119.0,118.0,119.0,1.0,True,,sub-021,,,,,,,,,,,,,,,,
CA,search_CA,3.0,240.364,2.345,0.7664306774032865,1.0,240.0,241.0,240.0,241.0,1.0,True,,sub-021,,,,,,,,,,,,,,,,
CA,search_CA,4.0,336.561,1.309,-0.4641345016587896,1.0,336.0,337.0,336.0,337.0,1.0,True,,sub-021,,,,,,,,,,,,,,,,
CA,search_CA,5.0,435.608,2.569,1.0324988242275188,1.0,435.0,436.0,435.0,436.0,1.0,True,,sub-021,,,,,,,,,,,,,,,,
CA,search_CA,6.0,527.756,1.212,-0.5793515116674974,1.0,527.0,528.0,527.0,528.0,1.0,True,,sub-021,,,,,,,,,,,,,,,,
CA,search_CA,7.0,557.521,2.34,0.7604916562688167,1.0,557.0,558.0,557.0,558.0,1.0,True,,sub-021,,,,,,,,,,,,,,,,
CA,search_CA,8.0,705.867,1.025,-0.8014709020966561,1.0,705.0,706.0,705.0,706.0,1.0,True,,sub-021,,,,,,,,,,,,,,,,
CA,search_CA,9.0,767.049,1.154,-0.6482441568273435,1.0,767.0,768.0,767.0,768.0,1.0,True,,sub-021,,,,,,,,,,,,,,,,
CA,search_CA,10.0,827.764,1.306,-0.46769791433947117,1.0,827.0,828.0,827.0,828.0,1.0,True,,sub-021,,,,,,,,,,,,,,,,
CA,search_CA,11.0,860.246,0.839,-1.0224024882989204,1.0,860.0,861.0,860.0,861.0,1.0,True,,sub-021,,,,,,,,,,,,,,,,
CA,search_CA,12.0,988.109,0.864,-0.9927073826265731,1.0,988.0,989.0,988.0,989.0,1.0,True,,sub-021,,,,,,,,,,,,,,,,
CA,search_CA,13.0,1049.757,1.185,-0.6114222257936326,1.0,1049.0,1050.0,1049.0,1050.0,1.0,True,,sub-021,,,,,,,,,,,,,,,,
CA,search_CA,14.0,1199.003,1.935,0.27943094437678917,1.0,1199.0,1200.0,1199.0,1200.0,1.0,True,,sub-021,,,,,,,,,,,,,,,,
CA,search_CA,15.0,1261.268,1.248,-0.5365905594993172,1.0,1261.0,1262.0,1261.0,1262.0,1.0,True,,sub-021,,,,,,,,,,,,,,,,
JX,search_JX,0.0,29.003,1.453,0.1564253057791689,1.0,29.0,30.0,29.0,30.0,1.0,True,,sub-021,,,,,,,,,,,,,,,,
JX,search_JX,1.0,148.033,1.071,-0.7646454735293833,1.0,148.0,149.0,148.0,149.0,1.0,True,,sub-021,,,,,,,,,,,,,,,,
JX,search_JX,2.0,178.632,1.454,0.1588364858297146,1.0,178.0,179.0,178.0,179.0,1.0,True,,sub-021,,,,,,,,,,,,,,,,
JX,search_JX,3.0,365.593,1.802,0.9979271434197046,1.0,365.0,366.0,365.0,366.0,1.0,True,,sub-021,,,,,,,,,,,,,,,,
JX,search_JX,4.0,399.359,1.511,0.29627374871083345,1.0,399.0,400.0,399.0,400.0,1.0,True,,sub-021,,,,,,,,,,,,,,,,
JX,search_JX,5.0,466.457,1.206,-0.43913616670568034,1.0,466.0,467.0,466.0,467.0,1.0,True,,sub-021,,,,,,,,,,,,,,,,
JX,search_JX,6.0,587.937,1.27,-0.2848206434707396,1.0,587.0,588.0,587.0,588.0,1.0,True,,sub-021,,,,,,,,,,,,,,,,
JX,search_JX,7.0,617.753,1.15,-0.5741622495362535,1.0,617.0,618.0,617.0,618.0,1.0,True,,sub-021,,,,,,,,,,,,,,,,
JX,search_JX,8.0,646.485,1.17,-0.5259386485253346,1.0,646.0,647.0,646.0,647.0,1.0,True,,sub-021,,,,,,,,,,,,,,,,
JX,search_JX,9.0,737.749,1.39,0.004520962594773823,1.0,737.0,738.0,737.0,738.0,1.0,True,,sub-021,,,,,,,,,,,,,,,,
JX,search_JX,10.0,891.795,0.894,-1.1914243424760158,1.0,891.0,892.0,891.0,892.0,1.0,True,,sub-021,,,,,,,,,,,,,,,,
JX,search_JX,11.0,957.143,2.343,2.302375550765062,1.0,957.0,958.0,957.0,958.0,1.0,True,,sub-021,,,,,,,,,,,,,,,,
JX,search_JX,12.0,1017.808,0.769,-1.4928218487942593,1.0,1017.0,1018.0,1017.0,1018.0,1.0,True,,sub-021,,,,,,,,,,,,,,,,
JX,search_JX,13.0,1080.956,1.639,0.604904795180715,1.0,1080.0,1081.0,1080.0,1081.0,1.0,True,,sub-021,,,,,,,,,,,,,,,,
JX,search_JX,14.0,1110.889,0.972,-1.003352298533432,1.0,1110.0,1111.0,1110.0,1111.0,1.0,True,,sub-021,,,,,,,,,,,,,,,,
JX,search_JX,15.0,1139.405,2.116,1.7550376792911322,1.0,1139.0,1140.0,1139.0,1140.0,1.0,True,,sub-021,,,,,,,,,,,,,,,,
OI,search_OI,0.0,58.669,1.608,0.3637479271424661,1.0,58.0,59.0,58.0,59.0,1.0,True,,sub-021,,,,,,,,,,,,,,,,
OI,search_OI,1.0,211.448,1.414,-0.20950225860601882,1.0,211.0,212.0,211.0,212.0,1.0,True,,sub-021,,,,,,,,,,,,,,,,
OI,search_OI,2.0,270.596,2.093,1.7968733915136768,1.0,270.0,271.0,270.0,271.0,1.0,True,,sub-021,,,,,,,,,,,,,,,,
OI,search_OI,3.0,303.395,1.965,1.4186464648342647,1.0,303.0,304.0,303.0,304.0,1.0,True,,sub-021,,,,,,,,,,,,,,,,
OI,search_OI,4.0,495.073,1.302,-0.5404508194505043,1.0,495.0,496.0,495.0,496.0,1.0,True,,sub-021,,,,,,,,,,,,,,,,
OI,search_OI,5.0,676.118,1.485,0.0002954897864682584,1.0,676.0,677.0,676.0,677.0,1.0,True,,sub-021,,,,,,,,,,,,,,,,
OI,search_OI,6.0,797.481,1.548,0.1864540552614914,1.0,797.0,798.0,797.0,798.0,1.0,True,,sub-021,,,,,,,,,,,,,,,,
OI,search_OI,7.0,927.744,0.938,-1.6160336421950836,1.0,927.0,928.0,927.0,928.0,1.0,True,,sub-021,,,,,,,,,,,,,,,,
OI,search_OI,8.0,1168.304,1.443,-0.12381022053021404,1.0,1168.0,1169.0,1168.0,1169.0,1.0,True,,sub-021,,,,,,,,,,,,,,,,
OI,search_OI,9.0,1229.835,1.053,-1.276220387756549,1.0,1229.0,1230.0,1229.0,1230.0,1.0,True,,sub-021,,,,,,,,,,,,,,,,
,,,,,,,,,,,,,,sub-021,PCC,0.7712972256154108,0.00032929394914644534,8.711713983477138,16.0,16.0,10.0,16.0,16.0,10.0,1.6997499999999999,0.8694998179029905,1.3881249999999998,0.4283361413656336,1.4849,0.3567272378473814
CA,search_CA,0.0,59.629,7.783,2.4673254825490574,1.0,59.0,60.0,59.0,60.0,1.0,True,,sub-023,,,,,,,,,,,,,,,,
CA,search_CA,1.0,205.608,4.13,-0.05467028184868479,1.0,205.0,206.0,205.0,206.0,1.0,True,,sub-023,,,,,,,,,,,,,,,,
CA,search_CA,2.0,262.856,4.207,-0.0015102287803502664,1.0,262.0,263.0,262.0,263.0,1.0,True,,sub-023,,,,,,,,,,,,,,,,
CA,search_CA,3.0,291.939,3.353,-0.5911035446291515,1.0,291.0,292.0,291.0,292.0,1.0,True,,sub-023,,,,,,,,,,,,,,,,
CA,search_CA,4.0,349.087,3.266,-0.6511675006933737,1.0,349.0,350.0,349.0,350.0,1.0,True,,sub-023,,,,,,,,,,,,,,,,
CA,search_CA,5.0,464.617,3.441,-0.5303491982653408,1.0,464.0,465.0,464.0,465.0,1.0,True,,sub-023,,,,,,,,,,,,,,,,
CA,search_CA,6.0,522.849,5.288,0.7448016850751,1.0,522.0,523.0,522.0,523.0,1.0,True,,sub-023,,,,,,,,,,,,,,,,
CA,search_CA,7.0,645.178,4.242,0.02265343170525645,1.0,645.0,646.0,645.0,646.0,1.0,True,,sub-023,,,,,,,,,,,,,,,,
CA,search_CA,8.0,674.928,2.146,-1.4244046362327856,1.0,674.0,675.0,674.0,675.0,1.0,True,,sub-023,,,,,,,,,,,,,,,,
CA,search_CA,9.0,705.777,5.226,0.7019974865005968,1.0,705.0,706.0,705.0,706.0,1.0,True,,sub-023,,,,,,,,,,,,,,,,
CA,search_CA,10.0,781.808,4.154,-0.03810091465855453,1.0,781.0,782.0,781.0,782.0,1.0,True,,sub-023,,,,,,,,,,,,,,,,
CA,search_CA,11.0,899.888,6.134,1.3288718785271916,1.0,899.0,900.0,899.0,900.0,1.0,True,,sub-023,,,,,,,,,,,,,,,,
CA,search_CA,12.0,928.704,2.408,-1.2435223777405302,1.0,928.0,929.0,928.0,929.0,1.0,True,,sub-023,,,,,,,,,,,,,,,,
CA,search_CA,13.0,1105.015,5.399,0.8214350083294524,1.0,1105.0,1106.0,1105.0,1106.0,1.0,True,,sub-023,,,,,,,,,,,,,,,,
CA,search_CA,14.0,1197.862,3.868,-0.23555254034094003,1.0,1197.0,1198.0,1197.0,1198.0,1.0,True,,sub-023,,,,,,,,,,,,,,,,
CA,search_CA,15.0,1229.361,2.302,-1.316703749496939,1.0,1229.0,1230.0,1229.0,1230.0,1.0,True,,sub-023,,,,,,,,,,,,,,,,
JX,search_JX,0.0,0.68,2.174,-1.6143499465994111,1.0,0.0,1.0,0.0,1.0,1.0,True,,sub-023,,,,,,,,,,,,,,,,
JX,search_JX,1.0,30.713,4.438,-0.498012659152537,1.0,30.0,31.0,30.0,31.0,1.0,True,,sub-023,,,,,,,,,,,,,,,,
JX,search_JX,2.0,117.877,5.22,-0.11242265968987988,1.0,117.0,118.0,117.0,118.0,1.0,True,,sub-023,,,,,,,,,,,,,,,,
JX,search_JX,3.0,234.274,6.62,0.5778919173532404,1.0,234.0,235.0,234.0,235.0,1.0,True,,sub-023,,,,,,,,,,,,,,,,
JX,search_JX,4.0,320.571,3.724,-0.8500730934445281,1.0,320.0,321.0,320.0,321.0,1.0,True,,sub-023,,,,,,,,,,,,,,,,
JX,search_JX,5.0,406.335,10.53,2.505841914666526,1.0,406.0,407.0,406.0,407.0,1.0,True,,sub-023,,,,,,,,,,,,,,,,
JX,search_JX,6.0,551.748,6.829,0.6809460220689632,1.0,551.0,552.0,551.0,552.0,1.0,True,,sub-023,,,,,,,,,,,,,,,,
JX,search_JX,7.0,583.913,2.616,-1.3964077729900832,1.0,583.0,584.0,583.0,584.0,1.0,True,,sub-023,,,,,,,,,,,,,,,,
JX,search_JX,8.0,812.374,7.532,1.0275825561127587,1.0,812.0,813.0,812.0,813.0,1.0,True,,sub-023,,,,,,,,,,,,,,,,
JX,search_JX,9.0,841.456,8.015,1.2657410851926354,1.0,841.0,842.0,841.0,842.0,1.0,True,,sub-023,,,,,,,,,,,,,,,,
JX,search_JX,10.0,959.203,4.771,-0.3338164061844233,1.0,959.0,960.0,959.0,960.0,1.0,True,,sub-023,,,,,,,,,,,,,,,,
JX,search_JX,11.0,988.535,4.832,-0.30373841389897316,1.0,988.0,989.0,988.0,989.0,1.0,True,,sub-023,,,,,,,,,,,,,,,,
JX,search_JX,12.0,1046.217,5.548,0.049308184074508404,1.0,1046.0,1047.0,1046.0,1047.0,1.0,True,,sub-023,,,,,,,,,,,,,,,,
JX,search_JX,13.0,1075.416,4.063,-0.6829183494319442,1.0,1075.0,1076.0,1075.0,1076.0,1.0,True,,sub-023,,,,,,,,,,,,,,,,
JX,search_JX,14.0,1133.631,5.044,-0.19920506366101506,1.0,1133.0,1134.0,1133.0,1134.0,1.0,True,,sub-023,,,,,,,,,,,,,,,,
JX,search_JX,15.0,1258.661,5.212,-0.11636731441584057,1.0,1258.0,1259.0,1258.0,1259.0,1.0,True,,sub-023,,,,,,,,,,,,,,,,
OI,search_OI,0.0,89.228,4.597,0.031737778592269034,1.0,89.0,90.0,89.0,90.0,1.0,True,,sub-023,,,,,,,,,,,,,,,,
OI,search_OI,1.0,147.293,3.154,-0.4671469110443778,1.0,147.0,148.0,147.0,148.0,1.0,True,,sub-023,,,,,,,,,,,,,,,,
OI,search_OI,2.0,176.992,3.568,-0.3240157526870862,1.0,176.0,177.0,176.0,177.0,1.0,True,,sub-023,,,,,,,,,,,,,,,,
OI,search_OI,3.0,377.603,3.798,-0.2444984424885909,1.0,377.0,378.0,377.0,378.0,1.0,True,,sub-023,,,,,,,,,,,,,,,,
OI,search_OI,4.0,435.851,3.726,-0.2693908178550764,1.0,435.0,436.0,435.0,436.0,1.0,True,,sub-023,,,,,,,,,,,,,,,,
OI,search_OI,5.0,494.166,5.545,0.3594873875843278,1.0,494.0,495.0,494.0,495.0,1.0,True,,sub-023,,,,,,,,,,,,,,,,
OI,search_OI,6.0,614.529,12.718,2.8393902834704448,1.0,614.0,615.0,614.0,615.0,1.0,True,,sub-023,,,,,,,,,,,,,,,,
OI,search_OI,7.0,870.505,3.038,-0.5072512935792711,1.0,870.0,871.0,870.0,871.0,1.0,True,,sub-023,,,,,,,,,,,,,,,,
OI,search_OI,8.0,1017.434,3.064,-0.4982623802524846,1.0,1017.0,1018.0,1017.0,1018.0,1.0,True,,sub-023,,,,,,,,,,,,,,,,
OI,search_OI,9.0,1168.413,1.844,-0.9200498517401553,1.0,1168.0,1169.0,1168.0,1169.0,1.0,True,,sub-023,,,,,,,,,,,,,,,,
,,,,,,,,,,,,,,sub-023,PCC,0.8458336786261557,0.0009928945456178736,14.863576542259226,16.0,16.0,10.0,16.0,16.0,10.0,4.2091875,1.4959589664047164,5.448,2.0945722872860384,4.5052,3.048912075551613
