roi,haiku_type,n,r,p,q_roi_x_condition_corr_12
ATL,CA,19,-0.5981328520130943,0.006828097453610459,0.04096858472166275
ATL,JX,19,-0.4377554759942811,0.060866321070155084,0.18259896321046526
ATL,OI,19,-0.40646234715928903,0.0841826002849929,0.20203824068398296
L_Angular,CA,19,-0.6676190862249184,0.0017882195830784431,0.02145863499694132
L_Angular,JX,19,-0.11746429913394663,0.6319965353094433,0.8426620470792577
L_Angular,OI,19,-0.0413542538403505,0.8665104952460763,0.8665104952460764
PCC,CA,19,-0.07728103865727595,0.7531704144590639,0.8665104952460764
PCC,JX,19,-0.1414485104648931,0.5635213329528589,0.8426620470792577
PCC,OI,19,0.3563858845834016,0.13421814424906967,0.26843628849813933
vmPFC,CA,19,-0.4491994073335044,0.053685913060462484,0.18259896321046526
vmPFC,JX,19,-0.1272137918444582,0.6037721897286261,0.8426620470792577
vmPFC,OI,19,-0.043794780154947276,0.8587058335867167,0.8665104952460764
