roi,condition,n,r,p
vmPFC,CA,19,-0.44919940733350433,0.053685913060462484
vmPFC,JX,19,-0.1272137918444582,0.6037721897286261
vmPFC,OI,19,-0.04379478015494721,0.8587058335867167
PCC,CA,19,-0.07728103865727594,0.7531704144590639
PCC,JX,19,-0.14144851046489315,0.5635213329528589
PCC,OI,19,0.3563858845834015,0.13421814424906967
L_Angular,CA,19,-0.6676190862249184,0.0017882195830784431
L_Angular,JX,19,-0.11746429913394667,0.6319965353094427
L_Angular,OI,19,-0.04135425384035049,0.8665104952460763
ATL,CA,19,-0.5981328520130943,0.006828097453610459
ATL,JX,19,-0.4377554759942813,0.06086632107015494
ATL,OI,19,-0.406462347159289,0.0841826002849929
dmPFC,CA,19,-0.02308609177916052,0.9252599337921775
dmPFC,JX,19,-0.10611619092455864,0.6654709802901855
dmPFC,OI,19,-0.04379535630516011,0.8587039925439282
vmPFC,ALL_POOLED,57,-0.22281213869913538,0.09572503428791157
PCC,ALL_POOLED,57,0.0485265935521637,0.7199973628001132
L_Angular,ALL_POOLED,57,-0.30112048311857953,0.022836755490030645
ATL,ALL_POOLED,57,-0.48020467962698415,0.00015668847229883274
dmPFC,ALL_POOLED,57,-0.07009511944408908,0.6043743959221981
