roi,haiku_type,slope_seconds_per_1sd_roi_beta,se,z,p,n_subjects,q_roi_x_condition_slopes_12
ATL,CA,-1.1700491428032005,0.40943089623554746,-2.8577451129385847,0.004266629634468057,19,0.04278513413588893
ATL,JX,-1.085807781281899,0.40354540832778324,-2.690670637986648,0.0071308556893148215,19,0.04278513413588893
ATL,OI,-0.6717159421504557,0.31958738092878136,-2.101822481846192,0.03556882899935759,19,0.14227531599743037
L_Angular,CA,-0.3626038521222896,0.31499865050099357,-1.1511282716468205,0.2496794686160212,19,0.5894738282102094
L_Angular,JX,-0.19498029363895397,0.3054091359949562,-0.6384232514975388,0.5231981992262009,19,0.6359069951325289
L_Angular,OI,-0.16613235681517333,0.3191302996722318,-0.5205784501998162,0.6026604646188012,19,0.6574477795841468
PCC,CA,-0.3213340807312416,0.3761720707220773,-0.8542209954992883,0.39298255214013966,19,0.5894738282102094
PCC,JX,-0.25720502444719784,0.40948107277397877,-0.6281243299105238,0.529922495943774,19,0.6359069951325289
PCC,OI,-0.06177464095136981,0.23958535504365758,-0.25783980385659694,0.7965305437815036,19,0.7965305437815036
vmPFC,CA,-0.43539152049217966,0.36304239745582045,-1.1992856028479801,0.23041691130959752,19,0.5894738282102094
vmPFC,JX,-0.4145860558075679,0.4017588619803226,-1.0319275939901322,0.3021060381306736,19,0.5894738282102094
vmPFC,OI,-0.31332383359080684,0.3599528716198829,-0.8704579357313277,0.38405019728461254,19,0.5894738282102094
