roi,term,estimate,se,z,p
ATL,Intercept,6.60717729830336,0.6042520680972575,10.934471964835543,7.886374839626277e-28
ATL,"C(haiku_type, Treatment(reference='CA'))[T.JX]",0.16085132096885554,0.36226899513509564,0.44401072995184593,0.6570348262782221
ATL,"C(haiku_type, Treatment(reference='CA'))[T.OI]",-0.141219035902812,0.30848877571054295,-0.4577769015340732,0.6471127322743893
ATL,roi_beta_z,-1.1700491428032005,0.40943089623554746,-2.8577451129385847,0.004266629634468057
ATL,"roi_beta_z:C(haiku_type, Treatment(reference='CA'))[T.JX]",0.0842413615213016,0.35418953786809504,0.23784260265946708,0.812003174476536
ATL,"roi_beta_z:C(haiku_type, Treatment(reference='CA'))[T.OI]",0.4983332006527448,0.33186889012163195,1.5015966108486476,0.13320131916414993
ATL,Group Var,6.91407930680746,2.9354317428438153,2.355387524735688,0.01850339769648603
L_Angular,Intercept,6.581204500046197,0.6699732404693746,9.823085613741066,8.955942415169421e-23
L_Angular,"C(haiku_type, Treatment(reference='CA'))[T.JX]",0.5172775862991391,0.38662360303986215,1.3379358689743681,0.18091734324137132
L_Angular,"C(haiku_type, Treatment(reference='CA'))[T.OI]",-0.26666619895736093,0.34275772217598877,-0.7780020163059705,0.43656782454669885
L_Angular,roi_beta_z,-0.3626038521222896,0.31499865050099357,-1.1511282716468205,0.2496794686160212
L_Angular,"roi_beta_z:C(haiku_type, Treatment(reference='CA'))[T.JX]",0.16762355848333566,0.36171672248647296,0.4634111393332229,0.64306969562356
L_Angular,"roi_beta_z:C(haiku_type, Treatment(reference='CA'))[T.OI]",0.1964714953071163,0.3872940015540853,0.5072928951100195,0.6119493230071131
L_Angular,Group Var,7.507363287655332,3.162789988988721,2.373652159578182,0.017613134305491537
PCC,Intercept,6.588535958435637,0.698913719412594,9.426823047590208,4.2269780729794326e-21
PCC,"C(haiku_type, Treatment(reference='CA'))[T.JX]",0.5340541085838949,0.3948149027972528,1.3526695795932122,0.17616121296713994
PCC,"C(haiku_type, Treatment(reference='CA'))[T.OI]",-0.29641698651475074,0.3794747719627505,-0.7811243550700315,0.43472935872247365
PCC,roi_beta_z,-0.3213340807312416,0.3761720707220773,-0.8542209954992883,0.39298255214013966
PCC,"roi_beta_z:C(haiku_type, Treatment(reference='CA'))[T.JX]",0.06412905628404374,0.4644480619972699,0.13807583997286804,0.8901804797740829
PCC,"roi_beta_z:C(haiku_type, Treatment(reference='CA'))[T.OI]",0.2595594397798718,0.3646776293073642,0.7117503760042961,0.47661936676656347
PCC,Group Var,8.081870480786975,3.3582247872767454,2.4065900863475944,0.016102232111984693
vmPFC,Intercept,6.592110167444076,0.6741130842111702,9.778938166076385,1.3865754120519397e-22
vmPFC,"C(haiku_type, Treatment(reference='CA'))[T.JX]",0.4816894970416791,0.38374577257421777,1.2552307581408437,0.20939500281971957
vmPFC,"C(haiku_type, Treatment(reference='CA'))[T.OI]",-0.3142231961721927,0.3526020902042491,-0.8911552282352468,0.37284589963723147
vmPFC,roi_beta_z,-0.43539152049217966,0.36304239745582045,-1.1992856028479801,0.23041691130959752
vmPFC,"roi_beta_z:C(haiku_type, Treatment(reference='CA'))[T.JX]",0.020805464684611752,0.35611677765111405,0.0584231521520583,0.9534115735161052
vmPFC,"roi_beta_z:C(haiku_type, Treatment(reference='CA'))[T.OI]",0.12206768690137279,0.3336667463976716,0.3658371360623685,0.7144866073235525
vmPFC,Group Var,7.685026464622584,3.2019873317780045,2.4000802215401738,0.01639147914763822
