subject,haiku_type,roi,RT,roi_beta,roi_beta_z
sub-001,CA,ATL,8.411000000000001,1.2027281253500195,0.5330325736022969
sub-001,JX,ATL,13.065933333333335,-0.226174503579978,-0.709881329671104
sub-001,OI,ATL,8.6699,1.053413917136386,0.4031533910830826
sub-002,CA,ATL,11.557230769230769,-0.0166351233790742,-0.5276159998564204
sub-002,JX,ATL,10.272444444444446,-0.4732528388182201,-0.9247994716408058
sub-002,OI,ATL,8.662571428571429,0.9670497369006034,0.32803053933198334
sub-003,CA,ATL,10.988133333333334,-0.0465756087616934,-0.5536593738410269
sub-003,JX,ATL,12.614928571428573,-1.0125943554217012,-1.3939392548750273
sub-003,OI,ATL,7.123777777777777,0.3364196089361377,-0.2205155533132965
sub-004,CA,ATL,10.605875,0.3739914726011636,-0.18783411598112318
sub-004,JX,ATL,13.004875,0.9644774041262576,0.32579302635919644
sub-004,OI,ATL,10.8439,2.064411070137247,1.282557202226995
sub-006,CA,ATL,6.686375,-0.3669023923273009,-0.8322918046475125
sub-006,JX,ATL,6.734562500000001,-0.3196775320523638,-0.7912138233858947
sub-006,OI,ATL,5.8728,0.1464419505914779,-0.38576535276584517
sub-007,CA,ATL,4.201124999999999,0.5645994384871508,-0.02203605103406665
sub-007,JX,ATL,5.754,-0.2807946210136501,-0.7573919871380677
sub-007,OI,ATL,5.2974,0.6015286876903316,0.010086415775622665
sub-008,CA,ATL,3.0185625000000003,3.815017038244542,2.805300916781771
sub-008,JX,ATL,3.803375,2.4887843770240017,1.651693259946081
sub-008,OI,ATL,4.1777,3.2690889355612964,2.330431870231842
sub-009,CA,ATL,6.913187499999999,0.8727034177191979,0.24596451925540916
sub-009,JX,ATL,7.467066666666668,-0.5661282455775796,-1.0055860360967912
sub-009,OI,ATL,6.8887,0.0200306652870968,-0.4957227010514526
sub-010,CA,ATL,9.7959375,-0.289121401397799,-0.7646349377068639
sub-010,JX,ATL,9.2843125,-1.1965976425908444,-1.5539923188418796
sub-010,OI,ATL,10.4234,0.4525569476172085,-0.11949487491761954
sub-011,CA,ATL,1.4995,1.6522562838182218,0.9240492788423216
sub-011,JX,ATL,2.2405,0.0369361242870005,-0.4810176892425422
sub-011,OI,ATL,1.6527,1.7240907245777486,0.9865336100670069
sub-012,CA,ATL,7.5623125,0.3461423653757154,-0.21205832962833387
sub-012,JX,ATL,7.6025,-0.2133880679134082,-0.6987592011638654
sub-012,OI,ATL,7.610900000000001,-0.299219355863572,-0.7734185229183553
sub-013,CA,ATL,3.587375,1.3218410762587214,0.6366415527915994
sub-013,JX,ATL,3.7654375,1.0422387315732675,0.39343278925420827
sub-013,OI,ATL,3.3346,1.658397614955902,0.9293912424590759
sub-014,CA,ATL,6.5771875,0.4935350349036658,-0.08385057460862769
sub-014,JX,ATL,8.094625,0.6799707658810359,0.0783183215828741
sub-014,OI,ATL,6.324500000000001,0.1535687026666189,-0.37956623250387994
sub-016,CA,ATL,7.9296875,0.0913659418418216,-0.4336725618546941
sub-016,JX,ATL,7.41975,-0.1308713931196588,-0.6269830561162202
sub-016,OI,ATL,7.255199999999999,-0.7885230959324938,-1.1990335432439503
sub-018,CA,ATL,4.7231875,-0.0466671244551738,-0.5537389776751102
sub-018,JX,ATL,5.6216875,-1.0540307409667629,-1.429982200456225
sub-018,OI,ATL,6.258799999999999,-1.3089329629712474,-1.6517058569813037
sub-019,CA,ATL,4.8881250000000005,1.040536998551551,0.39195255708895926
sub-019,JX,ATL,5.0345625,0.987934120908016,0.34619657158538575
sub-019,OI,ATL,5.0951,1.3016561295011846,0.6190839176848864
sub-020,CA,ATL,7.3665,1.2352704364348324,0.5613391146310934
sub-020,JX,ATL,7.9538125,0.6276101144712146,0.03277303367865041
sub-020,OI,ATL,8.339500000000001,0.9234869234354758,0.2901379457953209
sub-021,CA,ATL,1.69975,2.25566997501348,1.4489214786882434
sub-021,JX,ATL,1.3881249999999998,2.244000065100201,1.43877054678603
sub-021,OI,ATL,1.4849,4.071685242822499,3.0285606921781207
sub-023,CA,ATL,4.2091875,-0.0327456319416926,-0.5416295335121586
sub-023,JX,ATL,5.448,-0.8366707586796909,-1.240914213225937
sub-023,OI,ATL,4.5052,0.0502452697998624,-0.4694408878120542
sub-001,CA,L_Angular,8.411000000000001,2.0144545651851145,0.7635388486349403
sub-001,JX,L_Angular,13.065933333333335,-0.1253883502629729,-0.8243343175307429
sub-001,OI,L_Angular,8.6699,1.7855849928616327,0.5937058904207283
sub-002,CA,L_Angular,11.557230769230769,1.820200527503299,0.619392392076141
sub-002,JX,L_Angular,10.272444444444446,1.0514140291413012,0.04891338988084672
sub-002,OI,L_Angular,8.662571428571429,3.4486908017377544,1.8278156782673178
sub-003,CA,L_Angular,10.988133333333334,0.0426241156258961,-0.6996604528090433
sub-003,JX,L_Angular,12.614928571428573,-0.8689168437679367,-1.3760705849889088
sub-003,OI,L_Angular,7.123777777777777,-0.5630007709387872,-1.1490651727516863
sub-004,CA,L_Angular,10.605875,0.0897186027631084,-0.6647139285293135
sub-004,JX,L_Angular,13.004875,1.1771752964591653,0.14223469878412648
sub-004,OI,L_Angular,10.8439,2.94037679388998,1.4506206200596938
sub-006,CA,L_Angular,6.686375,2.1695251152434243,0.8786091481987665
sub-006,JX,L_Angular,6.734562500000001,3.153203055635473,1.608548619185862
sub-006,OI,L_Angular,5.8728,1.5652227230801634,0.43018578691439824
sub-007,CA,L_Angular,4.201124999999999,1.8174401754210516,0.61734406929089
sub-007,JX,L_Angular,5.754,-0.4585432786933653,-1.0715523573276937
sub-007,OI,L_Angular,5.2974,1.1336083501213934,0.1099057906562875
sub-008,CA,L_Angular,3.0185625000000003,1.3594077302491276,0.27746050883362383
sub-008,JX,L_Angular,3.803375,-1.4089201053347045,-1.7767806943589073
sub-008,OI,L_Angular,4.1777,1.3508959638732827,0.2711443417321498
sub-009,CA,L_Angular,6.913187499999999,1.0335002627859755,0.035620456696250344
sub-009,JX,L_Angular,7.467066666666668,-0.7825554685650121,-1.3119860163096353
sub-009,OI,L_Angular,6.8887,-0.6821568230454756,-1.2374850732782774
sub-010,CA,L_Angular,9.7959375,-0.0333080719361399,-0.756006029490203
sub-010,JX,L_Angular,9.2843125,-1.189071038215444,-1.613641413542992
sub-010,OI,L_Angular,10.4234,1.3620836193847463,0.27944615578154175
sub-011,CA,L_Angular,1.4995,5.036588022379371,3.0061168372371623
sub-011,JX,L_Angular,2.2405,2.9291690707630744,1.4423039148106538
sub-011,OI,L_Angular,1.6527,3.1485427980561083,1.605090469101913
sub-012,CA,L_Angular,7.5623125,0.2534988158518766,-0.5431806123989119
sub-012,JX,L_Angular,7.6025,-0.0372634219172281,-0.7589411019912836
sub-012,OI,L_Angular,7.610900000000001,-0.2905715355967603,-0.9469087110059622
sub-013,CA,L_Angular,3.587375,2.136068919931001,0.8537829357721077
sub-013,JX,L_Angular,3.7654375,1.1430556326460972,0.11691615870987986
sub-013,OI,L_Angular,3.3346,1.0772035054680775,0.06805050370033384
sub-014,CA,L_Angular,6.5771875,0.1231145994166078,-0.6399323865943316
sub-014,JX,L_Angular,8.094625,-0.3518406721778456,-0.9923735519944761
sub-014,OI,L_Angular,6.324500000000001,0.6145338794004506,-0.2752740827583204
sub-016,CA,L_Angular,7.9296875,0.0419216105218492,-0.7001817476180022
sub-016,JX,L_Angular,7.41975,-0.0851643734641857,-0.7944860642154334
sub-016,OI,L_Angular,7.255199999999999,-0.6540570836968538,-1.2166336258351909
sub-018,CA,L_Angular,4.7231875,2.262614744541243,0.9476864264154081
sub-018,JX,L_Angular,5.6216875,0.6367379062907482,-0.2587975562687383
sub-018,OI,L_Angular,6.258799999999999,0.0955127591676101,-0.6604143673751487
sub-019,CA,L_Angular,4.8881250000000005,1.2316506748519294,0.1826582228391521
sub-019,JX,L_Angular,5.0345625,0.3460189909806732,-0.4745258983751012
sub-019,OI,L_Angular,5.0951,1.4350025035986087,0.33355570686776653
sub-020,CA,L_Angular,7.3665,2.126976440668227,0.8470358499318121
sub-020,JX,L_Angular,7.9538125,1.3149645003240282,0.24448135335154048
sub-020,OI,L_Angular,8.339500000000001,0.3762093672634867,-0.4521230911270345
sub-021,CA,L_Angular,1.69975,2.730678774961611,1.2950139375080751
sub-021,JX,L_Angular,1.3881249999999998,-1.2259500226369355,-1.6410075109960223
sub-021,OI,L_Angular,1.4849,1.6593728920547064,0.5000500399515593
sub-023,CA,L_Angular,4.2091875,2.9581323344169594,1.4637961415664462
sub-023,JX,L_Angular,5.448,1.761269294581096,0.5756623954812129
sub-023,OI,L_Angular,4.5052,0.1761048019416933,-0.6006109391872219
sub-001,CA,PCC,8.411000000000001,2.7396039291610563,1.5314735167018425
sub-001,JX,PCC,13.065933333333335,-2.1321422995590584,-0.6512847242097664
sub-001,OI,PCC,8.6699,0.5939742047112526,0.5701362993858011
sub-002,CA,PCC,11.557230769230769,0.8402887324469421,0.6804961252120686
sub-002,JX,PCC,10.272444444444446,-0.6187596615835479,0.026777775273388683
sub-002,OI,PCC,8.662571428571429,1.0083125407875675,0.7557782386691986
sub-003,CA,PCC,10.988133333333334,0.6647334446455258,0.6018395751386831
sub-003,JX,PCC,12.614928571428573,-1.7776912712469333,-0.4924749531903216
sub-003,OI,PCC,7.123777777777777,-2.051849445206969,-0.6153099666392386
sub-004,CA,PCC,10.605875,1.3274360208552545,0.8987597022519466
sub-004,JX,PCC,13.004875,1.4053322690826788,0.9336606740538329
sub-004,OI,PCC,10.8439,3.727762171438312,1.9742122073873103
sub-006,CA,PCC,6.686375,-3.356450269104746,-1.1998289595776424
sub-006,JX,PCC,6.734562500000001,-1.6988849079982205,-0.45716620951986303
sub-006,OI,PCC,5.8728,-5.6422373339897245,-2.2239628776035034
sub-007,CA,PCC,4.201124999999999,-1.874432479372112,-0.5358193022917022
sub-007,JX,PCC,5.754,-5.238066437040887,-2.0428764017006973
sub-007,OI,PCC,5.2974,-1.5274141529590133,-0.3803397111627238
sub-008,CA,PCC,3.0185625000000003,5.184516592723568,2.626902755860354
sub-008,JX,PCC,3.803375,1.7034307972952056,1.0672220273163688
sub-008,OI,PCC,4.1777,2.8643747455463178,1.5873763726602794
sub-009,CA,PCC,6.913187499999999,0.3521265586595831,0.4617778345396053
sub-009,JX,PCC,7.467066666666668,-2.020645866791407,-0.6013293804726245
sub-009,OI,PCC,6.8887,0.3344923869471967,0.4538769440129299
sub-010,CA,PCC,9.7959375,0.2479811410184919,0.4151160713982615
sub-010,JX,PCC,9.2843125,-3.216342926146538,-1.1370546599535418
sub-010,OI,PCC,10.4234,1.6126737722112396,1.026558857454442
sub-011,CA,PCC,1.4995,-1.0088072839548918,-0.14798084763269423
sub-011,JX,PCC,2.2405,-0.102226714348057,0.2582074299286215
sub-011,OI,PCC,1.6527,-6.043802858368168,-2.403882031116825
sub-012,CA,PCC,7.5623125,-0.30322556695863,0.168151035085418
sub-012,JX,PCC,7.6025,-2.065181099201602,-0.6212831385278352
sub-012,OI,PCC,7.610900000000001,-0.7924986425938645,-0.051064988853404485
sub-013,CA,PCC,3.587375,1.538638692833786,0.9933878604359586
sub-013,JX,PCC,3.7654375,0.272591552504043,0.4261426265512431
sub-013,OI,PCC,3.3346,-0.7231855307501264,-0.020009642581828534
sub-014,CA,PCC,6.5771875,-0.847783899018011,-0.07583523414026137
sub-014,JX,PCC,8.094625,-2.711220372922537,-0.9107373675584368
sub-014,OI,PCC,6.324500000000001,-3.9792632142808735,-1.478876763959434
sub-016,CA,PCC,7.9296875,0.1709589342060461,0.38060670889042986
sub-016,JX,PCC,7.41975,-1.2447899210501492,-0.253711528511581
sub-016,OI,PCC,7.255199999999999,-1.1498229353484222,-0.2111621096947807
sub-018,CA,PCC,4.7231875,1.1902375529270346,0.8372887075713709
sub-018,JX,PCC,5.6216875,-0.4965854042732134,0.08151725767895072
sub-018,OI,PCC,6.258799999999999,-3.2907640095648727,-1.1703986038911998
sub-019,CA,PCC,4.8881250000000005,0.1812756151506086,0.38522903921992147
sub-019,JX,PCC,5.0345625,-0.1435872657542548,0.23967606967461164
sub-019,OI,PCC,5.0951,1.233832987949131,0.8568213947420668
sub-020,CA,PCC,7.3665,-1.4170925962185956,-0.3309107639598216
sub-020,JX,PCC,7.9538125,-1.2559780494785089,-0.2587243059389872
sub-020,OI,PCC,8.339500000000001,-5.522919013248226,-2.1705029813644785
sub-021,CA,PCC,1.69975,1.9420185299756807,1.1741199064831045
sub-021,JX,PCC,1.3881249999999998,-1.6468655785727428,-0.43385924428411693
sub-021,OI,PCC,1.4849,-0.5248700822817116,0.06884446826914592
sub-023,CA,PCC,4.2091875,0.109059936207969,0.3528732142375341
sub-023,JX,PCC,5.448,-0.6757611341668459,0.0012385890793700954
sub-023,OI,PCC,4.5052,-2.820462286623755,-0.9596825868267508
sub-001,CA,vmPFC,8.411000000000001,2.275982106604227,1.1273998990224983
sub-001,JX,vmPFC,13.065933333333335,0.1463059511611132,-0.22426248861776918
sub-001,OI,vmPFC,8.6699,1.6329082076142474,0.7192539001501593
sub-002,CA,vmPFC,11.557230769230769,1.9168260019969168,0.8994507826048017
sub-002,JX,vmPFC,10.272444444444446,0.3755567565681488,-0.07876163854112705
sub-002,OI,vmPFC,8.662571428571429,1.2734681958317515,0.4911245935897979
sub-003,CA,vmPFC,10.988133333333334,-0.6020037554416472,-0.6991995264091435
sub-003,JX,vmPFC,12.614928571428573,-0.8296390299390002,-0.8436750316881237
sub-003,OI,vmPFC,7.123777777777777,-0.5158309215694908,-0.6445073714147462
sub-004,CA,vmPFC,10.605875,-0.0170680356393681,-0.327952654144885
sub-004,JX,vmPFC,13.004875,0.6981039930407594,0.12595256960880977
sub-004,OI,vmPFC,10.8439,2.042544836708443,0.9792419845972835
sub-006,CA,vmPFC,6.686375,-0.3921983029117913,-0.5660402485622978
sub-006,JX,vmPFC,6.734562500000001,-0.4669307669306674,-0.6134714321682283
sub-006,OI,vmPFC,5.8728,-0.4158408084573845,-0.5810456687121542
sub-007,CA,vmPFC,4.201124999999999,0.5572397963302892,0.03654891263867926
sub-007,JX,vmPFC,5.754,-1.3177743694495136,-1.1534846601652253
sub-007,OI,vmPFC,5.2974,-1.2492818154462773,-1.11001382125717
sub-008,CA,vmPFC,3.0185625000000003,6.177872781831074,3.603851003059518
sub-008,JX,vmPFC,3.803375,4.831711032495993,2.7494693640456433
sub-008,OI,vmPFC,4.1777,4.964050524239617,2.833462563167539
sub-009,CA,vmPFC,6.913187499999999,0.1771537758167681,-0.20468399814117588
sub-009,JX,vmPFC,7.467066666666668,-1.1577697042375803,-1.0519329349129207
sub-009,OI,vmPFC,6.8887,-0.8150055901548727,-0.8343874833876694
sub-010,CA,vmPFC,9.7959375,-0.1048829225838426,-0.38368698701721404
sub-010,JX,vmPFC,9.2843125,-1.2038470431556547,-1.0811772901069883
sub-010,OI,vmPFC,10.4234,-0.1125180128579902,-0.3885328244105787
sub-011,CA,vmPFC,1.4995,1.0427389136417125,0.3446853841980657
sub-011,JX,vmPFC,2.2405,-1.1921544444209675,-1.0737562341482907
sub-011,OI,vmPFC,1.6527,-0.4918229265963825,-0.6292699825165007
sub-012,CA,vmPFC,7.5623125,0.93811562380231,0.2782830979229101
sub-012,JX,vmPFC,7.6025,-0.7704885661814028,-0.8061334285348556
sub-012,OI,vmPFC,7.610900000000001,-0.0730160460996676,-0.3634617249532382
sub-013,CA,vmPFC,3.587375,1.837540553837288,0.8491299120392605
sub-013,JX,vmPFC,3.7654375,0.8083509719680723,0.19592409762078236
sub-013,OI,vmPFC,3.3346,2.6029213938286637,1.3349016529646334
sub-014,CA,vmPFC,6.5771875,-0.1725100335188028,-0.4266085467115998
sub-014,JX,vmPFC,8.094625,0.4470062527230115,-0.033414088247368114
sub-014,OI,vmPFC,6.324500000000001,-0.6759812206472838,-0.7461515275365734
sub-016,CA,vmPFC,7.9296875,0.6820011232048273,0.11573240377060619
sub-016,JX,vmPFC,7.41975,0.6236334883274768,0.07868764627656367
sub-016,OI,vmPFC,7.255199999999999,-0.4161393606346252,-0.5812351537414592
sub-018,CA,vmPFC,4.7231875,0.1580876838264426,-0.21678486115583936
sub-018,JX,vmPFC,5.6216875,-0.7851509413098902,-0.8154393415132186
sub-018,OI,vmPFC,6.258799999999999,-1.344430761608651,-1.1704029331991825
sub-019,CA,vmPFC,4.8881250000000005,1.6935941221389343,0.757770022854038
sub-019,JX,vmPFC,5.0345625,2.109107548961552,1.0214879919735222
sub-019,OI,vmPFC,5.0951,1.9360734711333016,0.911666762026098
sub-020,CA,vmPFC,7.3665,0.2580944196116633,-0.15331260837878025
sub-020,JX,vmPFC,7.9538125,-0.0685626679077381,-0.36063525587502476
sub-020,OI,vmPFC,8.339500000000001,-1.0963160360489437,-1.0129295344847358
sub-021,CA,vmPFC,1.69975,3.0974067172141577,1.6487414877921214
sub-021,JX,vmPFC,1.3881249999999998,-0.6107698733183912,-0.7047632041492224
sub-021,OI,vmPFC,1.4849,-0.2086320544282595,-0.44953446289095855
sub-023,CA,vmPFC,4.2091875,0.9338802009881512,0.2755949607152788
sub-023,JX,vmPFC,5.448,-0.3837231471453134,-0.5606612385895082
sub-023,OI,vmPFC,4.5052,-0.2677427190772402,-0.48705080635484094
