subject,condition,roi1,roi2,r,n_trs,pair,fisher_z
sub-001,CA,PCC,L_Angular,0.2909233414355305,192,PCC-L_Angular,0.29957468354457206
sub-002,CA,PCC,L_Angular,0.3023633605598209,192,PCC-L_Angular,0.3121187346277234
sub-003,CA,PCC,L_Angular,0.8623460481763718,192,PCC-L_Angular,1.3024246738735996
sub-004,CA,PCC,L_Angular,0.3672982202221957,192,PCC-L_Angular,0.385296390251805
sub-006,CA,PCC,L_Angular,0.1937963950338559,192,PCC-L_Angular,0.1962787168816665
sub-007,CA,PCC,L_Angular,0.2251049053231491,192,PCC-L_Angular,0.22902704891342146
sub-008,CA,PCC,L_Angular,0.7848520351512399,192,PCC-L_Angular,1.0578823986427928
sub-009,CA,PCC,L_Angular,-0.1706073746430563,192,PCC-L_Angular,-0.1722921802436373
sub-010,CA,PCC,L_Angular,0.4885995898925744,192,PCC-L_Angular,0.5342191098197193
sub-011,CA,PCC,L_Angular,0.3630197484891185,192,PCC-L_Angular,0.3803596339122869
sub-012,CA,PCC,L_Angular,0.0399677096161567,192,PCC-L_Angular,0.039989011747344115
sub-013,CA,PCC,L_Angular,0.6155760945058253,192,PCC-L_Angular,0.7178505113200964
sub-014,CA,PCC,L_Angular,0.5262272886609443,192,PCC-L_Angular,0.5849132250402148
sub-016,CA,PCC,L_Angular,0.4522968119541389,192,PCC-L_Angular,0.4875840389398955
sub-018,CA,PCC,L_Angular,0.6655884287786127,192,PCC-L_Angular,0.8027806335554482
sub-019,CA,PCC,L_Angular,0.6108161553728086,192,PCC-L_Angular,0.7102222090330272
sub-020,CA,PCC,L_Angular,0.1425787485981712,192,PCC-L_Angular,0.1435568536164491
sub-021,CA,PCC,L_Angular,0.5679501150077915,192,PCC-L_Angular,0.6444916649497627
sub-023,CA,PCC,L_Angular,0.5729745052434511,192,PCC-L_Angular,0.6519399885313062
sub-001,JX,PCC,L_Angular,0.4175973312891986,192,PCC-L_Angular,0.4447783090785268
sub-002,JX,PCC,L_Angular,0.5043331864004281,192,PCC-L_Angular,0.5551005296294345
sub-003,JX,PCC,L_Angular,0.8566852084834291,192,PCC-L_Angular,1.2807522403399623
sub-004,JX,PCC,L_Angular,0.364334362358262,192,PCC-L_Angular,0.3818746219689762
sub-006,JX,PCC,L_Angular,0.2063578405853163,192,PCC-L_Angular,0.20936418567827497
sub-007,JX,PCC,L_Angular,0.4991919694551426,192,PCC-L_Angular,0.5482293499130334
sub-008,JX,PCC,L_Angular,0.8560773456257831,192,PCC-L_Angular,1.278472276447387
sub-009,JX,PCC,L_Angular,0.0326941959974051,192,PCC-L_Angular,0.0327058525301322
sub-010,JX,PCC,L_Angular,0.2789326150859859,192,PCC-L_Angular,0.28652426064803904
sub-011,JX,PCC,L_Angular,0.1541637094264482,192,PCC-L_Angular,0.15540273433699753
sub-012,JX,PCC,L_Angular,-0.183351045803904,192,PCC-L_Angular,-0.18544811803916642
sub-013,JX,PCC,L_Angular,0.6774819278999057,192,PCC-L_Angular,0.8244449616841567
sub-014,JX,PCC,L_Angular,0.2774417664324291,192,PCC-L_Angular,0.28490836010042647
sub-016,JX,PCC,L_Angular,0.3230100746894579,192,PCC-L_Angular,0.3350041938454629
sub-018,JX,PCC,L_Angular,0.4996532474488119,192,PCC-L_Angular,0.5488439144191452
sub-019,JX,PCC,L_Angular,0.5056181359626868,192,PCC-L_Angular,0.5568252958658124
sub-020,JX,PCC,L_Angular,0.2736669880206012,192,PCC-L_Angular,0.2808234036208167
sub-021,JX,PCC,L_Angular,0.5177278032865857,192,PCC-L_Angular,0.5732304755140356
sub-023,JX,PCC,L_Angular,0.5701200010858736,192,PCC-L_Angular,0.6477006158935684
sub-001,OI,PCC,L_Angular,0.1785986313686639,120,PCC-L_Angular,0.18053477171471258
sub-002,OI,PCC,L_Angular,0.2185448931644603,120,PCC-L_Angular,0.2221275060088706
sub-003,OI,PCC,L_Angular,0.6623820278195149,120,PCC-L_Angular,0.7970459064327408
sub-004,OI,PCC,L_Angular,0.2810168156491839,120,PCC-L_Angular,0.28878572944226133
sub-006,OI,PCC,L_Angular,0.5374487040871104,120,PCC-L_Angular,0.6005610875221995
sub-007,OI,PCC,L_Angular,0.4126209401824425,120,PCC-L_Angular,0.4387658557629753
sub-008,OI,PCC,L_Angular,0.8510596959348851,120,PCC-L_Angular,1.2599839904428063
sub-009,OI,PCC,L_Angular,0.0591381450623989,120,PCC-L_Angular,0.059207231767912316
sub-010,OI,PCC,L_Angular,0.249389520232718,120,PCC-L_Angular,0.25476173936364405
sub-011,OI,PCC,L_Angular,0.5233451775896631,120,PCC-L_Angular,0.5809356921129827
sub-012,OI,PCC,L_Angular,0.092987928902411,120,PCC-L_Angular,0.09325734263311806
sub-013,OI,PCC,L_Angular,0.6500137147035714,120,PCC-L_Angular,0.7753224549766375
sub-014,OI,PCC,L_Angular,0.3809479421103334,120,PCC-L_Angular,0.4011680438872143
sub-016,OI,PCC,L_Angular,0.781424813766595,120,PCC-L_Angular,1.049019361581231
sub-018,OI,PCC,L_Angular,0.4622134199800317,120,PCC-L_Angular,0.5001224088541208
sub-019,OI,PCC,L_Angular,0.7494520886657513,120,PCC-L_Angular,0.9717038803275379
sub-020,OI,PCC,L_Angular,0.1962758350610303,120,PCC-L_Angular,0.19885620368060733
sub-021,OI,PCC,L_Angular,0.76196831720252,120,PCC-L_Angular,1.0008915196843204
sub-023,OI,PCC,L_Angular,0.7128152291394925,120,PCC-L_Angular,0.8928839095450453
sub-001,CA,L_Angular,vmPFC,-0.0173570635813097,192,L_Angular-vmPFC,-0.017358806937071595
sub-002,CA,L_Angular,vmPFC,0.2087558001600792,192,L_Angular-vmPFC,0.21187010108919604
sub-003,CA,L_Angular,vmPFC,-0.1028642040486908,192,L_Angular-vmPFC,-0.10322932847839433
sub-004,CA,L_Angular,vmPFC,0.4305810320186434,192,L_Angular-vmPFC,0.4606097351560007
sub-006,CA,L_Angular,vmPFC,0.2965863697567471,192,L_Angular-vmPFC,0.3057725614406355
sub-007,CA,L_Angular,vmPFC,0.1082574650547451,192,L_Angular-vmPFC,0.10868337826718366
sub-008,CA,L_Angular,vmPFC,0.6209593059848268,192,L_Angular-vmPFC,0.7265649228822059
sub-009,CA,L_Angular,vmPFC,-0.278232278893169,192,L_Angular-vmPFC,-0.2857649995412786
sub-010,CA,L_Angular,vmPFC,0.1352757464325886,192,L_Angular-vmPFC,0.13611008734998667
sub-011,CA,L_Angular,vmPFC,0.2525008977746561,192,L_Angular-vmPFC,0.2580822227585623
sub-012,CA,L_Angular,vmPFC,-0.5397412954456824,192,L_Angular-vmPFC,-0.603790479362776
sub-013,CA,L_Angular,vmPFC,0.4540263891450621,192,L_Angular-vmPFC,0.48976058223131336
sub-014,CA,L_Angular,vmPFC,0.3863072543747572,192,L_Angular-vmPFC,0.4074522254138037
sub-016,CA,L_Angular,vmPFC,0.2277487336853008,192,L_Angular-vmPFC,0.23181375096880127
sub-018,CA,L_Angular,vmPFC,0.6594208178726716,192,L_Angular-vmPFC,0.7917881351944451
sub-019,CA,L_Angular,vmPFC,0.2670753625401465,192,L_Angular-vmPFC,0.27371188843716276
sub-020,CA,L_Angular,vmPFC,0.1302923481000299,192,L_Angular-vmPFC,0.13103723524996347
sub-021,CA,L_Angular,vmPFC,0.3370283100203848,192,L_Angular-vmPFC,0.35073623088474665
sub-023,CA,L_Angular,vmPFC,0.2556100266143108,192,L_Angular-vmPFC,0.26140587758269884
sub-001,JX,L_Angular,vmPFC,0.246932400533739,192,L_Angular-vmPFC,0.2521433686181722
sub-002,JX,L_Angular,vmPFC,0.3693458703522262,192,L_Angular-vmPFC,0.38766542807513127
sub-003,JX,L_Angular,vmPFC,-0.2689132376286645,192,L_Angular-vmPFC,-0.2756919760164342
sub-004,JX,L_Angular,vmPFC,0.4917138468121624,192,L_Angular-vmPFC,0.5383181940117383
sub-006,JX,L_Angular,vmPFC,0.1098315234319125,192,L_Angular-vmPFC,0.11027637888427798
sub-007,JX,L_Angular,vmPFC,0.1785423664575663,192,L_Angular-vmPFC,0.18047665356558773
sub-008,JX,L_Angular,vmPFC,-0.2608433701490317,192,L_Angular-vmPFC,-0.267013135278397
sub-009,JX,L_Angular,vmPFC,0.0826923186965548,192,L_Angular-vmPFC,0.08288157970568702
sub-010,JX,L_Angular,vmPFC,0.0309387614606227,192,L_Angular-vmPFC,0.030948638733275417
sub-011,JX,L_Angular,vmPFC,-0.3207693637541,192,L_Angular-vmPFC,-0.3325044783842151
sub-012,JX,L_Angular,vmPFC,-0.4129887460782387,192,L_Angular-vmPFC,-0.43920921326076223
sub-013,JX,L_Angular,vmPFC,0.4852901447876205,192,L_Angular-vmPFC,0.5298810309416333
sub-014,JX,L_Angular,vmPFC,0.5765441414273094,192,L_Angular-vmPFC,0.6572705998113824
sub-016,JX,L_Angular,vmPFC,0.2535267887023297,192,L_Angular-vmPFC,0.25917827894695794
sub-018,JX,L_Angular,vmPFC,0.6296652020437643,192,L_Angular-vmPFC,0.7408612096718309
sub-019,JX,L_Angular,vmPFC,0.1894593119549973,192,L_Angular-vmPFC,0.19177629103480054
sub-020,JX,L_Angular,vmPFC,0.2541230217881767,192,L_Angular-vmPFC,0.2598155709193834
sub-021,JX,L_Angular,vmPFC,0.2038709105327069,192,L_Angular-vmPFC,0.20676802878082615
sub-023,JX,L_Angular,vmPFC,-0.0250364272645839,192,L_Angular-vmPFC,-0.02504166036642457
sub-001,OI,L_Angular,vmPFC,0.2431397918336208,120,L_Angular-vmPFC,0.24810848881494893
sub-002,OI,L_Angular,vmPFC,0.3331805740315643,120,L_Angular-vmPFC,0.3464017459078507
sub-003,OI,L_Angular,vmPFC,-0.5625878032837792,120,L_Angular-vmPFC,-0.6366112908486614
sub-004,OI,L_Angular,vmPFC,0.312098717306036,120,L_Angular-vmPFC,0.3228689326703023
sub-006,OI,L_Angular,vmPFC,0.1620126720805341,120,L_Angular-vmPFC,0.16345293210203016
sub-007,OI,L_Angular,vmPFC,0.3615647044008941,120,L_Angular-vmPFC,0.37868475156674475
sub-008,OI,L_Angular,vmPFC,0.5879143567329522,120,L_Angular-vmPFC,0.6744727545349122
sub-009,OI,L_Angular,vmPFC,0.113898807920934,120,L_Angular-vmPFC,0.11439521165168283
sub-010,OI,L_Angular,vmPFC,0.3595942353663587,120,L_Angular-vmPFC,0.37641979758431043
sub-011,OI,L_Angular,vmPFC,0.0524076024183809,120,L_Angular-vmPFC,0.05245566179407017
sub-012,OI,L_Angular,vmPFC,-0.4754444895991807,120,L_Angular-vmPFC,-0.517081657565049
sub-013,OI,L_Angular,vmPFC,0.5984717023560725,120,L_Angular-vmPFC,0.690762627502889
sub-014,OI,L_Angular,vmPFC,0.417819649989561,120,L_Angular-vmPFC,0.4450476166732491
sub-016,OI,L_Angular,vmPFC,-0.0006531513584403,120,L_Angular-vmPFC,-0.0006531514513199051
sub-018,OI,L_Angular,vmPFC,0.5572975355735209,120,L_Angular-vmPFC,0.6289046712343154
sub-019,OI,L_Angular,vmPFC,0.1500875110091742,120,L_Angular-vmPFC,0.1512299624680183
sub-020,OI,L_Angular,vmPFC,-0.0172449691373724,120,L_Angular-vmPFC,-0.01724667893028238
sub-021,OI,L_Angular,vmPFC,0.4798450791103434,120,L_Angular-vmPFC,0.5227829965049624
sub-023,OI,L_Angular,vmPFC,0.2034368911714804,120,L_Angular-vmPFC,0.20631522960561843
sub-001,CA,PCC,vmPFC,0.2929688642001692,192,PCC-vmPFC,0.30181079697796276
sub-002,CA,PCC,vmPFC,0.2052941041308993,192,PCC-vmPFC,0.20825339102847876
sub-003,CA,PCC,vmPFC,0.1644261896380476,192,PCC-vmPFC,0.16593250835085385
sub-004,CA,PCC,vmPFC,0.3398577388023482,192,PCC-vmPFC,0.35393168158675337
sub-006,CA,PCC,vmPFC,0.3799853476853509,192,PCC-vmPFC,0.40004252497506065
sub-007,CA,PCC,vmPFC,0.264298672163941,192,PCC-vmPFC,0.2707243031330056
sub-008,CA,PCC,vmPFC,0.5730670333855576,192,PCC-vmPFC,0.652077751545403
sub-009,CA,PCC,vmPFC,0.4708833083506793,192,PCC-vmPFC,0.511204696341942
sub-010,CA,PCC,vmPFC,0.5457068800470289,192,PCC-vmPFC,0.6122469919336297
sub-011,CA,PCC,vmPFC,0.2001908692455277,192,PCC-vmPFC,0.2029313840938227
sub-012,CA,PCC,vmPFC,0.5772991595472063,192,PCC-vmPFC,0.6584022873918204
sub-013,CA,PCC,vmPFC,0.5499016795346929,192,PCC-vmPFC,0.6182403632606385
sub-014,CA,PCC,vmPFC,-0.2426222223924151,192,PCC-vmPFC,-0.24755847329166022
sub-016,CA,PCC,vmPFC,-0.471510156182392,192,PCC-vmPFC,-0.5120104407224552
sub-018,CA,PCC,vmPFC,0.5715070036933816,192,PCC-vmPFC,0.64975795984599
sub-019,CA,PCC,vmPFC,0.4870149214226291,192,PCC-vmPFC,0.53213961141867
sub-020,CA,PCC,vmPFC,0.2577007584778905,192,PCC-vmPFC,0.26364404289582055
sub-021,CA,PCC,vmPFC,0.222064017594297,192,PCC-vmPFC,0.22582614497441664
sub-023,CA,PCC,vmPFC,0.5443567196410279,192,PCC-vmPFC,0.6103262582388458
sub-001,JX,PCC,vmPFC,0.0897760241731839,192,PCC-vmPFC,0.09001838759505133
sub-002,JX,PCC,vmPFC,0.3641714654840013,192,PCC-vmPFC,0.3816868055808697
sub-003,JX,PCC,vmPFC,0.0178656924482757,192,PCC-vmPFC,0.017867593620621087
sub-004,JX,PCC,vmPFC,0.4939028492011414,192,PCC-vmPFC,0.5412093438927198
sub-006,JX,PCC,vmPFC,0.1381514836417207,192,PCC-vmPFC,0.13904059980540076
sub-007,JX,PCC,vmPFC,0.0465315758458379,192,PCC-vmPFC,0.046565202738022
sub-008,JX,PCC,vmPFC,-0.0626368691441489,192,PCC-vmPFC,-0.06271897854379217
sub-009,JX,PCC,vmPFC,0.3699704583787947,192,PCC-vmPFC,0.3883888728070425
sub-010,JX,PCC,vmPFC,0.4337173583069669,192,PCC-vmPFC,0.46446629050929905
sub-011,JX,PCC,vmPFC,-0.0260546601031464,192,PCC-vmPFC,-0.02606055820030194
sub-012,JX,PCC,vmPFC,0.6851273875260055,192,PCC-vmPFC,0.8387141443235098
sub-013,JX,PCC,vmPFC,0.5615479761207295,192,PCC-vmPFC,0.6350912522154163
sub-014,JX,PCC,vmPFC,-0.3319269121507751,192,PCC-vmPFC,-0.3449921991688879
sub-016,JX,PCC,vmPFC,-0.4820262379688678,192,PCC-vmPFC,-0.5256204608023461
sub-018,JX,PCC,vmPFC,0.3763059947122247,192,PCC-vmPFC,0.3957492508471393
sub-019,JX,PCC,vmPFC,0.3641410701699032,192,PCC-vmPFC,0.38165176332000394
sub-020,JX,PCC,vmPFC,0.1965093710166394,192,PCC-vmPFC,0.19909910848921059
sub-021,JX,PCC,vmPFC,0.5454379750253568,192,PCC-vmPFC,0.6118641276212342
sub-023,JX,PCC,vmPFC,0.2149356413751224,192,PCC-vmPFC,0.2183403421894397
sub-001,OI,PCC,vmPFC,-0.0136260629545004,120,PCC-vmPFC,-0.013626906363641127
sub-002,OI,PCC,vmPFC,0.1917445455839942,120,PCC-vmPFC,0.19414767612628922
sub-003,OI,PCC,vmPFC,0.0100153640647033,120,PCC-vmPFC,0.010015698956960415
sub-004,OI,PCC,vmPFC,0.3126613921734352,120,PCC-vmPFC,0.32349245132089305
sub-006,OI,PCC,vmPFC,0.1497810570771847,120,PCC-vmPFC,0.1509164609279605
sub-007,OI,PCC,vmPFC,0.0313958400931321,120,PCC-vmPFC,0.03140616181199175
sub-008,OI,PCC,vmPFC,0.6902015766427312,120,PCC-vmPFC,0.8483406190910482
sub-009,OI,PCC,vmPFC,0.1275069594838749,120,PCC-vmPFC,0.12820478314503592
sub-010,OI,PCC,vmPFC,0.2633428667536787,120,PCC-vmPFC,0.26969699557877197
sub-011,OI,PCC,vmPFC,0.2573735605112467,120,PCC-vmPFC,0.2632936017821437
sub-012,OI,PCC,vmPFC,0.5448014572765608,120,PCC-vmPFC,0.6109584965242368
sub-013,OI,PCC,vmPFC,0.6455893523437626,120,PCC-vmPFC,0.7676988027410632
sub-014,OI,PCC,vmPFC,-0.4123629028963973,120,PCC-vmPFC,-0.43845491142333815
sub-016,OI,PCC,vmPFC,-0.2569979852214049,120,PCC-vmPFC,-0.26289142467373455
sub-018,OI,PCC,vmPFC,0.4349450700736474,120,PCC-vmPFC,0.46597945061869367
sub-019,OI,PCC,vmPFC,0.305034559147516,120,PCC-vmPFC,0.3150613412875954
sub-020,OI,PCC,vmPFC,-0.0010347122062127,120,PCC-vmPFC,-0.001034712575477356
sub-021,OI,PCC,vmPFC,0.379461743419853,120,PCC-vmPFC,0.39943070194052915
sub-023,OI,PCC,vmPFC,0.5354120084603947,120,PCC-vmPFC,0.5977015301519994
