subject,condition,rt_s
sub-001,CA,8.411000000000001
sub-001,JX,13.065933333333335
sub-001,OI,8.6699
sub-002,CA,11.557230769230769
sub-002,JX,10.272444444444446
sub-002,OI,8.662571428571429
sub-003,CA,10.988133333333334
sub-003,JX,12.614928571428573
sub-003,OI,7.123777777777777
sub-004,CA,10.605875
sub-004,JX,13.004875
sub-004,OI,10.8439
sub-006,CA,6.686375
sub-006,JX,6.734562500000001
sub-006,OI,5.8728
sub-007,CA,4.201124999999999
sub-007,JX,5.754
sub-007,OI,5.2974
sub-008,CA,3.0185625000000003
sub-008,JX,3.803375
sub-008,OI,4.1777
sub-009,CA,6.913187499999999
sub-009,JX,7.467066666666668
sub-009,OI,6.8887
sub-010,CA,9.7959375
sub-010,JX,9.2843125
sub-010,OI,10.4234
sub-011,CA,1.4995
sub-011,JX,2.2405
sub-011,OI,1.6527
sub-012,CA,7.5623125
sub-012,JX,7.6025
sub-012,OI,7.610900000000001
sub-013,CA,3.587375
sub-013,JX,3.7654375
sub-013,OI,3.3346
sub-014,CA,6.5771875
sub-014,JX,8.094625
sub-014,OI,6.324500000000001
sub-016,CA,7.9296875
sub-016,JX,7.41975
sub-016,OI,7.255199999999999
sub-018,CA,4.7231875
sub-018,JX,5.6216875
sub-018,OI,6.258799999999999
sub-019,CA,4.8881250000000005
sub-019,JX,5.0345625
sub-019,OI,5.0951
sub-020,CA,7.3665
sub-020,JX,7.9538125
sub-020,OI,8.339500000000001
sub-021,CA,1.69975
sub-021,JX,1.3881249999999998
sub-021,OI,1.4849
sub-023,CA,4.2091875
sub-023,JX,5.448
sub-023,OI,4.5052
