sample_n,contrast,family,n,n_CDT_clusters,n_FWE_clusters,min_pFWE,n_perm,seed,two_sided,CDT,manual_t_max_error,Holm_within_declared_family
19,phase_middle_minus_early_average,A_primary_early_middle,19,119,12,0.00043999999999999595,50000,20260921,True,0.001,6.217248937900877e-15,0.0017599999999999838
19,interaction_middle_minus_early_CA_minus_JX,A_primary_early_middle,19,5,0,0.38204000000000005,50000,20261930,True,0.001,3.552713678800501e-15,0.76662
19,interaction_middle_minus_early_CA_minus_OI,A_primary_early_middle,19,1,0,0.91958,50000,20262939,True,0.001,3.1086244689504383e-15,0.91958
19,interaction_middle_minus_early_JX_minus_OI,A_primary_early_middle,19,7,0,0.25554,50000,20263948,True,0.001,2.6645352591003757e-15,0.76662
19,phase_pre_minus_middle_average,B_supporting_pre_comparisons,19,77,7,0.00466,50000,20264957,True,0.001,5.329070518200751e-15,0.03262
19,interaction_pre_minus_middle_CA_minus_JX,B_supporting_pre_comparisons,19,16,0,0.28659999999999997,50000,20265966,True,0.001,3.552713678800501e-15,0.6742800000000003
19,interaction_pre_minus_middle_CA_minus_OI,B_supporting_pre_comparisons,19,9,0,0.13232,50000,20266975,True,0.001,3.552713678800501e-15,0.6742800000000003
19,interaction_pre_minus_middle_JX_minus_OI,B_supporting_pre_comparisons,19,10,0,0.11238000000000005,50000,20267984,True,0.001,3.552713678800501e-15,0.6742800000000003
19,phase_pre_minus_early_average,B_supporting_pre_comparisons,19,162,22,0.0011999999999999786,50000,20268993,True,0.001,9.769962616701378e-15,0.00959999999999983
19,interaction_pre_minus_early_CA_minus_JX,B_supporting_pre_comparisons,19,34,0,0.13507999999999998,50000,20270002,True,0.001,3.9968028886505635e-15,0.6742800000000003
19,interaction_pre_minus_early_CA_minus_OI,B_supporting_pre_comparisons,19,10,0,0.70292,50000,20271011,True,0.001,3.9968028886505635e-15,0.70292
19,interaction_pre_minus_early_JX_minus_OI,B_supporting_pre_comparisons,19,12,0,0.15800000000000006,50000,20272020,True,0.001,3.552713678800501e-15,0.6742800000000003
19,early_CA_minus_JX,C_phase_specific_condition_effects,19,13,0,0.46258,50000,20273029,True,0.001,3.552713678800501e-15,1.0
19,early_CA_minus_OI,C_phase_specific_condition_effects,19,5,0,0.83138,50000,20274038,True,0.001,3.1086244689504383e-15,1.0
19,early_JX_minus_OI,C_phase_specific_condition_effects,19,5,0,0.35140000000000005,50000,20275047,True,0.001,2.6645352591003757e-15,1.0
19,middle_CA_minus_JX,C_phase_specific_condition_effects,19,0,0,1.0,50000,20276056,True,0.001,2.6645352591003757e-15,1.0
19,middle_CA_minus_OI,C_phase_specific_condition_effects,19,0,0,1.0,50000,20277065,True,0.001,2.220446049250313e-15,1.0
19,middle_JX_minus_OI,C_phase_specific_condition_effects,19,0,0,1.0,50000,20278074,True,0.001,2.220446049250313e-15,1.0
19,pre_CA_minus_JX,C_phase_specific_condition_effects,19,41,0,0.09487999999999995,50000,20279083,True,0.001,3.552713678800501e-15,0.8539199999999996
19,pre_CA_minus_OI,C_phase_specific_condition_effects,19,19,0,0.5835,50000,20280092,True,0.001,3.9968028886505635e-15,1.0
19,pre_JX_minus_OI,C_phase_specific_condition_effects,19,14,0,0.7804599999999999,50000,20281101,True,0.001,3.552713678800501e-15,1.0
