sample_n,contrast,family,sign,cluster_id,k,x,y,z,peak_t,pFWE,significant,cortical_label,cortical_probability,subcortical_label,subcortical_probability,reported_peak_label
19,phase_middle_minus_early_average,A_primary_early_middle,positive,1,57,-57.0,-42.0,4.4999988079071045,5.702396458133279,0.0038,True,"Superior Temporal Gyrus, posterior division",26.0,Left Cerebral Cortex ,80.07793426513672,"Superior Temporal Gyrus, posterior division"
19,phase_middle_minus_early_average,A_primary_early_middle,positive,15,90,-48.0,-63.0,-15.3000009059906,5.975450645226176,0.00134,True,"Inferior Temporal Gyrus, temporooccipital part",39.0,Left Cerebral Cortex ,85.65261840820312,"Inferior Temporal Gyrus, temporooccipital part"
19,phase_middle_minus_early_average,A_primary_early_middle,positive,17,30,-39.0,12.0,24.29999852180481,5.092866875525644,0.01444,True,"Inferior Frontal Gyrus, pars opercularis",21.0,Left Cerebral White Matter,58.55699920654297,"Inferior Frontal Gyrus, pars opercularis [WM peak]"
19,phase_middle_minus_early_average,A_primary_early_middle,positive,18,41,-39.0,36.0,-5.400001049041748,5.487911808413495,0.00756,True,Frontal Orbital Cortex,14.0,Left Cerebral White Matter,77.34259033203125,Frontal Orbital Cortex [WM peak]
19,phase_middle_minus_early_average,A_primary_early_middle,positive,23,122,-21.0,-93.0,-2.100001096725464,5.762846370170539,0.0006599999999999,True,Occipital Pole,35.0,Left Cerebral White Matter,54.04328536987305,Occipital Pole [WM peak]
19,phase_middle_minus_early_average,A_primary_early_middle,positive,25,17,-36.0,-15.0,-15.3000009059906,6.593427974649852,0.04418,True,"Temporal Fusiform Cortex, posterior division",1.0,Left Cerebral White Matter,82.22129821777344,"Temporal Fusiform Cortex, posterior division [WM peak]"
19,phase_middle_minus_early_average,A_primary_early_middle,positive,39,142,18.0,-69.0,-35.100000619888306,5.717164029580216,0.00046,True,Unassigned,0.0,Unassigned,0.0,Unassigned
19,phase_middle_minus_early_average,A_primary_early_middle,positive,40,18,-3.0,-54.0,-35.100000619888306,5.3796062161294165,0.04008,True,Unassigned,0.0,Unassigned,0.0,Unassigned
19,phase_middle_minus_early_average,A_primary_early_middle,positive,46,148,27.0,-93.0,4.4999988079071045,6.426380662313044,0.0004399999999999,True,Occipital Pole,47.0,Right Cerebral Cortex ,56.079776763916016,Occipital Pole
19,phase_middle_minus_early_average,A_primary_early_middle,positive,60,35,33.0,-60.0,-48.30000042915344,5.423862007751485,0.0104199999999999,True,Unassigned,0.0,Unassigned,0.0,Unassigned
19,phase_middle_minus_early_average,A_primary_early_middle,negative,11,23,15.0,-78.0,-2.100001096725464,-4.691970140046278,0.0249,True,Lingual Gyrus,28.0,Right Cerebral White Matter,62.426544189453125,Lingual Gyrus [WM peak]
19,phase_middle_minus_early_average,A_primary_early_middle,negative,22,72,57.0,-33.0,40.79999828338623,-5.924310865665743,0.00224,True,"Supramarginal Gyrus, anterior division",23.0,Right Cerebral Cortex ,61.907066345214844,"Supramarginal Gyrus, anterior division"
19,phase_pre_minus_middle_average,B_supporting_pre_comparisons,positive,1,30,-51.0,-54.0,11.099998712539673,5.542519727755328,0.0146199999999999,True,"Middle Temporal Gyrus, temporooccipital part",33.0,Left Cerebral Cortex ,73.22506713867188,"Middle Temporal Gyrus, temporooccipital part"
19,phase_pre_minus_middle_average,B_supporting_pre_comparisons,positive,7,22,-45.0,-6.0,53.99999809265137,5.0587401898291535,0.0251599999999999,True,Precentral Gyrus,70.0,Left Cerebral Cortex ,84.6509017944336,Precentral Gyrus
19,phase_pre_minus_middle_average,B_supporting_pre_comparisons,positive,28,56,-12.0,0.0,63.89999794960022,5.88744535337988,0.00466,True,Superior Frontal Gyrus,28.0,Left Cerebral White Matter,55.46255874633789,Superior Frontal Gyrus [WM peak]
19,phase_pre_minus_middle_average,B_supporting_pre_comparisons,positive,35,18,-3.0,-27.0,-41.70000052452088,5.325810656838569,0.03578,True,Unassigned,0.0,Brain-Stem,100.0,Brain-Stem
19,phase_pre_minus_middle_average,B_supporting_pre_comparisons,positive,51,24,30.0,-63.0,-54.90000033378601,5.347819316120806,0.0218,True,Unassigned,0.0,Unassigned,0.0,Unassigned
19,phase_pre_minus_middle_average,B_supporting_pre_comparisons,positive,61,20,45.0,18.0,27.599998474121094,4.8415392994586695,0.02936,True,Middle Frontal Gyrus,33.0,Right Cerebral Cortex ,82.66934204101562,Middle Frontal Gyrus
19,phase_pre_minus_middle_average,B_supporting_pre_comparisons,negative,7,18,66.0,-21.0,24.29999852180481,-5.212815784784013,0.03578,True,"Supramarginal Gyrus, anterior division",53.0,Right Cerebral Cortex ,84.40447235107422,"Supramarginal Gyrus, anterior division"
19,phase_pre_minus_early_average,B_supporting_pre_comparisons,positive,1,25,-57.0,-36.0,4.4999988079071045,4.84887496381415,0.03644,True,"Superior Temporal Gyrus, posterior division",59.0,Left Cerebral Cortex ,77.31087493896484,"Superior Temporal Gyrus, posterior division"
19,phase_pre_minus_early_average,B_supporting_pre_comparisons,positive,4,83,-42.0,12.0,24.29999852180481,5.499399585745184,0.0036199999999999,True,"Inferior Frontal Gyrus, pars opercularis",33.0,Left Cerebral Cortex ,58.272789001464844,"Inferior Frontal Gyrus, pars opercularis"
19,phase_pre_minus_early_average,B_supporting_pre_comparisons,positive,5,27,-54.0,-54.0,7.799998760223389,5.241493904672944,0.03242,True,"Middle Temporal Gyrus, temporooccipital part",46.0,Left Cerebral Cortex ,75.77819061279297,"Middle Temporal Gyrus, temporooccipital part"
19,phase_pre_minus_early_average,B_supporting_pre_comparisons,positive,9,38,-51.0,3.0,50.69999814033508,5.350434580756738,0.0179599999999999,True,Precentral Gyrus,43.0,Left Cerebral Cortex ,70.62434387207031,Precentral Gyrus
19,phase_pre_minus_early_average,B_supporting_pre_comparisons,positive,10,144,-45.0,-45.0,-8.700001001358032,6.463697219009164,0.0011999999999999,True,"Inferior Temporal Gyrus, temporooccipital part",4.0,Left Cerebral White Matter,88.20108032226562,"Inferior Temporal Gyrus, temporooccipital part [WM peak]"
19,phase_pre_minus_early_average,B_supporting_pre_comparisons,positive,26,99,-30.0,-93.0,-5.400001049041748,6.459674614497389,0.0025199999999999,True,Occipital Pole,50.0,Left Cerebral Cortex ,61.77980422973633,Occipital Pole
19,phase_pre_minus_early_average,B_supporting_pre_comparisons,positive,36,30,-21.0,-30.0,4.4999988079071045,5.600107065893936,0.027,True,Unassigned,0.0,Left Cerebral White Matter,60.601932525634766,Unassigned [WM peak]
19,phase_pre_minus_early_average,B_supporting_pre_comparisons,positive,42,94,3.0,-51.0,-35.100000619888306,5.0468543447632745,0.0027599999999999,True,Unassigned,0.0,Brain-Stem,1.487341284751892,Brain-Stem
19,phase_pre_minus_early_average,B_supporting_pre_comparisons,positive,43,42,-21.0,6.0,1.1999988555908203,7.218328675608408,0.0149399999999999,True,Unassigned,0.0,Left Putamen,99.14900970458984,Left Putamen
19,phase_pre_minus_early_average,B_supporting_pre_comparisons,positive,56,74,-3.0,6.0,63.89999794960022,5.92847405005463,0.0049,True,Juxtapositional Lobule Cortex (formerly Supplementary Motor Cortex),63.0,Left Cerebral Cortex ,82.65214538574219,Juxtapositional Lobule Cortex (formerly Supplementary Motor Cortex)
19,phase_pre_minus_early_average,B_supporting_pre_comparisons,positive,57,28,-3.0,-24.0,-8.700001001358032,5.628701811485228,0.0303799999999999,True,Unassigned,0.0,Brain-Stem,8.99685001373291,Brain-Stem
19,phase_pre_minus_early_average,B_supporting_pre_comparisons,positive,61,25,-3.0,-30.0,-41.70000052452088,6.413452970236398,0.03644,True,Unassigned,0.0,Brain-Stem,100.0,Brain-Stem
19,phase_pre_minus_early_average,B_supporting_pre_comparisons,positive,76,72,18.0,12.0,4.4999988079071045,7.312061552373165,0.00536,True,Unassigned,0.0,Right Cerebral White Matter,85.11770629882812,Unassigned [WM peak]
19,phase_pre_minus_early_average,B_supporting_pre_comparisons,positive,78,142,30.0,-93.0,-2.100001096725464,5.624034262201091,0.0012199999999999,True,Occipital Pole,56.0,Right Cerebral Cortex ,63.15754699707031,Occipital Pole
19,phase_pre_minus_early_average,B_supporting_pre_comparisons,positive,87,68,30.0,-66.0,-51.60000038146973,5.795070981967037,0.0059599999999999,True,Unassigned,0.0,Unassigned,0.0,Unassigned
19,phase_pre_minus_early_average,B_supporting_pre_comparisons,positive,91,73,30.0,-48.0,-25.200000762939453,5.661299544841351,0.00514,True,Unassigned,0.0,Right Cerebral Cortex ,0.0021498985588550568,Right Cerebral Cortex 
19,phase_pre_minus_early_average,B_supporting_pre_comparisons,positive,107,23,39.0,-3.0,-35.100000619888306,5.213562868199183,0.0422599999999999,True,"Temporal Fusiform Cortex, anterior division",23.0,Right Cerebral White Matter,57.34257125854492,"Temporal Fusiform Cortex, anterior division [WM peak]"
19,phase_pre_minus_early_average,B_supporting_pre_comparisons,negative,13,104,-12.0,-66.0,20.999998569488525,-5.76410664142483,0.0023199999999999,True,Precuneous Cortex,37.0,Left Cerebral Cortex ,80.31659698486328,Precuneous Cortex
19,phase_pre_minus_early_average,B_supporting_pre_comparisons,negative,15,32,-9.0,-39.0,47.3999981880188,-6.314932980599607,0.02368,True,Precuneous Cortex,29.0,Left Cerebral Cortex ,86.72401428222656,Precuneous Cortex
19,phase_pre_minus_early_average,B_supporting_pre_comparisons,negative,23,48,15.0,-90.0,20.999998569488525,-5.455904796681607,0.0118,True,Occipital Pole,37.0,Right Cerebral Cortex ,59.36294174194336,Occipital Pole
19,phase_pre_minus_early_average,B_supporting_pre_comparisons,negative,24,72,15.0,-75.0,-5.400001049041748,-6.022842086242586,0.00536,True,Lingual Gyrus,48.0,Right Cerebral Cortex ,63.3230094909668,Lingual Gyrus
19,phase_pre_minus_early_average,B_supporting_pre_comparisons,negative,36,133,63.0,-30.0,24.29999852180481,-5.948557908875985,0.0014399999999999,True,Parietal Operculum Cortex,32.0,Right Cerebral Cortex ,74.37818908691406,Parietal Operculum Cortex
