Cluster ID,X,Y,Z,Peak Stat,Cluster Size (mm3),Region
1,24.0,-66.0,-54.90000033378601,5.211669,179001,R Post
1a,18.0,-12.0,-15.3000009059906,4.7467766,,R Post
1b,-18.0,-99.0,-5.400001049041748,4.584239,,L Post
1c,-9.0,-30.0,-5.400001049041748,4.535297,,L Post
2,27.0,-87.0,-2.100001096725464,4.795181,12622,R Post
2a,18.0,-96.0,-5.400001049041748,4.1915207,,R Post
2b,45.0,-63.0,-15.3000009059906,3.9456086,,R Post
2c,33.0,-69.0,-5.400001049041748,3.4402146,,R Post
3,-3.0,9.0,50.69999814033508,4.4851785,11078,Mid Frontal
3a,9.0,15.0,50.69999814033508,4.386589,,R Frontal
3b,-9.0,0.0,70.49999785423279,4.241153,,L Post
3c,-3.0,3.0,60.599997997283936,4.129622,,Mid Frontal
4,-30.0,27.0,1.1999988555908203,4.2779098,13958,L Frontal
4a,-51.0,9.0,14.399998664855957,4.0903077,,L Frontal
4b,-42.0,12.0,24.29999852180481,4.080907,,L IFG
4c,-45.0,3.0,27.599998474121094,3.9503658,,L STG
5,-33.0,-75.0,27.599998474121094,4.185026,1663,L Visual
6,-30.0,-60.0,47.3999981880188,4.10214,1306,L Post
6a,-24.0,-69.0,44.099998235702515,3.1241271,,L Post
7,-48.0,-3.0,50.69999814033508,4.0733886,10008,L STG
7a,-39.0,-3.0,53.99999809265137,3.989358,,L Post
7b,-48.0,-30.0,50.69999814033508,3.7996438,,L Post
7c,-57.0,-18.0,50.69999814033508,3.6807451,,L STG
8,-36.0,-63.0,-51.60000038146973,3.8419106,2851,L Post
8a,-24.0,-63.0,-54.90000033378601,3.7158158,,L Post
8b,-33.0,-51.0,-51.60000038146973,3.336366,,L Post
8c,-30.0,-63.0,-61.50000023841858,3.2442799,,L Post
9,-3.0,36.0,-15.3000009059906,3.733869,980,vmPFC
10,24.0,-30.0,-18.600000858306885,3.496129,772,R Post
11,45.0,27.0,24.29999852180481,3.0985684,623,R IFG
11a,36.0,24.0,20.999998569488525,2.7555645,,R IFG
