map_key,map_label,family,n_cdt_clusters,n_positive_cdt_clusters,n_negative_cdt_clusters,n_within_map_significant_clusters,minimum_cluster_pFWE_raw,within_map_null,random_seed,manual_group_t_max_abs_diff,minimum_cluster_pFWE_holm_family3,map_survives_holm_family3_05,minimum_cluster_pFWE_holm_global9_sensitivity,map_survives_holm_global9_sensitivity_05
search_CA_minus_JX,Search CA−JX,Search,2,1,1,0,0.6441,True,20260918,1.7763568394002505e-15,1.0,False,1.0,False
search_CA_minus_OI,Search CA−OI,Search,1,0,1,0,0.6786,True,20261927,1.7763568394002505e-15,1.0,False,1.0,False
search_JX_minus_OI,Search JX−OI,Search,1,1,0,0,0.61744,True,20262936,2.220446049250313e-15,1.0,False,1.0,False
pre_CA_minus_JX,Pre CA−JX,Pre,90,90,0,0,0.06771999999999999,True,20263945,3.9968028886505635e-15,0.20315999999999995,False,0.6094799999999999,False
pre_CA_minus_OI,Pre CA−OI,Pre,10,8,2,0,0.7263,True,20264954,2.220446049250313e-15,0.7263,False,1.0,False
pre_JX_minus_OI,Pre JX−OI,Pre,33,0,33,0,0.14480000000000004,True,20265963,2.6645352591003757e-15,0.2896000000000001,False,1.0,False
interaction_CA_minus_JX,[Pre(CA−JX)]−[Search(CA−JX)],Interaction,32,32,0,0,0.08843999999999995,True,20266972,3.552713678800501e-15,0.26531999999999983,False,0.7075199999999996,False
interaction_CA_minus_OI,[Pre(CA−OI)]−[Search(CA−OI)],Interaction,3,3,0,0,0.98186,True,20267981,1.7763568394002505e-15,0.98186,False,1.0,False
interaction_JX_minus_OI,[Pre(JX−OI)]−[Search(JX−OI)],Interaction,16,0,16,0,0.22418000000000005,True,20268990,3.552713678800501e-15,0.4483600000000001,False,1.0,False
