subject,vmPFC_beta_CA,vmPFC_beta_JX,vmPFC_beta_OI,PCC_beta_CA,PCC_beta_JX,PCC_beta_OI,L_Angular_beta_CA,L_Angular_beta_JX,L_Angular_beta_OI,ATL_beta_CA,ATL_beta_JX,ATL_beta_OI,dmPFC_beta_CA,dmPFC_beta_JX,dmPFC_beta_OI
sub-001,2.275982106604227,0.14630595116111322,1.6329082076142474,2.7396039291610563,-2.1321422995590584,0.5939742047112526,2.0144545651851145,-0.12538835026297293,1.7855849928616327,1.2027281253500197,-0.22617450357997806,1.053413917136386,0.858163208299415,-1.6840929107634517,-0.8933700703319193
sub-002,1.9168260019969166,0.37555675656814885,1.2734681958317515,0.8402887324469421,-0.6187596615835479,1.0083125407875675,1.820200527503299,1.0514140291413012,3.4486908017377544,-0.016635123379074218,-0.4732528388182201,0.9670497369006034,0.012502883856252926,-1.6281599850219681,-0.2486464117873248
sub-003,-0.6020037554416472,-0.8296390299390002,-0.5158309215694908,0.6647334446455258,-1.7776912712469333,-2.051849445206969,0.0426241156258961,-0.8689168437679367,-0.5630007709387872,-0.04657560876169341,-1.0125943554217012,0.33641960893613776,-0.27252143399664047,-1.9091751312276697,-2.867370267466801
sub-004,-0.01706803563936818,0.6981039930407594,2.042544836708443,1.3274360208552543,1.4053322690826788,3.7277621714383122,0.0897186027631084,1.1771752964591653,2.94037679388998,0.37399147260116367,0.9644774041262576,2.064411070137247,0.477275267281244,1.463072096709374,3.207338006296233
sub-006,-0.39219830291179136,-0.4669307669306674,-0.4158408084573845,-3.356450269104746,-1.6988849079982205,-5.6422373339897245,2.1695251152434243,3.153203055635473,1.5652227230801634,-0.3669023923273009,-0.3196775320523638,0.1464419505914779,-2.4829292706842345,-1.2736559923723099,-2.6490781333267206
sub-007,0.5572397963302892,-1.3177743694495136,-1.2492818154462773,-1.8744324793721117,-5.238066437040887,-1.5274141529590133,1.8174401754210514,-0.45854327869336536,1.1336083501213934,0.5645994384871508,-0.2807946210136501,0.6015286876903316,-3.1447049184906772,-4.994808964613007,-2.3888656632687018
sub-008,6.177872781831074,4.831711032495993,4.964050524239617,5.1845165927235675,1.7034307972952056,2.8643747455463178,1.3594077302491276,-1.4089201053347045,1.3508959638732827,3.815017038244542,2.4887843770240017,3.2690889355612964,3.2927242314246126,3.901718062840826,3.21128048020892
sub-009,0.17715377581676817,-1.1577697042375803,-0.8150055901548727,0.3521265586595831,-2.020645866791407,0.3344923869471967,1.0335002627859755,-0.7825554685650121,-0.6821568230454756,0.8727034177191979,-0.5661282455775796,0.02003066528709681,-1.7575136480656097,-2.79086362013245,-3.7914309660351373
sub-010,-0.10488292258384267,-1.2038470431556547,-0.11251801285799025,0.24798114101849195,-3.216342926146538,1.6126737722112396,-0.03330807193613997,-1.189071038215444,1.3620836193847463,-0.28912140139779907,-1.1965976425908444,0.45255694761720855,-0.08803761453112578,-2.3175270184268797,-0.3993921055481201
sub-011,1.0427389136417125,-1.1921544444209677,-0.49182292659638255,-1.0088072839548918,-0.10222671434805705,-6.043802858368168,5.036588022379371,2.9291690707630744,3.1485427980561083,1.6522562838182218,0.036936124287000514,1.7240907245777486,-3.0090083002559536,-2.860711046623263,-3.350482024161554
sub-012,0.9381156238023101,-0.7704885661814028,-0.07301604609966762,-0.30322556695863,-2.065181099201602,-0.7924986425938645,0.25349881585187667,-0.037263421917228194,-0.2905715355967603,0.3461423653757154,-0.21338806791340825,-0.299219355863572,-1.4643829468243974,-3.210829672865509,-2.3686511047351044
sub-013,1.8375405538372878,0.8083509719680723,2.6029213938286633,1.538638692833786,0.27259155250404304,-0.7231855307501264,2.136068919931001,1.1430556326460972,1.0772035054680777,1.3218410762587214,1.0422387315732677,1.658397614955902,2.5142589213886883,1.972258913520027,2.567911163033024
sub-014,-0.17251003351880284,0.44700625272301153,-0.6759812206472838,-0.847783899018011,-2.711220372922537,-3.9792632142808744,0.12311459941660788,-0.35184067217784565,0.6145338794004506,0.49353503490366585,0.6799707658810359,0.15356870266661896,2.123082160790701,2.0684408129919776,1.2120071320635517
sub-016,0.6820011232048273,0.6236334883274768,-0.4161393606346252,0.1709589342060461,-1.2447899210501492,-1.1498229353484222,0.041921610521849215,-0.08516437346418577,-0.6540570836968538,0.0913659418418216,-0.13087139311965887,-0.7885230959324938,1.256812024199048,-0.31257094230457416,-1.423025283493041
sub-018,0.15808768382644264,-0.7851509413098902,-1.344430761608651,1.1902375529270346,-0.4965854042732134,-3.2907640095648727,2.262614744541243,0.6367379062907482,0.09551275916761015,-0.04666712445517381,-1.0540307409667629,-1.3089329629712474,-4.236392718807953,-5.375840596067227,-6.834632779282283
sub-019,1.6935941221389343,2.109107548961552,1.9360734711333019,0.18127561515060867,-0.14358726575425484,1.233832987949131,1.2316506748519294,0.34601899098067324,1.4350025035986087,1.040536998551551,0.9879341209080161,1.3016561295011846,1.8114516281076078,3.089912467795174,3.174138706874072
sub-020,0.25809441961166335,-0.0685626679077381,-1.0963160360489435,-1.4170925962185956,-1.2559780494785089,-5.522919013248226,2.126976440668227,1.3149645003240282,0.3762093672634867,1.2352704364348324,0.6276101144712146,0.9234869234354758,-1.3714132060001536,-2.2690575990856177,-3.3176677508688552
sub-021,3.0974067172141577,-0.6107698733183912,-0.20863205442825952,1.9420185299756807,-1.6468655785727428,-0.5248700822817116,2.730678774961611,-1.2259500226369355,1.6593728920547064,2.25566997501348,2.2440000651002014,4.071685242822499,2.843997802433929,-0.0008155739888912294,0.4362892009984187
sub-023,0.9338802009881512,-0.38372314714531347,-0.2677427190772402,0.10905993620796901,-0.6757611341668459,-2.820462286623755,2.9581323344169594,1.761269294581096,0.1761048019416933,-0.03274563194169262,-0.8366707586796909,0.05024526979986245,-1.253255589312412,-1.8981923684553523,-0.4566539800044422
