model,contrast,direction,manuscript_role,filename,source_sha256,source_bytes,shape,data_dtype,min_t,max_t,nonzero_voxels,source_project_relative
FirstResponseJointW05,Pre_CAgtJX,CA > JX,Figure 4A; first-response Pre-response,model-FirstResponseJointW05_contrast-Pre_CAgtJX_stat-t_desc-unthresholded.nii.gz,1667df54c642865701896b2157a1689a1ee15a8a4d93a0525191fef27b0e9ea5,388643,53x65x51,float64,-3.4469001187016923,6.3078030646204875,48279,glm_unified/insight_event_timing_sensitivity/joint_search_pre_phase_contrasts_20260831/group_inference/pre_CA_gt_JX_t.nii.gz
FirstResponseJointW05,Search_JXgtOI,JX > OI,Figure 4A; first-response Search,model-FirstResponseJointW05_contrast-Search_JXgtOI_stat-t_desc-unthresholded.nii.gz,5f68b81ebc4543100607bd1299de95748f52c1e51ba61c5f8064d4f5dd5136ae,388498,53x65x51,float64,-3.955350136862303,4.531803498421679,48279,glm_unified/insight_event_timing_sensitivity/joint_search_pre_phase_contrasts_20260831/group_inference/search_JX_gt_OI_t.nii.gz
FirstResponseJointW05,PreMinusSearch_CAgtJX,[Pre(CA−JX)] − [Search(CA−JX)],Figure 4A; first-response condition-by-phase interaction,model-FirstResponseJointW05_contrast-PreMinusSearch_CAgtJX_stat-t_desc-unthresholded.nii.gz,d9d36e7738073fb634433e5ae3964c1af28b66cea8838572f46d656be133b909,388719,53x65x51,float64,-3.26189558560685,6.162371080996253,48279,glm_unified/insight_event_timing_sensitivity/joint_search_pre_phase_contrasts_20260831/group_inference/phase_pre_gt_search_CA_gt_JX_t.nii.gz
DurationSensitivityW10,Pre_CAgtJX,CA > JX,Results: 1-s Pre-response; Figure 1B is model schematic,model-DurationSensitivityW10_contrast-Pre_CAgtJX_stat-t_desc-unthresholded.nii.gz,0847e92f8b72fc4b445317cd51720fccf5219070971501118bac1c58a7b5bf91,388484,53x65x51,float64,-3.2722672643179513,5.929460127913344,48279,glm_unified/section3_duration_sensitivity_20260908/group/w10_pre_CA_gt_JX_t.nii.gz
DurationSensitivityW10,PreMinusSearch_CAgtJX,[Pre(CA−JX)] − [Search(CA−JX)],Results: 1-s Pre-response phase interaction; retrospective positive one-sided within-map cluster after originally null two-sided test; Figure 1B is model schematic,model-DurationSensitivityW10_contrast-PreMinusSearch_CAgtJX_stat-t_desc-unthresholded.nii.gz,29fd8f876b339b53d94ced512b796dec7036cbd3594fca2b193a7fcf04d99ed3,388241,53x65x51,float64,-3.355806373571894,5.356527162637549,48279,glm_unified/w1_comprehensive_group_only_twosided_20260918/group/interaction_CA_minus_JX_t.nii.gz
PostResponseW05,Post_CAgtJX,CA > JX,Results: 0–0.5-s Post-response; Figure 1C is model schematic,model-PostResponseW05_contrast-Post_CAgtJX_stat-t_desc-unthresholded.nii.gz,985edf250aff28375bdd3645a2fcca9c1de509c04616dfe8696864a2e1e1dd1b,250453,53x65x51,float32,-3.758042812347412,5.388040542602539,65847,glm_unified/permutation_cluster_fwe_table1_20260825/insight_CA_gt_JX_t.nii.gz
OnsetToFirstResponseRT,CAgtJX,CA > JX,Results: onset-to-first-response RT-adjusted N19; Figure 1D is model schematic,model-OnsetToFirstResponseRT_contrast-CAgtJX_stat-t_desc-unthresholded.nii.gz,4b402d96c6d811820220184259ea680350cada6bbf098e18937df1ce2cc1b6f4,513708,53x65x51,float64,-3.9248327843717004,6.175838130891781,65847,glm_unified/whole_search_matched_n19_20260916/ca_gt_jx/CA_gt_JX_manual_t_from_n19_stack.nii.gz
AllResponseJointW05,Pre_CAgtJX,CA > JX,Fig5; retained-CSV all-response Pre,model-AllResponseJointW05_contrast-Pre_CAgtJX_stat-t_desc-unthresholded.nii.gz,55af1d015db44369c646427a43c343e6ef42623c2d1aee15fe7199008d7ea7c1,423021,53x65x51,float64,-3.0651004934216406,6.497978902226617,52787,glm_unified/allbutton_joint_complete_contrasts_20260916/group_inference/N19/pre_CA_gt_JX/t_finite_float64.nii.gz
AllResponseJointW05,Pre_OIgtJX,OI > JX,Fig5; retained-CSV all-response Pre,model-AllResponseJointW05_contrast-Pre_OIgtJX_stat-t_desc-unthresholded.nii.gz,2f86b873b420a330c8d6e55741c3ba8ed8c888d4850b253aab861ee5f41190a3,423695,53x65x51,float64,-3.184661579905369,6.736980276716918,52787,glm_unified/allbutton_joint_complete_contrasts_20260916/group_inference/N19/pre_OI_gt_JX/t_finite_float64.nii.gz
AllResponseJointW05,Search_JXgtOI,JX > OI,Fig5; retained-CSV all-response Search,model-AllResponseJointW05_contrast-Search_JXgtOI_stat-t_desc-unthresholded.nii.gz,cd89d355b2a4cd43921f5d03328b8b46894a3e80e9b54bdc39b80e45c72dc3ff,423440,53x65x51,float64,-3.431233275894876,5.211091963024097,52787,glm_unified/allbutton_joint_complete_contrasts_20260916/group_inference/N19/search_JX_gt_OI/t_finite_float64.nii.gz
AllResponseJointW05,PreMinusSearch_JXgtOI,[Pre(JX−OI)] − [Search(JX−OI)]; negative t corresponds to OI−JX larger in Pre,Fig5; retained-CSV all-response phase-by-condition interaction,model-AllResponseJointW05_contrast-PreMinusSearch_JXgtOI_stat-t_desc-unthresholded.nii.gz,80e3ea9e44c723f4b9ec4731576d4057355771940c24580c49412d465a2475fb,423444,53x65x51,float64,-6.379703077624795,3.041783645335074,52787,glm_unified/allbutton_joint_complete_contrasts_20260916/group_inference/N19/pre_minus_search_JX_gt_OI/t_finite_float64.nii.gz
ResponseOrderFirstFinalW05,Search_FinalgtFirst,final > first,Fig6; Search final vs first press,model-ResponseOrderFirstFinalW05_contrast-Search_FinalgtFirst_stat-t_desc-unthresholded.nii.gz,b61fc42a2def773da64bee270a4cfe315093a8c5a632f36238ef9ef9485bceda,424722,53x65x51,float64,-5.093482921758104,5.544390372744616,52787,glm_unified/preresponse_with_search_final_vs_first_20260921_r1/group_inference/search_final_gt_first_t.nii.gz
ResponseOrderFirstFinalW05,Search_FirstgtFinal,first > final,Fig6; Search first vs final press,model-ResponseOrderFirstFinalW05_contrast-Search_FirstgtFinal_stat-t_desc-unthresholded.nii.gz,7ecbe435eb001327c9b7af31d2efcbef7a77889e3cc57b774fa5448d739e1064,424662,53x65x51,float64,-5.544390372744616,5.093482921758104,52787,glm_unified/preresponse_with_search_final_vs_first_20260921_r1/group_inference/search_first_gt_final_t.nii.gz
