subject,condition,roi1,roi2,r,n_trs
sub-001,CA,dlPFC,PCC,0.14558876929546383,192
sub-001,CA,dlPFC,L_Angular,0.1586381848222663,192
sub-001,CA,dlPFC,ATL,0.5052027576706974,192
sub-001,CA,dlPFC,vmPFC,-0.09783456756526747,192
sub-001,CA,dlPFC,Motor,0.49269420039883705,192
sub-001,CA,PCC,L_Angular,0.29092334143553056,192
sub-001,CA,PCC,ATL,0.1266962683988606,192
sub-001,CA,PCC,vmPFC,0.2929688642001692,192
sub-001,CA,PCC,Motor,0.15925517487031704,192
sub-001,CA,L_Angular,ATL,0.6431985540473575,192
sub-001,CA,L_Angular,vmPFC,-0.017357063581309794,192
sub-001,CA,L_Angular,Motor,0.37517039148083553,192
sub-001,CA,ATL,vmPFC,0.11758361250221894,192
sub-001,CA,ATL,Motor,0.5494287906690016,192
sub-001,CA,vmPFC,Motor,0.06549793735551143,192
sub-001,JX,dlPFC,PCC,0.17419777287681926,192
sub-001,JX,dlPFC,L_Angular,-0.17349673314974545,192
sub-001,JX,dlPFC,ATL,0.29860966283268237,192
sub-001,JX,dlPFC,vmPFC,-0.19022286160913177,192
sub-001,JX,dlPFC,Motor,0.3223251972565949,192
sub-001,JX,PCC,L_Angular,0.4175973312891986,192
sub-001,JX,PCC,ATL,0.10167143039584249,192
sub-001,JX,PCC,vmPFC,0.08977602417318396,192
sub-001,JX,PCC,Motor,0.15027636948451475,192
sub-001,JX,L_Angular,ATL,0.567591537336455,192
sub-001,JX,L_Angular,vmPFC,0.24693240053373902,192
sub-001,JX,L_Angular,Motor,0.44258247134001943,192
sub-001,JX,ATL,vmPFC,0.1804524685190078,192
sub-001,JX,ATL,Motor,0.71253340126498,192
sub-001,JX,vmPFC,Motor,0.017964281775810564,192
sub-001,OI,dlPFC,PCC,0.12536916062215234,120
sub-001,OI,dlPFC,L_Angular,-0.35485881266667024,120
sub-001,OI,dlPFC,ATL,0.0694479252482805,120
sub-001,OI,dlPFC,vmPFC,0.10477748343792721,120
sub-001,OI,dlPFC,Motor,0.09376399599017395,120
sub-001,OI,PCC,L_Angular,0.17859863136866397,120
sub-001,OI,PCC,ATL,-0.04540439126636473,120
sub-001,OI,PCC,vmPFC,-0.013626062954500424,120
sub-001,OI,PCC,Motor,-0.06549129767179009,120
sub-001,OI,L_Angular,ATL,0.5180270785680429,120
sub-001,OI,L_Angular,vmPFC,0.24313979183362086,120
sub-001,OI,L_Angular,Motor,0.4208770498603576,120
sub-001,OI,ATL,vmPFC,0.46154146372219235,120
sub-001,OI,ATL,Motor,0.6254000712620654,120
sub-001,OI,vmPFC,Motor,0.3629091178101015,120
sub-002,CA,dlPFC,PCC,-0.5820860287845843,192
sub-002,CA,dlPFC,L_Angular,-0.37942324123418536,192
sub-002,CA,dlPFC,ATL,-0.616365649666278,192
sub-002,CA,dlPFC,vmPFC,-0.0912344052783459,192
sub-002,CA,dlPFC,Motor,0.058644711929987096,192
sub-002,CA,PCC,L_Angular,0.30236336055982094,192
sub-002,CA,PCC,ATL,0.6245237055173252,192
sub-002,CA,PCC,vmPFC,0.20529410413089938,192
sub-002,CA,PCC,Motor,0.18786190730031177,192
sub-002,CA,L_Angular,ATL,0.6721090519711341,192
sub-002,CA,L_Angular,vmPFC,0.20875580016007927,192
sub-002,CA,L_Angular,Motor,0.19441429932576937,192
sub-002,CA,ATL,vmPFC,0.03990892455004292,192
sub-002,CA,ATL,Motor,-0.013756262789346073,192
sub-002,CA,vmPFC,Motor,0.3296004676468932,192
sub-002,JX,dlPFC,PCC,-0.2962144358327281,192
sub-002,JX,dlPFC,L_Angular,-0.038470395879334915,192
sub-002,JX,dlPFC,ATL,-0.293359947457454,192
sub-002,JX,dlPFC,vmPFC,0.16334928289913347,192
sub-002,JX,dlPFC,Motor,-0.06970389944127317,192
sub-002,JX,PCC,L_Angular,0.5043331864004281,192
sub-002,JX,PCC,ATL,0.5723425876007057,192
sub-002,JX,PCC,vmPFC,0.3641714654840013,192
sub-002,JX,PCC,Motor,0.4429073587209006,192
sub-002,JX,L_Angular,ATL,0.7400512723806794,192
sub-002,JX,L_Angular,vmPFC,0.3693458703522262,192
sub-002,JX,L_Angular,Motor,0.2586969868336846,192
sub-002,JX,ATL,vmPFC,0.14493562945733005,192
sub-002,JX,ATL,Motor,0.09571746346307038,192
sub-002,JX,vmPFC,Motor,0.30525572828062825,192
sub-002,OI,dlPFC,PCC,-0.6249734961466978,120
sub-002,OI,dlPFC,L_Angular,-0.5278674743842912,120
sub-002,OI,dlPFC,ATL,-0.47154513607910764,120
sub-002,OI,dlPFC,vmPFC,-0.29744335108194453,120
sub-002,OI,dlPFC,Motor,-0.3306521984979752,120
sub-002,OI,PCC,L_Angular,0.21854489316446035,120
sub-002,OI,PCC,ATL,0.3752502658247389,120
sub-002,OI,PCC,vmPFC,0.1917445455839942,120
sub-002,OI,PCC,Motor,0.3829966341140421,120
sub-002,OI,L_Angular,ATL,0.46476305220618014,120
sub-002,OI,L_Angular,vmPFC,0.3331805740315643,120
sub-002,OI,L_Angular,Motor,0.3191882616222654,120
sub-002,OI,ATL,vmPFC,-0.09913349200355645,120
sub-002,OI,ATL,Motor,0.006858272493279022,120
sub-002,OI,vmPFC,Motor,0.22182533816639322,120
sub-003,CA,dlPFC,PCC,0.3713227332670448,192
sub-003,CA,dlPFC,L_Angular,0.48775613945960367,192
sub-003,CA,dlPFC,ATL,0.4926762148593792,192
sub-003,CA,dlPFC,vmPFC,-0.18090932162124582,192
sub-003,CA,dlPFC,Motor,0.5019849500657454,192
sub-003,CA,PCC,L_Angular,0.8623460481763718,192
sub-003,CA,PCC,ATL,0.8506208603057424,192
sub-003,CA,PCC,vmPFC,0.1644261896380476,192
sub-003,CA,PCC,Motor,0.7465574890435372,192
sub-003,CA,L_Angular,ATL,0.9439084535150614,192
sub-003,CA,L_Angular,vmPFC,-0.1028642040486908,192
sub-003,CA,L_Angular,Motor,0.6926899387230194,192
sub-003,CA,ATL,vmPFC,-0.1044424338324248,192
sub-003,CA,ATL,Motor,0.690101375373205,192
sub-003,CA,vmPFC,Motor,0.09825875749314936,192
sub-003,JX,dlPFC,PCC,0.3964352878482618,192
sub-003,JX,dlPFC,L_Angular,0.6086653906717259,192
sub-003,JX,dlPFC,ATL,0.6214064543931066,192
sub-003,JX,dlPFC,vmPFC,-0.3657213709511465,192
sub-003,JX,dlPFC,Motor,0.5787185861171276,192
sub-003,JX,PCC,L_Angular,0.8566852084834291,192
sub-003,JX,PCC,ATL,0.7971634264001493,192
sub-003,JX,PCC,vmPFC,0.01786569244827574,192
sub-003,JX,PCC,Motor,0.6189991584336179,192
sub-003,JX,L_Angular,ATL,0.9405431069266229,192
sub-003,JX,L_Angular,vmPFC,-0.2689132376286645,192
sub-003,JX,L_Angular,Motor,0.6076703398828734,192
sub-003,JX,ATL,vmPFC,-0.2807094691225278,192
sub-003,JX,ATL,Motor,0.5479702925001967,192
sub-003,JX,vmPFC,Motor,-0.11029328479778575,192
sub-003,OI,dlPFC,PCC,-0.06556783926062212,120
sub-003,OI,dlPFC,L_Angular,0.5326497606961651,120
sub-003,OI,dlPFC,ATL,0.5930764481066622,120
sub-003,OI,dlPFC,vmPFC,-0.6055692417494973,120
sub-003,OI,dlPFC,Motor,0.42650250188780303,120
sub-003,OI,PCC,L_Angular,0.6623820278195149,120
sub-003,OI,PCC,ATL,0.5682631548232238,120
sub-003,OI,PCC,vmPFC,0.010015364064703366,120
sub-003,OI,PCC,Motor,0.3909655759419997,120
sub-003,OI,L_Angular,ATL,0.9398333308538568,120
sub-003,OI,L_Angular,vmPFC,-0.5625878032837792,120
sub-003,OI,L_Angular,Motor,0.5774700438193867,120
sub-003,OI,ATL,vmPFC,-0.6167084355182629,120
sub-003,OI,ATL,Motor,0.5375388754271311,120
sub-003,OI,vmPFC,Motor,-0.2008948170032778,120
sub-004,CA,dlPFC,PCC,0.38169818955423096,192
sub-004,CA,dlPFC,L_Angular,0.27184381627185467,192
sub-004,CA,dlPFC,ATL,0.499033767470912,192
sub-004,CA,dlPFC,vmPFC,0.511352872674794,192
sub-004,CA,dlPFC,Motor,0.3834698656019975,192
sub-004,CA,PCC,L_Angular,0.3672982202221957,192
sub-004,CA,PCC,ATL,0.37399056679236753,192
sub-004,CA,PCC,vmPFC,0.33985773880234826,192
sub-004,CA,PCC,Motor,0.3460652068660839,192
sub-004,CA,L_Angular,ATL,0.6850173910961088,192
sub-004,CA,L_Angular,vmPFC,0.43058103201864345,192
sub-004,CA,L_Angular,Motor,0.29054792993693845,192
sub-004,CA,ATL,vmPFC,0.4835231069744797,192
sub-004,CA,ATL,Motor,0.2179326411156777,192
sub-004,CA,vmPFC,Motor,0.25670021363943174,192
sub-004,JX,dlPFC,PCC,0.5614936156530175,192
sub-004,JX,dlPFC,L_Angular,0.1893615491918545,192
sub-004,JX,dlPFC,ATL,0.4694356221631516,192
sub-004,JX,dlPFC,vmPFC,0.5585308924215989,192
sub-004,JX,dlPFC,Motor,0.22340011757564834,192
sub-004,JX,PCC,L_Angular,0.364334362358262,192
sub-004,JX,PCC,ATL,0.6611379044704835,192
sub-004,JX,PCC,vmPFC,0.49390284920114147,192
sub-004,JX,PCC,Motor,0.2757712823716301,192
sub-004,JX,L_Angular,ATL,0.6658880373318722,192
sub-004,JX,L_Angular,vmPFC,0.49171384681216246,192
sub-004,JX,L_Angular,Motor,0.08067853145634979,192
sub-004,JX,ATL,vmPFC,0.7144729043315838,192
sub-004,JX,ATL,Motor,0.4085225147947099,192
sub-004,JX,vmPFC,Motor,0.38024420324074426,192
sub-004,OI,dlPFC,PCC,0.23945998300759694,120
sub-004,OI,dlPFC,L_Angular,0.1570131744817367,120
sub-004,OI,dlPFC,ATL,0.2883423772377359,120
sub-004,OI,dlPFC,vmPFC,0.32361666496167063,120
sub-004,OI,dlPFC,Motor,0.21531074020845722,120
sub-004,OI,PCC,L_Angular,0.2810168156491839,120
sub-004,OI,PCC,ATL,0.49476521676573415,120
sub-004,OI,PCC,vmPFC,0.31266139217343525,120
sub-004,OI,PCC,Motor,0.5610276613496912,120
sub-004,OI,L_Angular,ATL,0.7086469318778544,120
sub-004,OI,L_Angular,vmPFC,0.31209871730603606,120
sub-004,OI,L_Angular,Motor,0.12049102441255341,120
sub-004,OI,ATL,vmPFC,0.404235373362712,120
sub-004,OI,ATL,Motor,0.3551372284870631,120
sub-004,OI,vmPFC,Motor,0.4722260044356174,120
sub-006,CA,dlPFC,PCC,0.27825410662150574,192
sub-006,CA,dlPFC,L_Angular,0.1980752570764073,192
sub-006,CA,dlPFC,ATL,0.16119264463137503,192
sub-006,CA,dlPFC,vmPFC,0.5132139135006635,192
sub-006,CA,dlPFC,Motor,0.11195816846240332,192
sub-006,CA,PCC,L_Angular,0.19379639503385598,192
sub-006,CA,PCC,ATL,-0.05325708865278131,192
sub-006,CA,PCC,vmPFC,0.3799853476853509,192
sub-006,CA,PCC,Motor,0.14602537166692514,192
sub-006,CA,L_Angular,ATL,0.7730907095632702,192
sub-006,CA,L_Angular,vmPFC,0.2965863697567471,192
sub-006,CA,L_Angular,Motor,0.4120640882575508,192
sub-006,CA,ATL,vmPFC,0.24179903808303718,192
sub-006,CA,ATL,Motor,0.32434211074988384,192
sub-006,CA,vmPFC,Motor,0.1540297703358386,192
sub-006,JX,dlPFC,PCC,0.41480376726081547,192
sub-006,JX,dlPFC,L_Angular,0.02149910468894219,192
sub-006,JX,dlPFC,ATL,-0.04256925682157131,192
sub-006,JX,dlPFC,vmPFC,0.18726472526465615,192
sub-006,JX,dlPFC,Motor,0.16815101239681984,192
sub-006,JX,PCC,L_Angular,0.20635784058531637,192
sub-006,JX,PCC,ATL,0.10852136413709515,192
sub-006,JX,PCC,vmPFC,0.13815148364172075,192
sub-006,JX,PCC,Motor,0.25382574478769726,192
sub-006,JX,L_Angular,ATL,0.8552366008214478,192
sub-006,JX,L_Angular,vmPFC,0.10983152343191255,192
sub-006,JX,L_Angular,Motor,0.2801925103574314,192
sub-006,JX,ATL,vmPFC,0.008214468521768763,192
sub-006,JX,ATL,Motor,0.32795425988576243,192
sub-006,JX,vmPFC,Motor,-0.12047148443513785,192
sub-006,OI,dlPFC,PCC,0.1624422747002045,120
sub-006,OI,dlPFC,L_Angular,-0.15507657596069746,120
sub-006,OI,dlPFC,ATL,-0.16958617122630446,120
sub-006,OI,dlPFC,vmPFC,0.13084919209097276,120
sub-006,OI,dlPFC,Motor,0.044969200804670664,120
sub-006,OI,PCC,L_Angular,0.5374487040871104,120
sub-006,OI,PCC,ATL,0.44573899567484315,120
sub-006,OI,PCC,vmPFC,0.14978105707718475,120
sub-006,OI,PCC,Motor,0.3207689317428256,120
sub-006,OI,L_Angular,ATL,0.8541813559594904,120
sub-006,OI,L_Angular,vmPFC,0.1620126720805341,120
sub-006,OI,L_Angular,Motor,0.32462681013410843,120
sub-006,OI,ATL,vmPFC,0.21750405953309124,120
sub-006,OI,ATL,Motor,0.16072987136864256,120
sub-006,OI,vmPFC,Motor,-0.22002819910570295,120
sub-007,CA,dlPFC,PCC,0.3433681750044467,192
sub-007,CA,dlPFC,L_Angular,-0.08695443051177965,192
sub-007,CA,dlPFC,ATL,-0.1100526464037903,192
sub-007,CA,dlPFC,vmPFC,0.5190690182567901,192
sub-007,CA,dlPFC,Motor,-0.15098212113879406,192
sub-007,CA,PCC,L_Angular,0.22510490532314914,192
sub-007,CA,PCC,ATL,0.2589639169506881,192
sub-007,CA,PCC,vmPFC,0.264298672163941,192
sub-007,CA,PCC,Motor,0.11883804040929047,192
sub-007,CA,L_Angular,ATL,0.8696605756790095,192
sub-007,CA,L_Angular,vmPFC,0.10825746505474511,192
sub-007,CA,L_Angular,Motor,0.6364809239587957,192
sub-007,CA,ATL,vmPFC,0.05166324218089653,192
sub-007,CA,ATL,Motor,0.6426138366869942,192
sub-007,CA,vmPFC,Motor,-0.1234448412722029,192
sub-007,JX,dlPFC,PCC,0.26611486628524933,192
sub-007,JX,dlPFC,L_Angular,0.07939388789170727,192
sub-007,JX,dlPFC,ATL,-0.020793080359463034,192
sub-007,JX,dlPFC,vmPFC,0.42676379382334223,192
sub-007,JX,dlPFC,Motor,0.12240110080782424,192
sub-007,JX,PCC,L_Angular,0.49919196945514266,192
sub-007,JX,PCC,ATL,0.5545241046403009,192
sub-007,JX,PCC,vmPFC,0.04653157584583797,192
sub-007,JX,PCC,Motor,0.05633679556466173,192
sub-007,JX,L_Angular,ATL,0.781352659987371,192
sub-007,JX,L_Angular,vmPFC,0.17854236645756633,192
sub-007,JX,L_Angular,Motor,0.480757881401802,192
sub-007,JX,ATL,vmPFC,0.022774573090072917,192
sub-007,JX,ATL,Motor,0.2907232992423324,192
sub-007,JX,vmPFC,Motor,0.18845793482947926,192
sub-007,OI,dlPFC,PCC,0.24061353733563193,120
sub-007,OI,dlPFC,L_Angular,0.09498312076419443,120
sub-007,OI,dlPFC,ATL,0.035909033987425884,120
sub-007,OI,dlPFC,vmPFC,0.450881675190787,120
sub-007,OI,dlPFC,Motor,0.06902597984802467,120
sub-007,OI,PCC,L_Angular,0.4126209401824425,120
sub-007,OI,PCC,ATL,0.30382398415571477,120
sub-007,OI,PCC,vmPFC,0.03139584009313213,120
sub-007,OI,PCC,Motor,0.1459432249876827,120
sub-007,OI,L_Angular,ATL,0.8676195066399043,120
sub-007,OI,L_Angular,vmPFC,0.36156470440089417,120
sub-007,OI,L_Angular,Motor,0.5914750667079728,120
sub-007,OI,ATL,vmPFC,0.2595913483438402,120
sub-007,OI,ATL,Motor,0.5214346078167738,120
sub-007,OI,vmPFC,Motor,0.3100826640583548,120
sub-008,CA,dlPFC,PCC,0.5758192750568925,192
sub-008,CA,dlPFC,L_Angular,0.7278711908000551,192
sub-008,CA,dlPFC,ATL,-0.09393043750905669,192
sub-008,CA,dlPFC,vmPFC,0.7296038278660952,192
sub-008,CA,dlPFC,Motor,0.14589253465639632,192
sub-008,CA,PCC,L_Angular,0.7848520351512399,192
sub-008,CA,PCC,ATL,0.34517414420254455,192
sub-008,CA,PCC,vmPFC,0.5730670333855576,192
sub-008,CA,PCC,Motor,0.23700149898152634,192
sub-008,CA,L_Angular,ATL,0.2759588834242539,192
sub-008,CA,L_Angular,vmPFC,0.6209593059848268,192
sub-008,CA,L_Angular,Motor,0.23764433688197395,192
sub-008,CA,ATL,vmPFC,0.06821798390707162,192
sub-008,CA,ATL,Motor,0.616431333884556,192
sub-008,CA,vmPFC,Motor,0.20757772748340803,192
sub-008,JX,dlPFC,PCC,0.3120553521129251,192
sub-008,JX,dlPFC,L_Angular,0.24866277818008783,192
sub-008,JX,dlPFC,ATL,0.07434749580129313,192
sub-008,JX,dlPFC,vmPFC,0.3927075643510641,192
sub-008,JX,dlPFC,Motor,0.1089831685292335,192
sub-008,JX,PCC,L_Angular,0.8560773456257831,192
sub-008,JX,PCC,ATL,0.8161119251301805,192
sub-008,JX,PCC,vmPFC,-0.0626368691441489,192
sub-008,JX,PCC,Motor,0.76131786703768,192
sub-008,JX,L_Angular,ATL,0.9627524496993749,192
sub-008,JX,L_Angular,vmPFC,-0.2608433701490317,192
sub-008,JX,L_Angular,Motor,0.9153353568572832,192
sub-008,JX,ATL,vmPFC,-0.30953256165332554,192
sub-008,JX,ATL,Motor,0.9455367311992195,192
sub-008,JX,vmPFC,Motor,-0.25618968423629973,192
sub-008,OI,dlPFC,PCC,0.7905727197374517,120
sub-008,OI,dlPFC,L_Angular,0.7710722743974816,120
sub-008,OI,dlPFC,ATL,0.23853681150990888,120
sub-008,OI,dlPFC,vmPFC,0.7756477612498293,120
sub-008,OI,dlPFC,Motor,0.33623225317551697,120
sub-008,OI,PCC,L_Angular,0.8510596959348851,120
sub-008,OI,PCC,ATL,0.50098354375486,120
sub-008,OI,PCC,vmPFC,0.6902015766427312,120
sub-008,OI,PCC,Motor,0.3574783493258795,120
sub-008,OI,L_Angular,ATL,0.627427271876599,120
sub-008,OI,L_Angular,vmPFC,0.5879143567329522,120
sub-008,OI,L_Angular,Motor,0.4244784366530976,120
sub-008,OI,ATL,vmPFC,0.3361184056533406,120
sub-008,OI,ATL,Motor,0.5742291065292848,120
sub-008,OI,vmPFC,Motor,0.4253142816340442,120
sub-009,CA,dlPFC,PCC,-0.07059510969335818,192
sub-009,CA,dlPFC,L_Angular,0.515700343173911,192
sub-009,CA,dlPFC,ATL,0.5847814983784624,192
sub-009,CA,dlPFC,vmPFC,-0.044141463576921836,192
sub-009,CA,dlPFC,Motor,0.255352694439387,192
sub-009,CA,PCC,L_Angular,-0.1706073746430563,192
sub-009,CA,PCC,ATL,0.06952915978483146,192
sub-009,CA,PCC,vmPFC,0.4708833083506793,192
sub-009,CA,PCC,Motor,0.09721003803781858,192
sub-009,CA,L_Angular,ATL,0.7844992224717666,192
sub-009,CA,L_Angular,vmPFC,-0.27823227889316904,192
sub-009,CA,L_Angular,Motor,0.28173427662260664,192
sub-009,CA,ATL,vmPFC,-0.11930919416408911,192
sub-009,CA,ATL,Motor,0.3036833163933942,192
sub-009,CA,vmPFC,Motor,0.321121988161388,192
sub-009,JX,dlPFC,PCC,0.07168006093904968,192
sub-009,JX,dlPFC,L_Angular,0.2981339935298426,192
sub-009,JX,dlPFC,ATL,0.38924325138783694,192
sub-009,JX,dlPFC,vmPFC,0.14010430998747547,192
sub-009,JX,dlPFC,Motor,0.281488845846792,192
sub-009,JX,PCC,L_Angular,0.03269419599740511,192
sub-009,JX,PCC,ATL,0.1493544840701995,192
sub-009,JX,PCC,vmPFC,0.3699704583787947,192
sub-009,JX,PCC,Motor,0.30759074833838873,192
sub-009,JX,L_Angular,ATL,0.7971696561651692,192
sub-009,JX,L_Angular,vmPFC,0.08269231869655488,192
sub-009,JX,L_Angular,Motor,0.4054586779982662,192
sub-009,JX,ATL,vmPFC,0.10830860144859568,192
sub-009,JX,ATL,Motor,0.43876871935121176,192
sub-009,JX,vmPFC,Motor,0.4370929867002293,192
sub-009,OI,dlPFC,PCC,0.28831929539079465,120
sub-009,OI,dlPFC,L_Angular,0.17839406887264908,120
sub-009,OI,dlPFC,ATL,0.312857176404756,120
sub-009,OI,dlPFC,vmPFC,0.42949347365667523,120
sub-009,OI,dlPFC,Motor,0.3072556820060655,120
sub-009,OI,PCC,L_Angular,0.059138145062398985,120
sub-009,OI,PCC,ATL,0.18333025978451536,120
sub-009,OI,PCC,vmPFC,0.12750695948387497,120
sub-009,OI,PCC,Motor,0.2146450228518858,120
sub-009,OI,L_Angular,ATL,0.7978231203051042,120
sub-009,OI,L_Angular,vmPFC,0.11389880792093404,120
sub-009,OI,L_Angular,Motor,0.341911539244332,120
sub-009,OI,ATL,vmPFC,0.030797297143681557,120
sub-009,OI,ATL,Motor,0.311833682049845,120
sub-009,OI,vmPFC,Motor,0.4012042008582789,120
sub-010,CA,dlPFC,PCC,0.14485273709648155,192
sub-010,CA,dlPFC,L_Angular,0.11995891647539801,192
sub-010,CA,dlPFC,ATL,0.3777972403757054,192
sub-010,CA,dlPFC,vmPFC,-0.17816547226607946,192
sub-010,CA,dlPFC,Motor,-0.4113440712774614,192
sub-010,CA,PCC,L_Angular,0.48859958989257446,192
sub-010,CA,PCC,ATL,0.41109892331296294,192
sub-010,CA,PCC,vmPFC,0.5457068800470289,192
sub-010,CA,PCC,Motor,0.4679511704447815,192
sub-010,CA,L_Angular,ATL,0.8011784128766308,192
sub-010,CA,L_Angular,vmPFC,0.1352757464325886,192
sub-010,CA,L_Angular,Motor,0.04981664855732696,192
sub-010,CA,ATL,vmPFC,0.14009750198719606,192
sub-010,CA,ATL,Motor,-0.1698283367942143,192
sub-010,CA,vmPFC,Motor,0.3848086006250807,192
sub-010,JX,dlPFC,PCC,0.14527724901706862,192
sub-010,JX,dlPFC,L_Angular,0.06366844203537943,192
sub-010,JX,dlPFC,ATL,0.3167370815406373,192
sub-010,JX,dlPFC,vmPFC,-0.011429344071247682,192
sub-010,JX,dlPFC,Motor,-0.382724412145434,192
sub-010,JX,PCC,L_Angular,0.2789326150859859,192
sub-010,JX,PCC,ATL,0.29564643054674844,192
sub-010,JX,PCC,vmPFC,0.4337173583069669,192
sub-010,JX,PCC,Motor,0.4253600499101227,192
sub-010,JX,L_Angular,ATL,0.8832519412690071,192
sub-010,JX,L_Angular,vmPFC,0.030938761460622754,192
sub-010,JX,L_Angular,Motor,-0.33782800763698406,192
sub-010,JX,ATL,vmPFC,0.05517188555933032,192
sub-010,JX,ATL,Motor,-0.4239295395549775,192
sub-010,JX,vmPFC,Motor,0.4256726031440356,192
sub-010,OI,dlPFC,PCC,-0.03753084038595123,120
sub-010,OI,dlPFC,L_Angular,-0.14950412723323903,120
sub-010,OI,dlPFC,ATL,0.08823677273125911,120
sub-010,OI,dlPFC,vmPFC,-0.33259309360189676,120
sub-010,OI,dlPFC,Motor,-0.4307198706825633,120
sub-010,OI,PCC,L_Angular,0.24938952023271804,120
sub-010,OI,PCC,ATL,0.17701856339322153,120
sub-010,OI,PCC,vmPFC,0.26334286675367874,120
sub-010,OI,PCC,Motor,0.2936389322915322,120
sub-010,OI,L_Angular,ATL,0.8154983989273149,120
sub-010,OI,L_Angular,vmPFC,0.35959423536635876,120
sub-010,OI,L_Angular,Motor,-0.4153593859687785,120
sub-010,OI,ATL,vmPFC,0.34947524833821564,120
sub-010,OI,ATL,Motor,-0.530044473736804,120
sub-010,OI,vmPFC,Motor,-0.01738932354687234,120
sub-011,CA,dlPFC,PCC,0.45018905431372663,192
sub-011,CA,dlPFC,L_Angular,0.0946803615119634,192
sub-011,CA,dlPFC,ATL,0.0927341741435851,192
sub-011,CA,dlPFC,vmPFC,0.39476105522032073,192
sub-011,CA,dlPFC,Motor,0.14264522355503473,192
sub-011,CA,PCC,L_Angular,0.36301974848911855,192
sub-011,CA,PCC,ATL,0.2565382594236984,192
sub-011,CA,PCC,vmPFC,0.2001908692455277,192
sub-011,CA,PCC,Motor,0.40523130442771804,192
sub-011,CA,L_Angular,ATL,0.866976034004441,192
sub-011,CA,L_Angular,vmPFC,0.2525008977746561,192
sub-011,CA,L_Angular,Motor,0.45267662066123115,192
sub-011,CA,ATL,vmPFC,0.3353180402246506,192
sub-011,CA,ATL,Motor,0.2903028182048494,192
sub-011,CA,vmPFC,Motor,0.10178439034828325,192
sub-011,JX,dlPFC,PCC,0.4460997942096335,192
sub-011,JX,dlPFC,L_Angular,-0.00718319721145487,192
sub-011,JX,dlPFC,ATL,-0.058239181991681405,192
sub-011,JX,dlPFC,vmPFC,0.22155808387621034,192
sub-011,JX,dlPFC,Motor,0.11365977467144997,192
sub-011,JX,PCC,L_Angular,0.1541637094264482,192
sub-011,JX,PCC,ATL,-0.021847603894562074,192
sub-011,JX,PCC,vmPFC,-0.02605466010314649,192
sub-011,JX,PCC,Motor,0.21741441580448415,192
sub-011,JX,L_Angular,ATL,0.7890743850737028,192
sub-011,JX,L_Angular,vmPFC,-0.32076936375410003,192
sub-011,JX,L_Angular,Motor,0.19628200955091274,192
sub-011,JX,ATL,vmPFC,-0.15897709724388986,192
sub-011,JX,ATL,Motor,0.01991944468660665,192
sub-011,JX,vmPFC,Motor,-0.021900661509434614,192
sub-011,OI,dlPFC,PCC,0.42791638398739784,120
sub-011,OI,dlPFC,L_Angular,0.27894045707717613,120
sub-011,OI,dlPFC,ATL,0.22674764993794105,120
sub-011,OI,dlPFC,vmPFC,0.36545931444366786,120
sub-011,OI,dlPFC,Motor,0.3536778117204422,120
sub-011,OI,PCC,L_Angular,0.5233451775896631,120
sub-011,OI,PCC,ATL,0.4319853825459021,120
sub-011,OI,PCC,vmPFC,0.25737356051124677,120
sub-011,OI,PCC,Motor,0.48543207810842276,120
sub-011,OI,L_Angular,ATL,0.8853633147626851,120
sub-011,OI,L_Angular,vmPFC,0.052407602418380925,120
sub-011,OI,L_Angular,Motor,0.5568573587907297,120
sub-011,OI,ATL,vmPFC,0.17923622633402259,120
sub-011,OI,ATL,Motor,0.3644805440522193,120
sub-011,OI,vmPFC,Motor,0.24962043918640966,120
sub-012,CA,dlPFC,PCC,0.6122893160457141,192
sub-012,CA,dlPFC,L_Angular,-0.12040353460707698,192
sub-012,CA,dlPFC,ATL,-0.35955825835577276,192
sub-012,CA,dlPFC,vmPFC,0.6950101920452181,192
sub-012,CA,dlPFC,Motor,0.5176471958450838,192
sub-012,CA,PCC,L_Angular,0.039967709616156796,192
sub-012,CA,PCC,ATL,-0.12806906261383358,192
sub-012,CA,PCC,vmPFC,0.5772991595472063,192
sub-012,CA,PCC,Motor,0.3929105337364296,192
sub-012,CA,L_Angular,ATL,0.9378688355929912,192
sub-012,CA,L_Angular,vmPFC,-0.5397412954456824,192
sub-012,CA,L_Angular,Motor,-0.8529075853165049,192
sub-012,CA,ATL,vmPFC,-0.6759439148900426,192
sub-012,CA,ATL,Motor,-0.9297221249091872,192
sub-012,CA,vmPFC,Motor,0.812998205759229,192
sub-012,JX,dlPFC,PCC,0.5876276122832774,192
sub-012,JX,dlPFC,L_Angular,0.0421405795832523,192
sub-012,JX,dlPFC,ATL,-0.1208228168010391,192
sub-012,JX,dlPFC,vmPFC,0.7267638447071767,192
sub-012,JX,dlPFC,Motor,0.28837633234924853,192
sub-012,JX,PCC,L_Angular,-0.183351045803904,192
sub-012,JX,PCC,ATL,-0.28878927717875363,192
sub-012,JX,PCC,vmPFC,0.6851273875260055,192
sub-012,JX,PCC,Motor,0.4363344149350279,192
sub-012,JX,L_Angular,ATL,0.9563578105755461,192
sub-012,JX,L_Angular,vmPFC,-0.41298874607823877,192
sub-012,JX,L_Angular,Motor,-0.9088526429855739,192
sub-012,JX,ATL,vmPFC,-0.5504938117249704,192
sub-012,JX,ATL,Motor,-0.9422323279677131,192
sub-012,JX,vmPFC,Motor,0.6286166040787399,192
sub-012,OI,dlPFC,PCC,0.41112759893994405,120
sub-012,OI,dlPFC,L_Angular,-0.6985565410306115,120
sub-012,OI,dlPFC,ATL,-0.7349306500647337,120
sub-012,OI,dlPFC,vmPFC,0.7612590255483809,120
sub-012,OI,dlPFC,Motor,0.7946187693450766,120
sub-012,OI,PCC,L_Angular,0.09298792890241105,120
sub-012,OI,PCC,ATL,0.04204942592664018,120
sub-012,OI,PCC,vmPFC,0.5448014572765608,120
sub-012,OI,PCC,Motor,0.1092418223558355,120
sub-012,OI,L_Angular,ATL,0.9838140932676588,120
sub-012,OI,L_Angular,vmPFC,-0.4754444895991807,120
sub-012,OI,L_Angular,Motor,-0.9497048698517008,120
sub-012,OI,ATL,vmPFC,-0.5448499252214375,120
sub-012,OI,ATL,Motor,-0.9498026695670182,120
sub-012,OI,vmPFC,Motor,0.5822692329392982,120
sub-013,CA,dlPFC,PCC,0.21941136190819993,192
sub-013,CA,dlPFC,L_Angular,0.29183070160218005,192
sub-013,CA,dlPFC,ATL,-0.1956423569556483,192
sub-013,CA,dlPFC,vmPFC,0.11970137230809177,192
sub-013,CA,dlPFC,Motor,-0.13444065477648043,192
sub-013,CA,PCC,L_Angular,0.6155760945058253,192
sub-013,CA,PCC,ATL,0.3200725427955756,192
sub-013,CA,PCC,vmPFC,0.5499016795346929,192
sub-013,CA,PCC,Motor,0.11416468756932902,192
sub-013,CA,L_Angular,ATL,0.4843653280746487,192
sub-013,CA,L_Angular,vmPFC,0.4540263891450621,192
sub-013,CA,L_Angular,Motor,0.33575443737845206,192
sub-013,CA,ATL,vmPFC,0.179081423858313,192
sub-013,CA,ATL,Motor,0.6077412171553511,192
sub-013,CA,vmPFC,Motor,0.2849991370538476,192
sub-013,JX,dlPFC,PCC,-0.058256319041489674,192
sub-013,JX,dlPFC,L_Angular,0.022357804520106654,192
sub-013,JX,dlPFC,ATL,-0.4002878556969012,192
sub-013,JX,dlPFC,vmPFC,-0.3418491660271349,192
sub-013,JX,dlPFC,Motor,-0.40530148630158974,192
sub-013,JX,PCC,L_Angular,0.6774819278999057,192
sub-013,JX,PCC,ATL,0.565341544433531,192
sub-013,JX,PCC,vmPFC,0.5615479761207295,192
sub-013,JX,PCC,Motor,0.4800906577829369,192
sub-013,JX,L_Angular,ATL,0.5465518524218751,192
sub-013,JX,L_Angular,vmPFC,0.48529014478762056,192
sub-013,JX,L_Angular,Motor,0.4692787865864567,192
sub-013,JX,ATL,vmPFC,0.5817939024566978,192
sub-013,JX,ATL,Motor,0.7524080155781514,192
sub-013,JX,vmPFC,Motor,0.7029249822741557,192
sub-013,OI,dlPFC,PCC,-0.1440403439436713,120
sub-013,OI,dlPFC,L_Angular,-0.17698048736292282,120
sub-013,OI,dlPFC,ATL,-0.4700089300712742,120
sub-013,OI,dlPFC,vmPFC,-0.15329628189658343,120
sub-013,OI,dlPFC,Motor,-0.24887135743072145,120
sub-013,OI,PCC,L_Angular,0.6500137147035714,120
sub-013,OI,PCC,ATL,0.5897911783226388,120
sub-013,OI,PCC,vmPFC,0.6455893523437626,120
sub-013,OI,PCC,Motor,0.49280367720289364,120
sub-013,OI,L_Angular,ATL,0.7062175607185917,120
sub-013,OI,L_Angular,vmPFC,0.5984717023560725,120
sub-013,OI,L_Angular,Motor,0.44967404603775557,120
sub-013,OI,ATL,vmPFC,0.5004779974019691,120
sub-013,OI,ATL,Motor,0.6792532881921854,120
sub-013,OI,vmPFC,Motor,0.48080587207963427,120
sub-014,CA,dlPFC,PCC,-0.2568158665638095,192
sub-014,CA,dlPFC,L_Angular,0.2248445425424382,192
sub-014,CA,dlPFC,ATL,-0.35936814297485237,192
sub-014,CA,dlPFC,vmPFC,0.7739253123097497,192
sub-014,CA,dlPFC,Motor,0.04450902826951922,192
sub-014,CA,PCC,L_Angular,0.5262272886609443,192
sub-014,CA,PCC,ATL,0.5019333037922232,192
sub-014,CA,PCC,vmPFC,-0.24262222239241518,192
sub-014,CA,PCC,Motor,0.1317336905904862,192
sub-014,CA,L_Angular,ATL,0.4701854029112231,192
sub-014,CA,L_Angular,vmPFC,0.3863072543747572,192
sub-014,CA,L_Angular,Motor,0.23001272204327944,192
sub-014,CA,ATL,vmPFC,-0.39823243676577214,192
sub-014,CA,ATL,Motor,0.08894102117449111,192
sub-014,CA,vmPFC,Motor,0.04254993425425489,192
sub-014,JX,dlPFC,PCC,-0.20977005781906682,192
sub-014,JX,dlPFC,L_Angular,0.3216690061505877,192
sub-014,JX,dlPFC,ATL,-0.2001296631899646,192
sub-014,JX,dlPFC,vmPFC,0.6794862429386649,192
sub-014,JX,dlPFC,Motor,-0.117974253915346,192
sub-014,JX,PCC,L_Angular,0.2774417664324291,192
sub-014,JX,PCC,ATL,0.3749166187636673,192
sub-014,JX,PCC,vmPFC,-0.3319269121507751,192
sub-014,JX,PCC,Motor,0.2740338236234241,192
sub-014,JX,L_Angular,ATL,0.344532665326026,192
sub-014,JX,L_Angular,vmPFC,0.5765441414273094,192
sub-014,JX,L_Angular,Motor,0.17230967449791634,192
sub-014,JX,ATL,vmPFC,-0.17038499974652282,192
sub-014,JX,ATL,Motor,0.3102893288765005,192
sub-014,JX,vmPFC,Motor,-0.03246053710263539,192
sub-014,OI,dlPFC,PCC,-0.39676935771984895,120
sub-014,OI,dlPFC,L_Angular,0.038101601847696245,120
sub-014,OI,dlPFC,ATL,-0.45536176830903036,120
sub-014,OI,dlPFC,vmPFC,0.7017113449189744,120
sub-014,OI,dlPFC,Motor,-0.2587466445105378,120
sub-014,OI,PCC,L_Angular,0.3809479421103334,120
sub-014,OI,PCC,ATL,0.5567696752092985,120
sub-014,OI,PCC,vmPFC,-0.4123629028963973,120
sub-014,OI,PCC,Motor,0.32801895086456007,120
sub-014,OI,L_Angular,ATL,0.50824491170995,120
sub-014,OI,L_Angular,vmPFC,0.41781964998956106,120
sub-014,OI,L_Angular,Motor,0.13514637461021228,120
sub-014,OI,ATL,vmPFC,-0.3284840869881329,120
sub-014,OI,ATL,Motor,0.472089876687819,120
sub-014,OI,vmPFC,Motor,-0.3363669334624761,120
sub-016,CA,dlPFC,PCC,0.5455325024322943,192
sub-016,CA,dlPFC,L_Angular,0.15794827596103125,192
sub-016,CA,dlPFC,ATL,-0.28527694258451475,192
sub-016,CA,dlPFC,vmPFC,-0.33917587393439186,192
sub-016,CA,dlPFC,Motor,0.5052435585334141,192
sub-016,CA,PCC,L_Angular,0.45229681195413896,192
sub-016,CA,PCC,ATL,-0.44707238224454726,192
sub-016,CA,PCC,vmPFC,-0.47151015618239206,192
sub-016,CA,PCC,Motor,0.6689997056428741,192
sub-016,CA,L_Angular,ATL,0.33847957512575755,192
sub-016,CA,L_Angular,vmPFC,0.22774873368530085,192
sub-016,CA,L_Angular,Motor,-0.02583645651309357,192
sub-016,CA,ATL,vmPFC,0.8363526738652243,192
sub-016,CA,ATL,Motor,-0.9206914170416944,192
sub-016,CA,vmPFC,Motor,-0.8141661856652054,192
sub-016,JX,dlPFC,PCC,0.4851843720732486,192
sub-016,JX,dlPFC,L_Angular,-0.030199337320976762,192
sub-016,JX,dlPFC,ATL,-0.3865198384361854,192
sub-016,JX,dlPFC,vmPFC,-0.38326657454905944,192
sub-016,JX,dlPFC,Motor,0.5221904843149773,192
sub-016,JX,PCC,L_Angular,0.32301007468945797,192
sub-016,JX,PCC,ATL,-0.5505821937185587,192
sub-016,JX,PCC,vmPFC,-0.4820262379688678,192
sub-016,JX,PCC,Motor,0.7213452566686871,192
sub-016,JX,L_Angular,ATL,0.3462901706004832,192
sub-016,JX,L_Angular,vmPFC,0.2535267887023297,192
sub-016,JX,L_Angular,Motor,-0.058949456401556535,192
sub-016,JX,ATL,vmPFC,0.8405189352575649,192
sub-016,JX,ATL,Motor,-0.9307296398933725,192
sub-016,JX,vmPFC,Motor,-0.8047068687908512,192
sub-016,OI,dlPFC,PCC,0.7034005416802593,120
sub-016,OI,dlPFC,L_Angular,0.6741610445453977,120
sub-016,OI,dlPFC,ATL,-0.16381687256472133,120
sub-016,OI,dlPFC,vmPFC,-0.2742789379471271,120
sub-016,OI,dlPFC,Motor,0.6280875830248888,120
sub-016,OI,PCC,L_Angular,0.781424813766595,120
sub-016,OI,PCC,ATL,-0.20940931063375223,120
sub-016,OI,PCC,vmPFC,-0.2569979852214049,120
sub-016,OI,PCC,Motor,0.6615001380590722,120
sub-016,OI,L_Angular,ATL,0.14255611328397988,120
sub-016,OI,L_Angular,vmPFC,-0.0006531513584403513,120
sub-016,OI,L_Angular,Motor,0.46159472771454263,120
sub-016,OI,ATL,vmPFC,0.791571733823667,120
sub-016,OI,ATL,Motor,-0.7732710963312243,120
sub-016,OI,vmPFC,Motor,-0.6870236129836761,120
sub-018,CA,dlPFC,PCC,0.3406417119875276,192
sub-018,CA,dlPFC,L_Angular,0.08940215865170993,192
sub-018,CA,dlPFC,ATL,0.009357497281291975,192
sub-018,CA,dlPFC,vmPFC,0.2842828769548727,192
sub-018,CA,dlPFC,Motor,0.4267143294518751,192
sub-018,CA,PCC,L_Angular,0.6655884287786127,192
sub-018,CA,PCC,ATL,0.5121952600729305,192
sub-018,CA,PCC,vmPFC,0.5715070036933816,192
sub-018,CA,PCC,Motor,0.6836372220452573,192
sub-018,CA,L_Angular,ATL,0.8176308102386779,192
sub-018,CA,L_Angular,vmPFC,0.6594208178726716,192
sub-018,CA,L_Angular,Motor,0.5505856410771057,192
sub-018,CA,ATL,vmPFC,0.4506794300478958,192
sub-018,CA,ATL,Motor,0.35976899921581007,192
sub-018,CA,vmPFC,Motor,0.7051340798677705,192
sub-018,JX,dlPFC,PCC,0.1860783587069785,192
sub-018,JX,dlPFC,L_Angular,-0.3131719328084209,192
sub-018,JX,dlPFC,ATL,-0.10191821699914753,192
sub-018,JX,dlPFC,vmPFC,-0.2053584176058713,192
sub-018,JX,dlPFC,Motor,0.10543057108975881,192
sub-018,JX,PCC,L_Angular,0.4996532474488119,192
sub-018,JX,PCC,ATL,0.446766333433113,192
sub-018,JX,PCC,vmPFC,0.37630599471222476,192
sub-018,JX,PCC,Motor,0.6041986138647882,192
sub-018,JX,L_Angular,ATL,0.8161462718803552,192
sub-018,JX,L_Angular,vmPFC,0.6296652020437643,192
sub-018,JX,L_Angular,Motor,0.48163915643600835,192
sub-018,JX,ATL,vmPFC,0.4276238816858898,192
sub-018,JX,ATL,Motor,0.3911599411613378,192
sub-018,JX,vmPFC,Motor,0.49893295518627917,192
sub-018,OI,dlPFC,PCC,0.1436866087096267,120
sub-018,OI,dlPFC,L_Angular,-0.31834049372656326,120
sub-018,OI,dlPFC,ATL,-0.28083608550260153,120
sub-018,OI,dlPFC,vmPFC,-0.07611051123235603,120
sub-018,OI,dlPFC,Motor,0.18015873308430552,120
sub-018,OI,PCC,L_Angular,0.4622134199800317,120
sub-018,OI,PCC,ATL,0.42240965660055946,120
sub-018,OI,PCC,vmPFC,0.43494507007364747,120
sub-018,OI,PCC,Motor,0.5275899516020834,120
sub-018,OI,L_Angular,ATL,0.8457048971646658,120
sub-018,OI,L_Angular,vmPFC,0.5572975355735209,120
sub-018,OI,L_Angular,Motor,0.6039577273090457,120
sub-018,OI,ATL,vmPFC,0.4255868262633293,120
sub-018,OI,ATL,Motor,0.4958153409199118,120
sub-018,OI,vmPFC,Motor,0.5958332402536707,120
sub-019,CA,dlPFC,PCC,-0.27528363791675536,192
sub-019,CA,dlPFC,L_Angular,-0.09880420635266265,192
sub-019,CA,dlPFC,ATL,-0.22342342203643595,192
sub-019,CA,dlPFC,vmPFC,-0.1531327404386656,192
sub-019,CA,dlPFC,Motor,-0.12121035222541487,192
sub-019,CA,PCC,L_Angular,0.6108161553728086,192
sub-019,CA,PCC,ATL,0.592104144752388,192
sub-019,CA,PCC,vmPFC,0.48701492142262914,192
sub-019,CA,PCC,Motor,0.14242392570664492,192
sub-019,CA,L_Angular,ATL,0.692050038622728,192
sub-019,CA,L_Angular,vmPFC,0.2670753625401465,192
sub-019,CA,L_Angular,Motor,0.20025604937566394,192
sub-019,CA,ATL,vmPFC,0.32401718726883183,192
sub-019,CA,ATL,Motor,0.19379630549412957,192
sub-019,CA,vmPFC,Motor,0.18600776244866649,192
sub-019,JX,dlPFC,PCC,-0.3040987760109548,192
sub-019,JX,dlPFC,L_Angular,0.09331118662628166,192
sub-019,JX,dlPFC,ATL,-0.20000011604791204,192
sub-019,JX,dlPFC,vmPFC,-0.0747951222943089,192
sub-019,JX,dlPFC,Motor,-0.0213108704967103,192
sub-019,JX,PCC,L_Angular,0.5056181359626868,192
sub-019,JX,PCC,ATL,0.5093054401849149,192
sub-019,JX,PCC,vmPFC,0.36414107016990327,192
sub-019,JX,PCC,Motor,0.25812264473643304,192
sub-019,JX,L_Angular,ATL,0.536891505172088,192
sub-019,JX,L_Angular,vmPFC,0.1894593119549973,192
sub-019,JX,L_Angular,Motor,0.13301213908019852,192
sub-019,JX,ATL,vmPFC,-0.04069294947387661,192
sub-019,JX,ATL,Motor,0.10147318157457662,192
sub-019,JX,vmPFC,Motor,0.35874296515499593,192
sub-019,OI,dlPFC,PCC,-0.09226800922896378,120
sub-019,OI,dlPFC,L_Angular,0.14976282842741068,120
sub-019,OI,dlPFC,ATL,0.004354483645865591,120
sub-019,OI,dlPFC,vmPFC,0.19551864040527933,120
sub-019,OI,dlPFC,Motor,0.1886021575839695,120
sub-019,OI,PCC,L_Angular,0.7494520886657513,120
sub-019,OI,PCC,ATL,0.6784994549234749,120
sub-019,OI,PCC,vmPFC,0.30503455914751604,120
sub-019,OI,PCC,Motor,0.2624036895094772,120
sub-019,OI,L_Angular,ATL,0.7498412540506717,120
sub-019,OI,L_Angular,vmPFC,0.15008751100917428,120
sub-019,OI,L_Angular,Motor,0.36274922157014056,120
sub-019,OI,ATL,vmPFC,-0.017809418960803777,120
sub-019,OI,ATL,Motor,0.17198007321453015,120
sub-019,OI,vmPFC,Motor,0.3078761733564609,120
sub-020,CA,dlPFC,PCC,0.1588061503891468,192
sub-020,CA,dlPFC,L_Angular,0.06088218196621141,192
sub-020,CA,dlPFC,ATL,-0.3098879462599011,192
sub-020,CA,dlPFC,vmPFC,-0.03325932233511622,192
sub-020,CA,dlPFC,Motor,-0.06622336046214179,192
sub-020,CA,PCC,L_Angular,0.1425787485981712,192
sub-020,CA,PCC,ATL,0.28567608999192584,192
sub-020,CA,PCC,vmPFC,0.25770075847789053,192
sub-020,CA,PCC,Motor,0.41659277993820515,192
sub-020,CA,L_Angular,ATL,0.4900614346163857,192
sub-020,CA,L_Angular,vmPFC,0.13029234810002996,192
sub-020,CA,L_Angular,Motor,-0.008227499035761032,192
sub-020,CA,ATL,vmPFC,0.47862197055125766,192
sub-020,CA,ATL,Motor,0.4998737293796049,192
sub-020,CA,vmPFC,Motor,0.31569886089757604,192
sub-020,JX,dlPFC,PCC,0.14560375405407458,192
sub-020,JX,dlPFC,L_Angular,-0.2196687522953995,192
sub-020,JX,dlPFC,ATL,-0.3274654444308768,192
sub-020,JX,dlPFC,vmPFC,0.2961774810122665,192
sub-020,JX,dlPFC,Motor,0.24995756018899615,192
sub-020,JX,PCC,L_Angular,0.2736669880206012,192
sub-020,JX,PCC,ATL,0.34202166934114564,192
sub-020,JX,PCC,vmPFC,0.1965093710166394,192
sub-020,JX,PCC,Motor,0.42337668179303667,192
sub-020,JX,L_Angular,ATL,0.7875387309928451,192
sub-020,JX,L_Angular,vmPFC,0.2541230217881767,192
sub-020,JX,L_Angular,Motor,-0.06799907494533045,192
sub-020,JX,ATL,vmPFC,0.25785882960481293,192
sub-020,JX,ATL,Motor,0.15293020802566448,192
sub-020,JX,vmPFC,Motor,-0.019596190842026753,192
sub-020,OI,dlPFC,PCC,0.17596816030426107,120
sub-020,OI,dlPFC,L_Angular,-0.027246955152726966,120
sub-020,OI,dlPFC,ATL,-0.38575794877438174,120
sub-020,OI,dlPFC,vmPFC,0.2524103490877707,120
sub-020,OI,dlPFC,Motor,-0.09969405659201958,120
sub-020,OI,PCC,L_Angular,0.1962758350610303,120
sub-020,OI,PCC,ATL,0.26236655397311603,120
sub-020,OI,PCC,vmPFC,-0.0010347122062127393,120
sub-020,OI,PCC,Motor,0.37535802757149644,120
sub-020,OI,L_Angular,ATL,0.4941800080977725,120
sub-020,OI,L_Angular,vmPFC,-0.017244969137372442,120
sub-020,OI,L_Angular,Motor,-0.10850519110054987,120
sub-020,OI,ATL,vmPFC,-0.07794667131702329,120
sub-020,OI,ATL,Motor,0.3863978814690006,120
sub-020,OI,vmPFC,Motor,-0.10764887893177802,120
sub-021,CA,dlPFC,PCC,0.21273287215468728,192
sub-021,CA,dlPFC,L_Angular,0.31799852441130244,192
sub-021,CA,dlPFC,ATL,0.23718105481842494,192
sub-021,CA,dlPFC,vmPFC,0.6431206906842524,192
sub-021,CA,dlPFC,Motor,0.30282769018381284,192
sub-021,CA,PCC,L_Angular,0.5679501150077915,192
sub-021,CA,PCC,ATL,0.42371566615251066,192
sub-021,CA,PCC,vmPFC,0.22206401759429706,192
sub-021,CA,PCC,Motor,0.3217957812721378,192
sub-021,CA,L_Angular,ATL,0.6983343330981996,192
sub-021,CA,L_Angular,vmPFC,0.3370283100203848,192
sub-021,CA,L_Angular,Motor,0.5538666769063458,192
sub-021,CA,ATL,vmPFC,0.31132792310200397,192
sub-021,CA,ATL,Motor,0.37139630934060874,192
sub-021,CA,vmPFC,Motor,0.5580376331706078,192
sub-021,JX,dlPFC,PCC,0.29771327829286476,192
sub-021,JX,dlPFC,L_Angular,0.2305493474218508,192
sub-021,JX,dlPFC,ATL,0.16577731176072769,192
sub-021,JX,dlPFC,vmPFC,0.5476456415870745,192
sub-021,JX,dlPFC,Motor,0.2741923132108856,192
sub-021,JX,PCC,L_Angular,0.5177278032865857,192
sub-021,JX,PCC,ATL,0.4426189615499546,192
sub-021,JX,PCC,vmPFC,0.5454379750253568,192
sub-021,JX,PCC,Motor,0.0899888669589028,192
sub-021,JX,L_Angular,ATL,0.731413209830025,192
sub-021,JX,L_Angular,vmPFC,0.20387091053270698,192
sub-021,JX,L_Angular,Motor,0.27435379761944745,192
sub-021,JX,ATL,vmPFC,0.2123289256224687,192
sub-021,JX,ATL,Motor,0.1903360854384094,192
sub-021,JX,vmPFC,Motor,0.2803072024599791,192
sub-021,OI,dlPFC,PCC,0.34781272809059405,120
sub-021,OI,dlPFC,L_Angular,0.5674962210188266,120
sub-021,OI,dlPFC,ATL,0.574795480051242,120
sub-021,OI,dlPFC,vmPFC,0.6652576816810538,120
sub-021,OI,dlPFC,Motor,0.45600533269680454,120
sub-021,OI,PCC,L_Angular,0.76196831720252,120
sub-021,OI,PCC,ATL,0.730954765522325,120
sub-021,OI,PCC,vmPFC,0.379461743419853,120
sub-021,OI,PCC,Motor,0.07734906420589276,120
sub-021,OI,L_Angular,ATL,0.8994539348788125,120
sub-021,OI,L_Angular,vmPFC,0.4798450791103434,120
sub-021,OI,L_Angular,Motor,0.457930105286358,120
sub-021,OI,ATL,vmPFC,0.3848634908982779,120
sub-021,OI,ATL,Motor,0.304898215775608,120
sub-021,OI,vmPFC,Motor,0.35390824901027523,120
sub-023,CA,dlPFC,PCC,0.21903001258621144,192
sub-023,CA,dlPFC,L_Angular,0.0339241399597513,192
sub-023,CA,dlPFC,ATL,-0.1350588897445813,192
sub-023,CA,dlPFC,vmPFC,0.06255228866562368,192
sub-023,CA,dlPFC,Motor,0.16064918142843926,192
sub-023,CA,PCC,L_Angular,0.5729745052434511,192
sub-023,CA,PCC,ATL,0.4766323971493306,192
sub-023,CA,PCC,vmPFC,0.5443567196410279,192
sub-023,CA,PCC,Motor,0.47918298377640794,192
sub-023,CA,L_Angular,ATL,0.761630549655531,192
sub-023,CA,L_Angular,vmPFC,0.2556100266143108,192
sub-023,CA,L_Angular,Motor,0.5248248256985173,192
sub-023,CA,ATL,vmPFC,0.33527766953616606,192
sub-023,CA,ATL,Motor,0.1896992425368283,192
sub-023,CA,vmPFC,Motor,-0.022418485250391362,192
sub-023,JX,dlPFC,PCC,0.2663220497550582,192
sub-023,JX,dlPFC,L_Angular,0.3472506824812745,192
sub-023,JX,dlPFC,ATL,0.1666842681607534,192
sub-023,JX,dlPFC,vmPFC,0.1954616898291552,192
sub-023,JX,dlPFC,Motor,0.34612620010149175,192
sub-023,JX,PCC,L_Angular,0.5701200010858736,192
sub-023,JX,PCC,ATL,0.5677599419686175,192
sub-023,JX,PCC,vmPFC,0.2149356413751224,192
sub-023,JX,PCC,Motor,0.5925083722890345,192
sub-023,JX,L_Angular,ATL,0.7109336504265799,192
sub-023,JX,L_Angular,vmPFC,-0.02503642726458391,192
sub-023,JX,L_Angular,Motor,0.6871837962420463,192
sub-023,JX,ATL,vmPFC,0.19730248980881082,192
sub-023,JX,ATL,Motor,0.5071923719712739,192
sub-023,JX,vmPFC,Motor,-0.18626138867474643,192
sub-023,OI,dlPFC,PCC,0.19796378497551653,120
sub-023,OI,dlPFC,L_Angular,0.13934043248292716,120
sub-023,OI,dlPFC,ATL,-0.19329417204953064,120
sub-023,OI,dlPFC,vmPFC,-0.13197700660460907,120
sub-023,OI,dlPFC,Motor,0.048823939351898216,120
sub-023,OI,PCC,L_Angular,0.7128152291394925,120
sub-023,OI,PCC,ATL,0.5897005743111271,120
sub-023,OI,PCC,vmPFC,0.5354120084603947,120
sub-023,OI,PCC,Motor,0.43943155459732536,120
sub-023,OI,L_Angular,ATL,0.7230882904762675,120
sub-023,OI,L_Angular,vmPFC,0.20343689117148048,120
sub-023,OI,L_Angular,Motor,0.6352250416787769,120
sub-023,OI,ATL,vmPFC,0.2985213193935653,120
sub-023,OI,ATL,Motor,0.3016253329037849,120
sub-023,OI,vmPFC,Motor,-0.16675074201250537,120
