roi1,roi2,CA_mean,JX_mean,OI_mean,CA_vs_JX_t,CA_vs_JX_p,direction
dlPFC,PCC,0.20077664867131928,0.20464987382442648,0.1522896258313514,-0.12149624886462522,0.9046440533793736,JX>CA
dlPFC,L_Angular,0.1613562801042305,0.09391965285829267,0.061762290373365225,1.2239251085608094,0.23676014083786975,CA>JX
dlPFC,ATL,0.014283797744157988,0.01842819630568382,-0.04699124083055834,-0.10329299617660814,0.9188725674423804,JX>CA
dlPFC,vmPFC,0.21730211860370727,0.15595635239946934,0.17292706223994606,1.1552733825880361,0.2630845999192176,CA>JX
dlPFC,Motor,0.16663330383903371,0.14254664958718397,0.1460184501586463,0.6013970735002835,0.555074750026927,CA>JX
PCC,L_Angular,0.4158774803883527,0.4016703507226235,0.461139149506462,0.39039048459417025,0.7008293140243383,CA>JX
PCC,ATL,0.30531929873077596,0.33915711011972505,0.37362562892693774,-0.7851484094485083,0.44257885966534877,JX>CA
PCC,vmPFC,0.31223109942030886,0.2102867181083666,0.2208024047277474,2.1236638664272047,0.047816613413924604,CA>JX
PCC,Motor,0.3296546585434779,0.3889367959529458,0.33479484152688466,-1.3742163858075884,0.18624511264114713,JX>CA
L_Angular,ATL,0.6845370313992197,0.7241877639061854,0.7122254960855475,-0.9340250424999559,0.362652514914731,JX>CA
L_Angular,vmPFC,0.2016963693455841,0.1481013402161616,0.2040441798906661,0.800720654004341,0.43373573438480617,CA>JX
L_Angular,Motor,0.27008254031684487,0.23746331232480272,0.2794780730805582,0.6307447422046306,0.5361345416313832,CA>JX
ATL,vmPFC,0.16292324994668198,0.11794561086309588,0.15550467158961517,0.8303876001403842,0.41719805800375975,CA>JX
ATL,Motor,0.20589762662315497,0.2050812500841022,0.21139915942179457,0.016704786239852294,0.9868558989927483,CA>JX
vmPFC,Motor,0.20340926075542828,0.14064907088085046,0.15935643719696052,1.2179962237494475,0.23895094373763112,CA>JX
