pair,condition,N,n_trs,mean_r_raw,sem_r_raw,mean_fisher_z,sem_fisher_z,backtransformed_mean_r,t,df,p,dz,q_3pairs_x_3conditions
PCC-L_Angular,CA,19,192,0.4158774803883526,0.0597666514524105,0.4899061761556576,0.0810793700924924,0.4541419627027373,6.042303678442374,18,1.0335848740662368e-05,1.3861995326586518,4.6511319332980654e-05
PCC-L_Angular,JX,19,192,0.4016703507226235,0.0593437302083991,0.4757651296565799,0.0841777276174601,0.4428456427538262,5.651912247128617,18,2.316710232491213e-05,1.2966375959470275,6.95013069747364e-05
PCC-L_Angular,OI,19,120,0.4611391495064619,0.0584770396706093,0.5561018229337334,0.0833442235387475,0.5050794216999832,6.672349916070623,18,2.929943947377544e-06,1.530742052636523,2.6369495526397893e-05
L_Angular-vmPFC,CA,19,192,0.2016963693455841,0.0664972940581472,0.2176450168730098,0.0745853913946508,0.2142723392080069,2.9180649561975613,18,0.0091799070709731,0.6694500134080321,0.0118027376626797
L_Angular-vmPFC,JX,19,192,0.1481013402161616,0.0696544832960118,0.1625684625470763,0.0761139727681181,0.1611512949694807,2.135855699482967,18,0.0466822060094926,0.4899989027385068,0.0466822060094926
L_Angular-vmPFC,OI,19,120,0.204044179890666,0.072637647321335,0.2184584527273996,0.0810029601864665,0.2150482926612836,2.696919374606982,18,0.0147478216016272,0.6187157375151973,0.0165912993018306
PCC-vmPFC,CA,19,192,0.3122310994203088,0.0642817806125718,0.3409433570515263,0.0715750243409,0.3283193245422022,4.7634403228096645,18,0.0001553183955762,1.092808157406005,0.0003494663900465
PCC-vmPFC,JX,19,192,0.2102867181083666,0.070074595992458,0.2310716257284027,0.0781971641190795,0.2270449832820954,2.9549872854279498,18,0.0084745303659996,0.6779205766646322,0.0118027376626797
PCC-vmPFC,OI,19,120,0.2208024047277473,0.0667259088875885,0.2452808851036327,0.0756773595650216,0.240477524231541,3.241139576135563,18,0.0045330206740706,0.7435684144360616,0.0081594372133271
