roi,coordinate,model,phase,phase_order,condition,n,mean_beta,sem,ci95_low,ci95_high
Lingual peak sphere,"MNI [−12, −60, −12]",whole_search,Pre-response,1,CA,19,0.6082384658984685,0.2663105192759439,0.04874082640362298,1.1677361053933142
Lingual peak sphere,"MNI [−12, −60, −12]",whole_search,Pre-response,1,JX,19,-0.3913467538155957,0.2308044190857945,-0.8762488448579526,0.09355533722676124
Lingual peak sphere,"MNI [−12, −60, −12]",whole_search,Pre-response,1,OI,19,-0.05232639516072931,0.442481716594774,-0.9819459859583441,0.8772931956368855
Lingual peak sphere,"MNI [−12, −60, −12]",whole_search,Search,0,CA,19,-0.11589292265412494,0.07043699923128963,-0.2638755667875769,0.032089721479326996
Lingual peak sphere,"MNI [−12, −60, −12]",whole_search,Search,0,JX,19,-0.136336183880221,0.08515007209716158,-0.31522984707725454,0.04255747931681253
Lingual peak sphere,"MNI [−12, −60, −12]",whole_search,Search,0,OI,19,-0.04977789776167302,0.1054877256706352,-0.27139938559800264,0.1718435900746566
Precuneus peak sphere,"MNI [−6, −54, 40.8]",early_1s,"Early Search
(0–1 s)",0,CA,19,-0.24359475362726857,0.23857548654191046,-0.7448232515643788,0.25763374430984165
Precuneus peak sphere,"MNI [−6, −54, 40.8]",early_1s,"Early Search
(0–1 s)",0,JX,19,-0.016978070746245816,0.24017565823166417,-0.5215684046545292,0.48761226316203765
Precuneus peak sphere,"MNI [−6, −54, 40.8]",early_1s,"Early Search
(0–1 s)",0,OI,19,0.032586529846145476,0.2375028155889816,-0.4663883700440302,0.5315614297363211
Precuneus peak sphere,"MNI [−6, −54, 40.8]",early_1s,Pre-response,1,CA,19,0.8569706408451235,0.34212513257300153,0.13819240930214416,1.575748872388103
Precuneus peak sphere,"MNI [−6, −54, 40.8]",early_1s,Pre-response,1,JX,19,-0.7091858654512082,0.30261248477632197,-1.344951104369865,-0.07342062653255144
Precuneus peak sphere,"MNI [−6, −54, 40.8]",early_1s,Pre-response,1,OI,19,-0.9363420053068241,0.4733605931688608,-1.9308357084768182,0.05815169786316998
