contrast_key,phase,two_sided,n_cdt_clusters,minimum_cluster_pFWE_raw,n_within_map_significant_clusters,seed,manual_permutation_t_max_abs_diff,cdt_t,holm_all_15_maps,holm_phase_directed_6,holm_interaction_two_sided_3
pre_CA_gt_JX,pre,False,150,0.02483999999999997,3,2026151438,9.769962616701378e-15,3.610484884825093,0.3229199999999996,0.12419999999999985,
pre_CA_gt_OI,pre,False,6,0.50256,0,2026171384,4.440892098500626e-15,3.610484884825093,1.0,1.0,
pre_JX_gt_CA,pre,False,0,1.0,0,2026161411,9.769962616701378e-15,3.610484884825093,1.0,1.0,
pre_JX_gt_OI,pre,False,0,1.0,0,2026191330,6.217248937900877e-15,3.610484884825093,1.0,1.0,
pre_OI_gt_CA,pre,False,10,0.27271999999999996,0,2026181357,4.440892098500626e-15,3.610484884825093,1.0,1.0,
pre_OI_gt_JX,pre,False,117,0.00224000000000002,10,2026201303,6.217248937900877e-15,3.610484884825093,0.0336000000000003,0.013440000000000122,
pre_minus_search_CA_gt_JX,interaction,True,86,0.08148000000000001,0,2026211276,5.329070518200751e-15,3.9216458250851605,0.8148000000000001,,0.16296000000000002
pre_minus_search_CA_gt_OI,interaction,True,13,0.75166,0,2026221249,3.9968028886505635e-15,3.9216458250851605,1.0,,0.75166
pre_minus_search_JX_gt_OI,interaction,True,101,0.003680000000000015,6,2026231222,5.329070518200751e-15,3.9216458250851605,0.051520000000000205,,0.011040000000000045
search_CA_gt_JX,search,False,0,1.0,0,2026091600,4.440892098500626e-15,3.610484884825093,1.0,1.0,
search_CA_gt_OI,search,False,36,0.0515,0,2026111546,5.329070518200751e-15,3.610484884825093,0.5665,0.2575,
search_JX_gt_CA,search,False,11,0.15117999999999998,0,2026101573,4.440892098500626e-15,3.610484884825093,1.0,0.6047199999999999,
search_JX_gt_OI,search,False,44,0.031000000000000028,1,2026131492,3.552713678800501e-15,3.610484884825093,0.37200000000000033,0.18600000000000017,
search_OI_gt_CA,search,False,3,0.52702,0,2026121519,5.329070518200751e-15,3.610484884825093,1.0,1.0,
search_OI_gt_JX,search,False,0,1.0,0,2026141465,3.552713678800501e-15,3.610484884825093,1.0,1.0,
