subject,condition,n_search,n_insight,insight_rate
sub-001,CA,16,16,1.0
sub-001,JX,15,15,1.0
sub-001,OI,10,10,1.0
sub-002,CA,13,13,1.0
sub-002,JX,9,9,1.0
sub-002,OI,7,7,1.0
sub-003,CA,15,15,1.0
sub-003,JX,14,14,1.0
sub-003,OI,9,9,1.0
sub-004,CA,16,16,1.0
sub-004,JX,16,16,1.0
sub-004,OI,10,10,1.0
sub-006,CA,16,16,1.0
sub-006,JX,16,16,1.0
sub-006,OI,10,10,1.0
sub-007,CA,16,16,1.0
sub-007,JX,16,16,1.0
sub-007,OI,10,10,1.0
sub-008,CA,16,16,1.0
sub-008,JX,16,16,1.0
sub-008,OI,10,10,1.0
sub-009,CA,16,16,1.0
sub-009,JX,15,15,1.0
sub-009,OI,10,10,1.0
sub-010,CA,16,16,1.0
sub-010,JX,16,16,1.0
sub-010,OI,10,10,1.0
sub-011,CA,16,16,1.0
sub-011,JX,16,16,1.0
sub-011,OI,10,10,1.0
sub-012,CA,16,16,1.0
sub-012,JX,16,16,1.0
sub-012,OI,10,10,1.0
sub-013,CA,16,16,1.0
sub-013,JX,16,16,1.0
sub-013,OI,10,10,1.0
sub-014,CA,16,16,1.0
sub-014,JX,16,16,1.0
sub-014,OI,10,10,1.0
sub-016,CA,16,16,1.0
sub-016,JX,16,16,1.0
sub-016,OI,10,10,1.0
sub-018,CA,16,16,1.0
sub-018,JX,16,16,1.0
sub-018,OI,10,10,1.0
sub-019,CA,16,16,1.0
sub-019,JX,16,16,1.0
sub-019,OI,10,10,1.0
sub-020,CA,16,16,1.0
sub-020,JX,16,16,1.0
sub-020,OI,10,10,1.0
sub-021,CA,16,16,1.0
sub-021,JX,16,16,1.0
sub-021,OI,10,10,1.0
sub-023,CA,16,16,1.0
sub-023,JX,16,16,1.0
sub-023,OI,10,10,1.0
