TrialID,trial_onset,image_onset,onset,insight1,insight2,insight3,insight4,haiku_item,image,subject_id,haiku_type,cut_line,cut_marker,num_insights,first_insight_rt,has_insight
1,2863.887,2863.904,0.952,4.565,8.63,22.358,,14,Slide30.JPG,sub-001,context-action,L2,Absent,3,4.565,True
2,2898.436,2898.453,35.501,6.708,13.333,23.505,,8,Slide17.JPG,sub-001,context-action,L2,Present,3,6.708,True
3,2932.519,2932.535,69.583,11.465,17.632,,,11,Slide23.JPG,sub-001,context-action,L2,Present,2,11.465,True
4,2970.534,2970.551,107.599,10.352,19.934,,,5,Slide12.JPG,sub-001,context-action,L1,Absent,2,10.352,True
5,3004.433,3004.45,141.498,7.376,15.153,,,33,Slide67.JPG,sub-001,One-image,NA,NA,2,7.376,True
6,3038.649,3038.665,175.713,12.963,,,,7,Slide16.JPG,sub-001,context-action,L1,Absent,1,12.963,True
7,3072.764,3072.781,209.829,,,,,30,Slide62.JPG,sub-001,juxtaposition,L2,Absent,0,,False
8,3106.197,3106.213,243.261,4.54,13.864,,,3,Slide07.JPG,sub-001,context-action,L1,Present,2,4.54,True
9,3140.112,3140.129,277.177,12.538,24.735,,,41,Slide84.JPG,sub-001,One-image,NA,NA,2,12.538,True
10,3174.661,3174.678,311.726,6.204,9.861,29.102,,1,Slide03.JPG,sub-001,context-action,L1,Present,3,6.204,True
11,3208.527,3208.544,345.592,22.584,,,,16,Slide33.JPG,sub-001,juxtaposition,L1,Present,1,22.584,True
12,3245.409,3245.426,382.474,14.414,,,,20,Slide42.JPG,sub-001,juxtaposition,L1,Absent,1,14.414,True
13,3280.092,3280.108,417.156,8.591,21.004,,,29,Slide60.JPG,sub-001,juxtaposition,L2,Absent,2,8.591,True
14,3314.774,3314.791,451.839,4.539,11.089,,,34,Slide69.JPG,sub-001,One-image,NA,NA,2,4.539,True
15,3348.806,3348.823,485.871,5.863,18.141,,,36,Slide73.JPG,sub-001,One-image,NA,NA,2,5.863,True
16,3386.972,3386.989,524.037,18.314,,,,22,Slide46.JPG,sub-001,juxtaposition,L1,Absent,1,18.314,True
17,3421.054,3421.071,558.119,4.314,13.593,28.455,,2,Slide05.JPG,sub-001,context-action,L1,Present,3,4.314,True
18,3455.453,3455.47,592.518,18.471,,,,21,Slide44.JPG,sub-001,juxtaposition,L1,Absent,1,18.471,True
19,3490.002,3490.019,627.067,6.677,15.908,25.866,,35,Slide71.JPG,sub-001,One-image,NA,NA,3,6.677,True
20,3526.318,3526.334,663.382,12.379,21.88,,,40,Slide82.JPG,sub-001,One-image,NA,NA,2,12.379,True
21,3561.233,3561.25,698.298,5.44,17.384,,,13,Slide28.JPG,sub-001,context-action,L2,Absent,2,5.44,True
22,3596.199,3596.216,733.264,11.869,21.781,,,28,Slide58.JPG,sub-001,juxtaposition,L2,Absent,2,11.869,True
23,3630.031,3630.048,767.096,9.925,19.295,,,38,Slide78.JPG,sub-001,One-image,NA,NA,2,9.925,True
24,3668.464,3668.48,805.528,17.431,26.747,,,23,Slide48.JPG,sub-001,juxtaposition,L1,Absent,2,17.431,True
25,3703.229,3703.246,840.294,10.516,14.846,,,25,Slide51.JPG,sub-001,juxtaposition,L2,Present,2,10.516,True
26,3736.962,3736.978,874.026,3.859,13.775,,,27,Slide55.JPG,sub-001,juxtaposition,L2,Present,2,3.859,True
27,3776.11,3776.127,913.175,12.496,23.358,,,32,Slide65.JPG,sub-001,One-image,NA,NA,2,12.496,True
28,3810.343,3810.359,947.407,13.73,,,,24,Slide49.JPG,sub-001,juxtaposition,L2,Present,1,13.73,True
29,3848.175,3848.192,985.24,12.863,,,,18,Slide37.JPG,sub-001,juxtaposition,L1,Present,1,12.863,True
30,3886.324,3886.34,1023.388,5.232,9.933,15.831,,9,Slide19.JPG,sub-001,context-action,L2,Present,3,5.232,True
31,3920.44,3920.456,1057.504,10.043,,,,31,Slide64.JPG,sub-001,juxtaposition,L2,Absent,1,10.043,True
32,3955.472,3955.488,1092.536,6.138,9.215,,,17,Slide35.JPG,sub-001,juxtaposition,L1,Present,2,6.138,True
33,3993.837,3993.854,1130.902,4.097,11.246,,,37,Slide75.JPG,sub-001,One-image,NA,NA,2,4.097,True
34,4027.803,4027.82,1164.868,7.714,10.836,,,0,Slide01.JPG,sub-001,context-action,L1,Present,2,7.714,True
35,4062.319,4062.335,1199.383,12.187,,,,26,Slide53.JPG,sub-001,juxtaposition,L2,Present,1,12.187,True
36,4098.018,4098.034,1235.082,13.799,,,,10,Slide21.JPG,sub-001,context-action,L2,Present,1,13.799,True
37,4132.1,4132.117,1269.165,10.809,,,,39,Slide80.JPG,sub-001,One-image,NA,NA,1,10.809,True
38,4167.449,4167.466,1304.514,6.391,16.479,,,6,Slide14.JPG,sub-001,context-action,L1,Absent,2,6.391,True
39,4206.864,4206.881,1343.929,15.324,19.605,,,12,Slide26.JPG,sub-001,context-action,L2,Absent,2,15.324,True
40,4240.697,4240.713,1377.761,6.941,10.74,26.089,,15,Slide32.JPG,sub-001,context-action,L2,Absent,3,6.941,True
41,4274.679,4274.696,1411.744,12.624,21.148,,,4,Slide10.JPG,sub-001,context-action,L1,Absent,2,12.624,True
42,4308.828,4308.845,1445.893,14.979,,,,19,Slide39.JPG,sub-001,juxtaposition,L1,Present,1,14.979,True
1,4400.608,4400.625,0.408,,,,,38,Slide78.JPG,sub-002,One-image,NA,NA,0,,False
2,4429.158,4429.174,28.957,14.333,,,,40,Slide82.JPG,sub-002,One-image,NA,NA,1,14.333,True
3,4460.923,4460.94,60.723,6.003,,,,2,Slide05.JPG,sub-002,context-action,L1,Present,1,6.003,True
4,4491.722,4491.739,91.522,6.59,,,,16,Slide33.JPG,sub-002,juxtaposition,L1,Present,1,6.59,True
5,4521.705,4521.722,121.505,15.055,,,,6,Slide14.JPG,sub-002,context-action,L1,Absent,1,15.055,True
6,4549.971,4549.987,149.77,,,,,21,Slide44.JPG,sub-002,juxtaposition,L1,Absent,0,,False
7,4579.203,4579.22,179.003,2.635,,,,1,Slide03.JPG,sub-002,context-action,L1,Present,1,2.635,True
8,4614.452,4614.469,214.252,16.314,19.919,,,7,Slide16.JPG,sub-002,context-action,L1,Absent,2,16.314,True
9,4649.368,4649.385,249.168,22.209,,,,11,Slide23.JPG,sub-002,context-action,L2,Present,1,22.209,True
10,4710.6,4710.616,310.399,4.633,18.57,,,33,Slide67.JPG,sub-002,One-image,NA,NA,2,4.633,True
11,4965.259,4965.276,565.059,12.417,,,,14,Slide30.JPG,sub-002,context-action,L2,Absent,1,12.417,True
12,5000.258,5000.275,600.058,,,,,28,Slide58.JPG,sub-002,juxtaposition,L2,Absent,0,,False
13,5038.94,5038.957,638.74,9.979,,,,10,Slide21.JPG,sub-002,context-action,L2,Present,1,9.979,True
14,5071.189,5071.206,670.989,8.436,,,,18,Slide37.JPG,sub-002,juxtaposition,L1,Present,1,8.436,True
15,5102.372,5102.388,702.171,7.557,,,,37,Slide75.JPG,sub-002,One-image,NA,NA,1,7.557,True
16,5139.721,5139.737,739.52,6.569,17.138,,,29,Slide60.JPG,sub-002,juxtaposition,L2,Absent,2,6.569,True
17,5191.403,5191.419,791.202,,,,,12,Slide26.JPG,sub-002,context-action,L2,Absent,0,,False
18,5260.501,5260.517,860.3,18.533,,,,19,Slide39.JPG,sub-002,juxtaposition,L1,Present,1,18.533,True
19,5317.049,5317.066,916.849,9.875,,,,39,Slide80.JPG,sub-002,One-image,NA,NA,1,9.875,True
20,5354.148,5354.165,953.948,,,,,27,Slide55.JPG,sub-002,juxtaposition,L2,Present,0,,False
21,5408.08,5408.096,1007.879,,,,,9,Slide19.JPG,sub-002,context-action,L2,Present,0,,False
22,5443.245,5443.262,1043.045,13.468,,,,0,Slide01.JPG,sub-002,context-action,L1,Present,1,13.468,True
23,5474.811,5474.828,1074.611,12.995,,,,25,Slide51.JPG,sub-002,juxtaposition,L2,Present,1,12.995,True
24,5513.543,5513.56,1113.343,,,,,30,Slide62.JPG,sub-002,juxtaposition,L2,Absent,0,,False
25,5555.576,5555.592,1155.375,4.796,7.442,,,35,Slide71.JPG,sub-002,One-image,NA,NA,2,4.796,True
26,5589.458,5589.475,1189.258,,,,,32,Slide65.JPG,sub-002,One-image,NA,NA,0,,False
27,5634.007,5634.023,1233.806,,,,,24,Slide49.JPG,sub-002,juxtaposition,L2,Present,0,,False
28,5666.939,5666.956,1266.739,,,,,41,Slide84.JPG,sub-002,One-image,NA,NA,0,,False
29,5701.222,5701.238,1301.021,7.693,,,,17,Slide35.JPG,sub-002,juxtaposition,L1,Present,1,7.693,True
30,5730.671,5730.687,1330.47,12.033,,,,31,Slide64.JPG,sub-002,juxtaposition,L2,Absent,1,12.033,True
31,5782.219,5782.236,1382.019,5.177,,,,5,Slide12.JPG,sub-002,context-action,L1,Absent,1,5.177,True
32,5811.768,5811.785,1411.568,2.718,,,,20,Slide42.JPG,sub-002,juxtaposition,L1,Absent,1,2.718,True
33,5858.8,5858.817,1458.6,11.282,,,,13,Slide28.JPG,sub-002,context-action,L2,Absent,1,11.282,True
34,5890.249,5890.266,1490.049,6.826,,,,36,Slide73.JPG,sub-002,One-image,NA,NA,1,6.826,True
35,5926.215,5926.232,1526.015,20.849,,,,15,Slide32.JPG,sub-002,context-action,L2,Absent,1,20.849,True
36,5958.114,5958.131,1557.914,,,,,3,Slide07.JPG,sub-002,context-action,L1,Present,0,,False
37,5987.18,5987.197,1586.98,12.618,,,,34,Slide69.JPG,sub-002,One-image,NA,NA,1,12.618,True
38,6017.529,6017.546,1617.329,,,,,26,Slide53.JPG,sub-002,juxtaposition,L2,Present,0,,False
39,6047.262,6047.278,1647.061,6.821,11.785,,,8,Slide17.JPG,sub-002,context-action,L2,Present,2,6.821,True
40,6077.594,6077.611,1677.394,16.885,19.203,,,22,Slide46.JPG,sub-002,juxtaposition,L1,Absent,2,16.885,True
41,6107.343,6107.36,1707.143,,,,,23,Slide48.JPG,sub-002,juxtaposition,L1,Absent,0,,False
42,6143.742,6143.759,1743.542,8.035,14.066,,,4,Slide10.JPG,sub-002,context-action,L1,Absent,2,8.035,True
1,3695.803,3695.82,0.824,14.391,,,,19,Slide40.JPG,sub-003,juxtaposition,L1,Present,1,14.391,True
2,3724.552,3724.569,29.573,17.336,,,,14,Slide29.JPG,sub-003,context-action,L2,Absent,1,17.336,True
3,3753.651,3753.668,58.672,14.543,,,,10,Slide22.JPG,sub-003,context-action,L2,Present,1,14.543,True
4,3782.817,3782.834,87.838,7.774,16.169,,,22,Slide45.JPG,sub-003,juxtaposition,L1,Absent,2,7.774,True
5,3812.116,3812.133,117.137,5.274,,,,41,Slide83.JPG,sub-003,One-image,NA,NA,1,5.274,True
6,3841.065,3841.082,146.086,13.107,19.1,,,26,Slide54.JPG,sub-003,juxtaposition,L2,Present,2,13.107,True
7,3871.198,3871.214,176.218,20.189,,,,20,Slide41.JPG,sub-003,juxtaposition,L1,Absent,1,20.189,True
8,3901.114,3901.13,206.134,5.15,10.337,,,2,Slide06.JPG,sub-003,context-action,L1,Present,2,5.15,True
9,3929.996,3930.013,235.017,3.406,10.073,,,8,Slide18.JPG,sub-003,context-action,L2,Present,2,3.406,True
10,3959.445,3959.462,264.466,21.677,,,,6,Slide13.JPG,sub-003,context-action,L1,Absent,1,21.677,True
11,3988.228,3988.244,293.248,10.775,18.303,,,4,Slide09.JPG,sub-003,context-action,L1,Absent,2,10.775,True
12,4016.877,4016.894,321.898,,,,,40,Slide81.JPG,sub-003,One-image,NA,NA,0,,False
13,4046.126,4046.143,351.147,8.806,,,,1,Slide04.JPG,sub-003,context-action,L1,Present,1,8.806,True
14,4075.159,4075.175,380.179,11.252,19.052,,,33,Slide68.JPG,sub-003,One-image,NA,NA,2,11.252,True
15,4104.375,4104.391,409.395,8.092,15.042,,,21,Slide43.JPG,sub-003,juxtaposition,L1,Absent,2,8.092,True
16,4133.457,4133.474,438.478,7.43,14.265,19.313,,13,Slide27.JPG,sub-003,context-action,L2,Absent,3,7.43,True
17,4162.439,4162.456,467.46,16.917,,,,24,Slide50.JPG,sub-003,juxtaposition,L2,Present,1,16.917,True
18,4192.122,4192.138,497.142,4.379,14.768,,,37,Slide76.JPG,sub-003,One-image,NA,NA,2,4.379,True
19,4223.788,4223.804,528.808,10.726,,,,17,Slide36.JPG,sub-003,juxtaposition,L1,Present,1,10.726,True
20,4253.92,4253.937,558.941,7.099,18.191,,,27,Slide56.JPG,sub-003,juxtaposition,L2,Present,2,7.099,True
21,4282.952,4282.969,587.973,6.011,12.45,,,34,Slide70.JPG,sub-003,One-image,NA,NA,2,6.011,True
22,4311.718,4311.735,616.739,5.108,12.736,19.016,,0,Slide02.JPG,sub-003,context-action,L1,Present,3,5.108,True
23,4341.084,4341.101,646.105,14.435,18.731,,,36,Slide74.JPG,sub-003,One-image,NA,NA,2,14.435,True
24,4369.867,4369.883,674.887,9.006,20.455,,,30,Slide61.JPG,sub-003,juxtaposition,L2,Absent,2,9.006,True
25,4400.732,4400.749,705.753,5.559,12.099,,,12,Slide25.JPG,sub-003,context-action,L2,Absent,2,5.559,True
26,4430.182,4430.198,735.202,22.126,,,,25,Slide52.JPG,sub-003,juxtaposition,L2,Present,1,22.126,True
27,4459.981,4459.997,765.001,5.848,14.047,,,16,Slide34.JPG,sub-003,juxtaposition,L1,Present,2,5.848,True
28,4492.08,4492.096,797.1,12.176,19.515,,,15,Slide31.JPG,sub-003,context-action,L2,Absent,2,12.176,True
29,4521.312,4521.329,826.333,18.566,,,,29,Slide59.JPG,sub-003,juxtaposition,L2,Absent,1,18.566,True
30,4556.878,4556.894,861.898,10.941,20.17,,,11,Slide24.JPG,sub-003,context-action,L2,Present,2,10.941,True
31,4587.11,4587.127,892.131,14.133,23.478,,,7,Slide15.JPG,sub-003,context-action,L1,Absent,2,14.133,True
32,4618.243,4618.259,923.263,12.262,,,,3,Slide08.JPG,sub-003,context-action,L1,Present,1,12.262,True
33,4650.658,4650.675,955.679,,,,,9,Slide20.JPG,sub-003,context-action,L2,Present,0,,False
34,4680.258,4680.274,985.278,8.304,,,,18,Slide38.JPG,sub-003,juxtaposition,L1,Present,1,8.304,True
35,4709.057,4709.073,1014.077,14.464,,,,23,Slide47.JPG,sub-003,juxtaposition,L1,Absent,1,14.464,True
36,4742.339,4742.356,1047.36,2.156,13.318,,,39,Slide79.JPG,sub-003,One-image,NA,NA,2,2.156,True
37,4774.472,4774.488,1079.492,5.126,,,,38,Slide77.JPG,sub-003,One-image,NA,NA,1,5.126,True
38,4807.404,4807.421,1112.425,15.52,,,,5,Slide11.JPG,sub-003,context-action,L1,Absent,1,15.52,True
39,4838.336,4838.353,1143.357,7.774,23.276,,,32,Slide66.JPG,sub-003,One-image,NA,NA,2,7.774,True
40,4868.469,4868.485,1173.489,,,,,31,Slide63.JPG,sub-003,juxtaposition,L2,Absent,0,,False
41,4897.468,4897.485,1202.489,,,,,28,Slide57.JPG,sub-003,juxtaposition,L2,Absent,0,,False
42,4926.817,4926.834,1231.838,7.707,,,,35,Slide72.JPG,sub-003,One-image,NA,NA,1,7.707,True
1,1626.481,1626.498,0.931,11.769,22.609,,,37,Slide76.JPG,sub-004,One-image,NA,NA,2,11.769,True
2,1656.497,1656.513,30.946,9.108,,,,22,Slide45.JPG,sub-004,juxtaposition,L1,Absent,1,9.108,True
3,1687.179,1687.196,61.629,11.581,,,,18,Slide38.JPG,sub-004,juxtaposition,L1,Present,1,11.581,True
4,1716.478,1716.495,90.928,7.282,,,,5,Slide11.JPG,sub-004,context-action,L1,Absent,1,7.282,True
5,1746.661,1746.677,121.11,11.686,,,,31,Slide63.JPG,sub-004,juxtaposition,L2,Absent,1,11.686,True
6,1780.276,1780.293,154.726,11.981,,,,9,Slide20.JPG,sub-004,context-action,L2,Present,1,11.981,True
7,1809.176,1809.192,183.625,8.889,,,,3,Slide08.JPG,sub-004,context-action,L1,Present,1,8.889,True
8,1838.475,1838.491,212.924,7.749,,,,8,Slide18.JPG,sub-004,context-action,L2,Present,1,7.749,True
9,1867.124,1867.141,241.574,10.617,,,,27,Slide56.JPG,sub-004,juxtaposition,L2,Present,1,10.617,True
10,1896.89,1896.906,271.339,11.68,,,,16,Slide34.JPG,sub-004,juxtaposition,L1,Present,1,11.68,True
11,1926.972,1926.989,301.422,9.544,,,,38,Slide77.JPG,sub-004,One-image,NA,NA,1,9.544,True
12,1955.971,1955.988,330.421,9.664,,,,40,Slide81.JPG,sub-004,One-image,NA,NA,1,9.664,True
13,1987.32,1987.337,361.77,15.272,,,,26,Slide54.JPG,sub-004,juxtaposition,L2,Present,1,15.272,True
14,2018.303,2018.319,392.752,12.807,,,,10,Slide22.JPG,sub-004,context-action,L2,Present,1,12.807,True
15,2047.102,2047.119,421.552,16.691,,,,25,Slide52.JPG,sub-004,juxtaposition,L2,Present,1,16.691,True
16,2076.051,2076.068,450.501,12.334,,,,1,Slide04.JPG,sub-004,context-action,L1,Present,1,12.334,True
17,2104.967,2104.984,479.417,11.146,,,,17,Slide36.JPG,sub-004,juxtaposition,L1,Present,1,11.146,True
18,2135.599,2135.616,510.049,7.495,,,,41,Slide83.JPG,sub-004,One-image,NA,NA,1,7.495,True
19,2164.465,2164.482,538.915,11.23,,,,19,Slide40.JPG,sub-004,juxtaposition,L1,Present,1,11.23,True
20,2194.848,2194.864,569.297,11.461,,,,13,Slide27.JPG,sub-004,context-action,L2,Absent,1,11.461,True
21,2225.897,2225.913,600.346,10.227,,,,11,Slide24.JPG,sub-004,context-action,L2,Present,1,10.227,True
22,2257.129,2257.146,631.579,11.636,,,,6,Slide13.JPG,sub-004,context-action,L1,Absent,1,11.636,True
23,2291.661,2291.678,666.111,12.361,,,,12,Slide25.JPG,sub-004,context-action,L2,Absent,1,12.361,True
24,2320.894,2320.911,695.344,18.949,,,,28,Slide57.JPG,sub-004,juxtaposition,L2,Absent,1,18.949,True
25,2352.81,2352.826,727.259,15.627,,,,33,Slide68.JPG,sub-004,One-image,NA,NA,1,15.627,True
26,2382.459,2382.475,756.908,13.99,,,,36,Slide74.JPG,sub-004,One-image,NA,NA,1,13.99,True
27,2412.858,2412.875,787.308,8.113,,,,2,Slide06.JPG,sub-004,context-action,L1,Present,1,8.113,True
28,2450.323,2450.34,824.773,13.961,,,,29,Slide59.JPG,sub-004,juxtaposition,L2,Absent,1,13.961,True
29,2479.639,2479.656,854.089,14.421,,,,21,Slide43.JPG,sub-004,juxtaposition,L1,Absent,1,14.421,True
30,2509.105,2509.122,883.555,10.374,,,,15,Slide31.JPG,sub-004,context-action,L2,Absent,1,10.374,True
31,2543.704,2543.721,918.154,11.294,,,,24,Slide50.JPG,sub-004,juxtaposition,L2,Present,1,11.294,True
32,2581.97,2581.986,956.419,15.32,,,,23,Slide47.JPG,sub-004,juxtaposition,L1,Absent,1,15.32,True
33,2612.319,2612.335,986.768,6.797,,,,39,Slide79.JPG,sub-004,One-image,NA,NA,1,6.797,True
34,2644.518,2644.534,1018.967,14.935,,,,20,Slide41.JPG,sub-004,juxtaposition,L1,Absent,1,14.935,True
35,2674.4,2674.417,1048.85,12.304,,,,14,Slide29.JPG,sub-004,context-action,L2,Absent,1,12.304,True
36,2707.149,2707.166,1081.599,10.788,,,,35,Slide72.JPG,sub-004,One-image,NA,NA,1,10.788,True
37,2737.115,2737.132,1111.565,10.367,,,,7,Slide15.JPG,sub-004,context-action,L1,Absent,1,10.367,True
38,2766.664,2766.681,1141.114,13.301,,,,32,Slide66.JPG,sub-004,One-image,NA,NA,1,13.301,True
39,2796.013,2796.03,1170.463,9.464,,,,34,Slide70.JPG,sub-004,One-image,NA,NA,1,9.464,True
40,2826.579,2826.596,1201.029,7.674,,,,4,Slide09.JPG,sub-004,context-action,L1,Absent,1,7.674,True
41,2857.378,2857.395,1231.828,10.187,,,,30,Slide61.JPG,sub-004,juxtaposition,L2,Absent,1,10.187,True
42,2887.127,2887.144,1261.577,14.135,,,,0,Slide02.JPG,sub-004,context-action,L1,Present,1,14.135,True
1,5673.982,5673.999,0.677,4.038,,,,34,Slide69.JPG,sub-005,One-image,NA,NA,1,4.038,True
2,5702.498,5702.515,29.193,12.718,,,,16,Slide33.JPG,sub-005,juxtaposition,L1,Present,1,12.718,True
3,5731.18,5731.197,57.875,,,,,17,Slide35.JPG,sub-005,juxtaposition,L1,Present,0,,False
4,5760.363,5760.379,87.057,,,,,15,Slide32.JPG,sub-005,context-action,L2,Absent,0,,False
5,5789.312,5789.329,116.007,,,,,0,Slide01.JPG,sub-005,context-action,L1,Present,0,,False
6,5818.978,5818.994,145.672,,,,,7,Slide16.JPG,sub-005,context-action,L1,Absent,0,,False
7,5847.86,5847.877,174.555,,,,,33,Slide67.JPG,sub-005,One-image,NA,NA,0,,False
8,5876.559,5876.576,203.254,7.232,,,,27,Slide55.JPG,sub-005,juxtaposition,L2,Present,1,7.232,True
9,5906.725,5906.742,233.42,,,,,20,Slide42.JPG,sub-005,juxtaposition,L1,Absent,0,,False
10,5936.058,5936.074,262.752,,,,,24,Slide49.JPG,sub-005,juxtaposition,L2,Present,0,,False
11,5966.907,5966.923,293.601,,,,,36,Slide73.JPG,sub-005,One-image,NA,NA,0,,False
12,5995.856,5995.872,322.55,,,,,35,Slide71.JPG,sub-005,One-image,NA,NA,0,,False
13,6025.255,6025.272,351.95,,,,,6,Slide14.JPG,sub-005,context-action,L1,Absent,0,,False
14,6054.637,6054.654,381.332,,,,,12,Slide26.JPG,sub-005,context-action,L2,Absent,0,,False
15,6084.47,6084.486,411.164,,,,,30,Slide62.JPG,sub-005,juxtaposition,L2,Absent,0,,False
16,6114.336,6114.352,441.03,13.878,,,,8,Slide17.JPG,sub-005,context-action,L2,Present,1,13.878,True
17,6144.385,6144.401,471.079,,,,,23,Slide48.JPG,sub-005,juxtaposition,L1,Absent,0,,False
18,6173.417,6173.434,500.112,,,,,32,Slide65.JPG,sub-005,One-image,NA,NA,0,,False
19,6202.183,6202.2,528.878,,,,,21,Slide44.JPG,sub-005,juxtaposition,L1,Absent,0,,False
20,6231.782,6231.799,558.477,,,,,3,Slide07.JPG,sub-005,context-action,L1,Present,0,,False
21,6261.115,6261.131,587.809,,,,,39,Slide80.JPG,sub-005,One-image,NA,NA,0,,False
22,6289.814,6289.83,616.508,16.658,,,,31,Slide64.JPG,sub-005,juxtaposition,L2,Absent,1,16.658,True
23,6319.096,6319.113,645.791,,,,,5,Slide12.JPG,sub-005,context-action,L1,Absent,0,,False
24,6348.145,6348.162,674.84,,,,,28,Slide58.JPG,sub-005,juxtaposition,L2,Absent,0,,False
25,6377.744,6377.761,704.439,,,,,19,Slide39.JPG,sub-005,juxtaposition,L1,Present,0,,False
26,6410.477,6410.494,737.172,,,,,29,Slide60.JPG,sub-005,juxtaposition,L2,Absent,0,,False
27,6439.126,6439.143,765.821,,,,,38,Slide78.JPG,sub-005,One-image,NA,NA,0,,False
28,6468.175,6468.192,794.87,,,,,4,Slide10.JPG,sub-005,context-action,L1,Absent,0,,False
29,6497.008,6497.024,823.702,,,,,18,Slide37.JPG,sub-005,juxtaposition,L1,Present,0,,False
30,6526.44,6526.457,853.135,,,,,26,Slide53.JPG,sub-005,juxtaposition,L2,Present,0,,False
31,6556.439,6556.456,883.134,5.985,,,,37,Slide75.JPG,sub-005,One-image,NA,NA,1,5.985,True
32,6586.188,6586.205,912.883,,,,,25,Slide51.JPG,sub-005,juxtaposition,L2,Present,0,,False
33,6615.688,6615.704,942.382,,,,,40,Slide82.JPG,sub-005,One-image,NA,NA,0,,False
34,6644.62,6644.637,971.315,,,,,14,Slide30.JPG,sub-005,context-action,L2,Absent,0,,False
35,6673.919,6673.936,1000.614,,,,,41,Slide84.JPG,sub-005,One-image,NA,NA,0,,False
36,6706.068,6706.085,1032.763,6.713,,,,2,Slide05.JPG,sub-005,context-action,L1,Present,1,6.713,True
37,6736.701,6736.717,1063.395,,,,,1,Slide03.JPG,sub-005,context-action,L1,Present,0,,False
38,6765.983,6766.0,1092.678,,,,,22,Slide46.JPG,sub-005,juxtaposition,L1,Absent,0,,False
39,6795.649,6795.665,1122.343,9.287,,,,13,Slide28.JPG,sub-005,context-action,L2,Absent,1,9.287,True
40,6825.331,6825.348,1152.026,,,,,11,Slide23.JPG,sub-005,context-action,L2,Present,0,,False
41,6854.047,6854.064,1180.742,,,,,10,Slide21.JPG,sub-005,context-action,L2,Present,0,,False
42,6882.546,6882.563,1209.241,,,,,9,Slide19.JPG,sub-005,context-action,L2,Present,0,,False
1,1187.878,1187.895,0.3,5.493,18.349,,,26,Slide54.JPG,sub-006,juxtaposition,L2,Present,2,5.493,True
2,1218.344,1218.361,30.766,4.691,,,,41,Slide83.JPG,sub-006,One-image,NA,NA,1,4.691,True
3,1252.476,1252.493,64.898,3.793,10.072,,,25,Slide52.JPG,sub-006,juxtaposition,L2,Present,2,3.793,True
4,1281.742,1281.759,94.164,4.772,17.369,,,37,Slide76.JPG,sub-006,One-image,NA,NA,2,4.772,True
5,1311.375,1311.391,123.796,5.559,,,,10,Slide22.JPG,sub-006,context-action,L2,Present,1,5.559,True
6,1340.874,1340.89,153.295,5.132,13.013,,,33,Slide68.JPG,sub-006,One-image,NA,NA,2,5.132,True
7,1372.823,1372.84,185.245,3.452,,,,39,Slide79.JPG,sub-006,One-image,NA,NA,1,3.452,True
8,1402.105,1402.122,214.527,3.832,9.271,,,21,Slide43.JPG,sub-006,juxtaposition,L1,Absent,2,3.832,True
9,1431.338,1431.355,243.76,3.778,7.687,,,7,Slide15.JPG,sub-006,context-action,L1,Absent,2,3.778,True
10,1465.72,1465.737,278.142,5.146,18.736,,,32,Slide66.JPG,sub-006,One-image,NA,NA,2,5.146,True
11,1494.936,1494.953,307.358,4.723,11.738,,,36,Slide74.JPG,sub-006,One-image,NA,NA,2,4.723,True
12,1524.735,1524.752,337.157,6.437,13.821,,,6,Slide13.JPG,sub-006,context-action,L1,Absent,2,6.437,True
13,1555.201,1555.218,367.623,7.241,,,,11,Slide24.JPG,sub-006,context-action,L2,Present,1,7.241,True
14,1585.283,1585.3,397.705,4.137,19.838,,,12,Slide25.JPG,sub-006,context-action,L2,Absent,2,4.137,True
15,1614.833,1614.849,427.254,4.1,,,,30,Slide61.JPG,sub-006,juxtaposition,L2,Absent,1,4.1,True
16,1643.915,1643.932,456.337,6.938,,,,23,Slide47.JPG,sub-006,juxtaposition,L1,Absent,1,6.938,True
17,1674.264,1674.281,486.686,7.176,13.519,,,3,Slide08.JPG,sub-006,context-action,L1,Present,2,7.176,True
18,1703.063,1703.08,515.485,8.277,,,,13,Slide27.JPG,sub-006,context-action,L2,Absent,1,8.277,True
19,1735.496,1735.512,547.917,4.594,16.43,,,14,Slide29.JPG,sub-006,context-action,L2,Absent,2,4.594,True
20,1766.961,1766.978,579.383,7.774,19.368,,,20,Slide41.JPG,sub-006,juxtaposition,L1,Absent,2,7.774,True
21,1799.177,1799.194,611.599,6.107,,,,19,Slide40.JPG,sub-006,juxtaposition,L1,Present,1,6.107,True
22,1831.426,1831.443,643.848,6.834,14.511,,,5,Slide11.JPG,sub-006,context-action,L1,Absent,2,6.834,True
23,1861.292,1861.309,673.714,7.039,,,,2,Slide06.JPG,sub-006,context-action,L1,Present,1,7.039,True
24,1891.275,1891.291,703.696,7.181,16.958,,,27,Slide56.JPG,sub-006,juxtaposition,L2,Present,2,7.181,True
25,1919.807,1919.824,732.229,5.358,16.494,,,29,Slide59.JPG,sub-006,juxtaposition,L2,Absent,2,5.358,True
26,1951.356,1951.373,763.778,10.99,21.057,,,18,Slide38.JPG,sub-006,juxtaposition,L1,Present,2,10.99,True
27,1987.038,1987.055,799.46,7.749,,,,15,Slide31.JPG,sub-006,context-action,L2,Absent,1,7.749,True
28,2018.321,2018.338,830.743,6.907,18.437,,,4,Slide09.JPG,sub-006,context-action,L1,Absent,2,6.907,True
29,2048.203,2048.22,860.625,10.232,,,,1,Slide04.JPG,sub-006,context-action,L1,Present,1,10.232,True
30,2077.352,2077.369,889.774,5.574,,,,34,Slide70.JPG,sub-006,One-image,NA,NA,1,5.574,True
31,2107.735,2107.752,920.157,6.774,16.073,,,17,Slide36.JPG,sub-006,juxtaposition,L1,Present,2,6.774,True
32,2138.084,2138.101,950.506,8.372,,,,31,Slide63.JPG,sub-006,juxtaposition,L2,Absent,1,8.372,True
33,2167.883,2167.9,980.305,5.065,16.973,,,16,Slide34.JPG,sub-006,juxtaposition,L1,Present,2,5.065,True
34,2198.216,2198.232,1010.637,10.436,,,,28,Slide57.JPG,sub-006,juxtaposition,L2,Absent,1,10.436,True
35,2229.398,2229.415,1041.82,5.278,15.46,,,0,Slide02.JPG,sub-006,context-action,L1,Present,2,5.278,True
36,2259.714,2259.731,1072.136,3.92,,,,8,Slide18.JPG,sub-006,context-action,L2,Present,1,3.92,True
37,2290.68,2290.696,1103.101,4.929,,,,35,Slide72.JPG,sub-006,One-image,NA,NA,1,4.929,True
38,2326.145,2326.162,1138.567,7.796,21.819,,,22,Slide45.JPG,sub-006,juxtaposition,L1,Absent,2,7.796,True
39,2356.928,2356.944,1169.349,7.744,,,,24,Slide50.JPG,sub-006,juxtaposition,L2,Present,1,7.744,True
40,2385.944,2385.96,1198.365,11.824,,,,9,Slide20.JPG,sub-006,context-action,L2,Present,1,11.824,True
41,2416.509,2416.526,1228.931,11.122,,,,40,Slide81.JPG,sub-006,One-image,NA,NA,1,11.122,True
42,2446.792,2446.809,1259.214,9.187,22.411,,,38,Slide77.JPG,sub-006,One-image,NA,NA,2,9.187,True
1,2465.688,2465.704,0.885,2.248,4.032,7.369,,14,Slide30.JPG,sub-007,context-action,L2,Absent,3,2.248,True
2,2497.604,2497.62,32.801,3.707,7.555,,,0,Slide01.JPG,sub-007,context-action,L1,Present,2,3.707,True
3,2526.453,2526.469,61.65,3.14,6.112,8.125,,7,Slide16.JPG,sub-007,context-action,L1,Absent,3,3.14,True
4,2555.469,2555.485,90.666,5.878,,,,23,Slide48.JPG,sub-007,juxtaposition,L1,Absent,1,5.878,True
5,2584.018,2584.034,119.215,5.304,,,,1,Slide03.JPG,sub-007,context-action,L1,Present,1,5.304,True
6,2613.4,2613.417,148.598,4.791,8.991,16.142,,29,Slide60.JPG,sub-007,juxtaposition,L2,Absent,3,4.791,True
7,2642.099,2642.116,177.297,4.7,11.929,,,4,Slide10.JPG,sub-007,context-action,L1,Absent,2,4.7,True
8,2671.715,2671.732,206.913,4.916,8.324,13.591,,21,Slide44.JPG,sub-007,juxtaposition,L1,Absent,3,4.916,True
9,2702.264,2702.281,237.462,4.508,5.753,11.611,,28,Slide58.JPG,sub-007,juxtaposition,L2,Absent,3,4.508,True
10,2730.847,2730.863,266.044,6.655,13.339,23.893,,18,Slide37.JPG,sub-007,juxtaposition,L1,Present,3,6.655,True
11,2763.779,2763.796,298.977,5.013,6.458,15.235,,27,Slide55.JPG,sub-007,juxtaposition,L2,Present,3,5.013,True
12,2792.611,2792.628,327.809,2.981,3.735,9.646,,36,Slide73.JPG,sub-007,One-image,NA,NA,3,2.981,True
13,2821.211,2821.227,356.408,3.955,5.974,,,12,Slide26.JPG,sub-007,context-action,L2,Absent,2,3.955,True
14,2850.043,2850.06,385.241,4.795,7.049,,,9,Slide19.JPG,sub-007,context-action,L2,Present,2,4.795,True
15,2878.892,2878.909,414.09,3.874,4.668,9.196,,24,Slide49.JPG,sub-007,juxtaposition,L2,Present,3,3.874,True
16,2907.625,2907.641,442.822,7.695,9.492,16.027,,19,Slide39.JPG,sub-007,juxtaposition,L1,Present,3,7.695,True
17,2936.374,2936.391,471.572,4.258,11.505,,,39,Slide80.JPG,sub-007,One-image,NA,NA,2,4.258,True
18,2967.773,2967.79,502.971,4.237,4.764,9.371,,3,Slide07.JPG,sub-007,context-action,L1,Present,3,4.237,True
19,2996.422,2996.439,531.62,8.12,8.658,11.887,,15,Slide32.JPG,sub-007,context-action,L2,Absent,3,8.12,True
20,3025.588,3025.605,560.786,4.6,7.502,,,26,Slide53.JPG,sub-007,juxtaposition,L2,Present,2,4.6,True
21,3054.904,3054.92,590.101,5.074,8.563,,,13,Slide28.JPG,sub-007,context-action,L2,Absent,2,5.074,True
22,3085.786,3085.803,620.984,7.24,10.103,14.1,,41,Slide84.JPG,sub-007,One-image,NA,NA,3,7.24,True
23,3114.735,3114.752,649.933,1.994,2.518,,,2,Slide05.JPG,sub-007,context-action,L1,Present,2,1.994,True
24,3146.001,3146.018,681.199,7.088,7.848,,,32,Slide65.JPG,sub-007,One-image,NA,NA,2,7.088,True
25,3175.834,3175.85,711.031,2.054,2.548,8.55,,11,Slide23.JPG,sub-007,context-action,L2,Present,3,2.054,True
26,3207.016,3207.033,742.214,4.94,5.432,12.006,,22,Slide46.JPG,sub-007,juxtaposition,L1,Absent,3,4.94,True
27,3239.665,3239.682,774.863,4.42,8.028,9.341,,20,Slide42.JPG,sub-007,juxtaposition,L1,Absent,3,4.42,True
28,3269.148,3269.164,804.345,7.778,,,,35,Slide71.JPG,sub-007,One-image,NA,NA,1,7.778,True
29,3297.963,3297.98,833.161,8.032,8.528,,,31,Slide64.JPG,sub-007,juxtaposition,L2,Absent,2,8.032,True
30,3327.562,3327.579,862.76,2.318,3.142,10.19,,6,Slide14.JPG,sub-007,context-action,L1,Absent,3,2.318,True
31,3360.628,3360.645,895.826,6.342,16.924,,,38,Slide78.JPG,sub-007,One-image,NA,NA,2,6.342,True
32,3527.973,3527.99,1063.171,4.154,6.739,,,33,Slide67.JPG,sub-007,One-image,NA,NA,2,4.154,True
33,3557.556,3557.573,1092.754,4.432,5.478,7.825,,30,Slide62.JPG,sub-007,juxtaposition,L2,Absent,3,4.432,True
34,3589.455,3589.472,1124.653,5.761,6.44,9.905,,10,Slide21.JPG,sub-007,context-action,L2,Present,3,5.761,True
35,3618.138,3618.154,1153.335,9.037,9.915,14.153,,25,Slide51.JPG,sub-007,juxtaposition,L2,Present,3,9.037,True
36,3647.02,3647.037,1182.218,2.894,4.628,,,16,Slide33.JPG,sub-007,juxtaposition,L1,Present,2,2.894,True
37,3675.486,3675.503,1210.684,10.379,18.585,,,17,Slide35.JPG,sub-007,juxtaposition,L1,Present,2,10.379,True
38,3704.768,3704.785,1239.966,5.169,7.659,13.89,,8,Slide17.JPG,sub-007,context-action,L2,Present,3,5.169,True
39,3735.867,3735.884,1271.065,4.642,5.111,,,5,Slide12.JPG,sub-007,context-action,L1,Absent,2,4.642,True
40,3764.4,3764.417,1299.598,5.951,6.297,17.561,,34,Slide69.JPG,sub-007,One-image,NA,NA,3,5.951,True
41,3796.649,3796.666,1331.847,3.574,4.409,14.769,,37,Slide75.JPG,sub-007,One-image,NA,NA,3,3.574,True
42,3826.032,3826.048,1361.229,3.608,7.342,13.421,,40,Slide82.JPG,sub-007,One-image,NA,NA,3,3.608,True
1,1185.842,1185.858,0.697,3.168,9.005,,,12,Slide25.JPG,sub-008,context-action,L2,Absent,2,3.168,True
2,1215.724,1215.741,30.58,3.627,10.015,14.704,,26,Slide54.JPG,sub-008,juxtaposition,L2,Present,3,3.627,True
3,1244.99,1245.007,59.846,3.331,10.069,,,39,Slide79.JPG,sub-008,One-image,NA,NA,2,3.331,True
4,1275.289,1275.306,90.145,3.037,11.205,,,41,Slide83.JPG,sub-008,One-image,NA,NA,2,3.037,True
5,1306.322,1306.338,121.177,4.429,10.78,,,29,Slide59.JPG,sub-008,juxtaposition,L2,Absent,2,4.429,True
6,1340.771,1340.787,155.626,4.272,10.855,,,33,Slide68.JPG,sub-008,One-image,NA,NA,2,4.272,True
7,1371.037,1371.053,185.892,2.963,8.076,,,5,Slide11.JPG,sub-008,context-action,L1,Absent,2,2.963,True
8,1400.769,1400.786,215.625,3.097,6.866,16.234,,13,Slide27.JPG,sub-008,context-action,L2,Absent,3,3.097,True
9,1430.568,1430.585,245.424,5.393,,,,28,Slide57.JPG,sub-008,juxtaposition,L2,Absent,1,5.393,True
10,1460.618,1460.634,275.473,4.59,8.716,18.402,,17,Slide36.JPG,sub-008,juxtaposition,L1,Present,3,4.59,True
11,1490.383,1490.4,305.239,3.692,13.197,,,35,Slide72.JPG,sub-008,One-image,NA,NA,2,3.692,True
12,1520.416,1520.433,335.272,3.558,13.695,,,25,Slide52.JPG,sub-008,juxtaposition,L2,Present,2,3.558,True
13,1549.948,1549.965,364.804,2.992,7.817,,,7,Slide15.JPG,sub-008,context-action,L1,Absent,2,2.992,True
14,1579.648,1579.664,394.503,3.439,9.918,,,19,Slide40.JPG,sub-008,juxtaposition,L1,Present,2,3.439,True
15,1609.264,1609.28,424.119,2.425,10.357,,,24,Slide50.JPG,sub-008,juxtaposition,L2,Present,2,2.425,True
16,1640.463,1640.479,455.318,5.4,,,,31,Slide63.JPG,sub-008,juxtaposition,L2,Absent,1,5.4,True
17,1669.162,1669.179,484.018,2.413,5.784,13.017,,3,Slide08.JPG,sub-008,context-action,L1,Present,3,2.413,True
18,1697.844,1697.861,512.7,4.643,10.241,15.983,,30,Slide61.JPG,sub-008,juxtaposition,L2,Absent,3,4.643,True
19,1727.194,1727.21,542.049,3.246,8.607,15.801,,22,Slide45.JPG,sub-008,juxtaposition,L1,Absent,3,3.246,True
20,1755.543,1755.559,570.398,7.445,16.36,,,40,Slide81.JPG,sub-008,One-image,NA,NA,2,7.445,True
21,1783.992,1784.009,598.848,3.312,9.648,,,27,Slide56.JPG,sub-008,juxtaposition,L2,Present,2,3.312,True
22,1812.975,1812.991,627.83,4.155,8.85,,,11,Slide24.JPG,sub-008,context-action,L2,Present,2,4.155,True
23,1841.441,1841.457,656.296,2.976,9.623,,,14,Slide29.JPG,sub-008,context-action,L2,Absent,2,2.976,True
24,1869.923,1869.94,684.779,2.167,6.224,,,8,Slide18.JPG,sub-008,context-action,L2,Present,2,2.167,True
25,1899.539,1899.556,714.395,3.187,5.781,,,2,Slide06.JPG,sub-008,context-action,L1,Present,2,3.187,True
26,1928.672,1928.688,743.527,2.745,4.896,,,16,Slide34.JPG,sub-008,juxtaposition,L1,Present,2,2.745,True
27,1957.487,1957.504,772.343,2.441,6.165,,,15,Slide31.JPG,sub-008,context-action,L2,Absent,2,2.441,True
28,1986.503,1986.52,801.359,4.954,8.718,14.577,,20,Slide41.JPG,sub-008,juxtaposition,L1,Absent,3,4.954,True
29,2015.836,2015.852,830.691,3.176,7.52,,,10,Slide22.JPG,sub-008,context-action,L2,Present,2,3.176,True
30,2045.868,2045.885,860.724,3.573,9.069,,,9,Slide20.JPG,sub-008,context-action,L2,Present,2,3.573,True
31,2077.017,2077.034,891.873,7.509,11.167,,,36,Slide74.JPG,sub-008,One-image,NA,NA,2,7.509,True
32,2105.483,2105.5,920.339,2.723,5.763,,,34,Slide70.JPG,sub-008,One-image,NA,NA,2,2.723,True
33,2137.116,2137.132,951.971,2.337,6.127,11.297,,0,Slide02.JPG,sub-008,context-action,L1,Present,3,2.337,True
34,2166.632,2166.648,981.487,3.849,8.009,,,1,Slide04.JPG,sub-008,context-action,L1,Present,2,3.849,True
35,2195.181,2195.197,1010.036,2.772,9.792,,,6,Slide13.JPG,sub-008,context-action,L1,Absent,2,2.772,True
36,2223.663,2223.68,1038.519,2.177,9.329,,,21,Slide43.JPG,sub-008,juxtaposition,L1,Absent,2,2.177,True
37,2252.046,2252.063,1066.902,3.05,7.422,15.827,,38,Slide77.JPG,sub-008,One-image,NA,NA,3,3.05,True
38,2281.695,2281.712,1096.551,3.752,12.3,,,18,Slide38.JPG,sub-008,juxtaposition,L1,Present,2,3.752,True
39,2310.144,2310.161,1125.0,3.031,5.567,,,4,Slide09.JPG,sub-008,context-action,L1,Absent,2,3.031,True
40,2340.26,2340.277,1155.116,2.427,5.698,14.784,,37,Slide76.JPG,sub-008,One-image,NA,NA,3,2.427,True
41,2370.859,2370.876,1185.715,4.291,9.325,,,32,Slide66.JPG,sub-008,One-image,NA,NA,2,4.291,True
42,2400.275,2400.292,1215.131,3.164,9.451,18.764,,23,Slide47.JPG,sub-008,juxtaposition,L1,Absent,3,3.164,True
1,3115.941,3115.957,0.999,9.518,20.92,,,27,Slide55.JPG,sub-009,juxtaposition,L2,Present,2,9.518,True
2,3144.64,3144.656,29.698,7.329,17.278,,,29,Slide60.JPG,sub-009,juxtaposition,L2,Absent,2,7.329,True
3,3173.556,3173.572,58.614,4.733,10.441,,,2,Slide05.JPG,sub-009,context-action,L1,Present,2,4.733,True
4,3202.855,3202.871,87.913,5.781,9.92,17.609,,7,Slide16.JPG,sub-009,context-action,L1,Absent,3,5.781,True
5,3234.97,3234.987,120.029,5.333,24.401,,,16,Slide33.JPG,sub-009,juxtaposition,L1,Present,2,5.333,True
6,3263.653,3263.67,148.712,6.533,,,,5,Slide12.JPG,sub-009,context-action,L1,Absent,1,6.533,True
7,3297.085,3297.102,182.144,5.781,16.061,,,35,Slide71.JPG,sub-009,One-image,NA,NA,2,5.781,True
8,3326.034,3326.051,211.093,4.747,17.783,,,11,Slide23.JPG,sub-009,context-action,L2,Present,2,4.747,True
9,3357.817,3357.834,242.876,3.796,13.34,23.028,,37,Slide75.JPG,sub-009,One-image,NA,NA,3,3.796,True
10,3387.066,3387.083,272.125,6.491,20.905,,,9,Slide19.JPG,sub-009,context-action,L2,Present,2,6.491,True
11,3418.349,3418.365,303.407,7.335,19.156,,,17,Slide35.JPG,sub-009,juxtaposition,L1,Present,2,7.335,True
12,3515.146,3515.162,400.204,4.525,20.431,,,30,Slide62.JPG,sub-009,juxtaposition,L2,Absent,2,4.525,True
13,3543.595,3543.611,428.653,5.847,7.214,21.084,,15,Slide32.JPG,sub-009,context-action,L2,Absent,3,5.847,True
14,3572.761,3572.777,457.819,5.794,18.516,,,31,Slide64.JPG,sub-009,juxtaposition,L2,Absent,2,5.794,True
15,3601.16,3601.177,486.219,6.825,14.983,24.493,,39,Slide80.JPG,sub-009,One-image,NA,NA,3,6.825,True
16,3629.559,3629.576,514.618,9.113,18.239,22.461,,40,Slide82.JPG,sub-009,One-image,NA,NA,3,9.113,True
17,3658.325,3658.342,543.384,9.157,16.136,22.692,,24,Slide49.JPG,sub-009,juxtaposition,L2,Present,3,9.157,True
18,3686.907,3686.924,571.966,10.354,14.998,,,28,Slide58.JPG,sub-009,juxtaposition,L2,Absent,2,10.354,True
19,3715.34,3715.357,600.399,6.619,17.073,,,32,Slide65.JPG,sub-009,One-image,NA,NA,2,6.619,True
20,3746.772,3746.789,631.831,6.89,14.762,16.919,,33,Slide67.JPG,sub-009,One-image,NA,NA,3,6.89,True
21,3776.371,3776.388,661.43,10.129,15.636,23.935,,19,Slide39.JPG,sub-009,juxtaposition,L1,Present,3,10.129,True
22,3805.771,3805.787,690.829,7.84,15.056,,,4,Slide10.JPG,sub-009,context-action,L1,Absent,2,7.84,True
23,3834.37,3834.386,719.428,6.176,15.055,,,34,Slide69.JPG,sub-009,One-image,NA,NA,2,6.176,True
24,3863.386,3863.402,748.444,7.877,14.691,,,3,Slide07.JPG,sub-009,context-action,L1,Present,2,7.877,True
25,3894.718,3894.735,779.777,8.451,15.078,,,0,Slide01.JPG,sub-009,context-action,L1,Present,2,8.451,True
26,3924.367,3924.384,809.426,5.086,9.795,18.649,,6,Slide14.JPG,sub-009,context-action,L1,Absent,3,5.086,True
27,3955.916,3955.933,840.975,,,,,21,Slide44.JPG,sub-009,juxtaposition,L1,Absent,0,,False
28,3989.299,3989.315,874.357,3.216,9.427,15.433,,41,Slide84.JPG,sub-009,One-image,NA,NA,3,3.216,True
29,4017.798,4017.814,902.856,10.603,15.405,,,8,Slide17.JPG,sub-009,context-action,L2,Present,2,10.603,True
30,4047.38,4047.397,932.439,5.711,17.085,21.262,,12,Slide26.JPG,sub-009,context-action,L2,Absent,3,5.711,True
31,4076.096,4076.113,961.155,8.595,10.741,,,20,Slide42.JPG,sub-009,juxtaposition,L1,Absent,2,8.595,True
32,4107.145,4107.162,992.204,7.583,12.545,24.603,,26,Slide53.JPG,sub-009,juxtaposition,L2,Present,3,7.583,True
33,4135.961,4135.978,1021.02,7.976,12.778,24.467,,23,Slide48.JPG,sub-009,juxtaposition,L1,Absent,3,7.976,True
34,4165.71,4165.727,1050.769,8.895,21.654,,,38,Slide78.JPG,sub-009,One-image,NA,NA,2,8.895,True
35,4194.743,4194.759,1079.801,4.416,20.916,,,10,Slide21.JPG,sub-009,context-action,L2,Present,2,4.416,True
36,4225.358,4225.375,1110.417,6.659,21.684,,,18,Slide37.JPG,sub-009,juxtaposition,L1,Present,2,6.659,True
37,4254.291,4254.308,1139.35,5.674,12.81,22.146,,25,Slide51.JPG,sub-009,juxtaposition,L2,Present,3,5.674,True
38,4282.923,4282.94,1167.982,11.576,16.077,20.073,,36,Slide73.JPG,sub-009,One-image,NA,NA,3,11.576,True
39,4373.637,4373.654,1258.696,12.36,21.049,,,1,Slide03.JPG,sub-009,context-action,L1,Present,2,12.36,True
40,4402.337,4402.353,1287.395,6.045,10.903,,,22,Slide46.JPG,sub-009,juxtaposition,L1,Absent,2,6.045,True
41,4431.819,4431.836,1316.878,6.973,14.302,17.754,,14,Slide30.JPG,sub-009,context-action,L2,Absent,3,6.973,True
42,4460.635,4460.652,1345.694,7.162,14.187,,,13,Slide28.JPG,sub-009,context-action,L2,Absent,2,7.162,True
1,1822.016,1822.033,0.521,22.953,,,,14,Slide29.JPG,sub-010,context-action,L2,Absent,1,22.953,True
2,1851.565,1851.582,30.07,21.326,,,,15,Slide31.JPG,sub-010,context-action,L2,Absent,1,21.326,True
3,1880.565,1880.581,59.069,9.549,19.569,,,20,Slide41.JPG,sub-010,juxtaposition,L1,Absent,2,9.549,True
4,1910.147,1910.164,88.652,4.373,,,,5,Slide11.JPG,sub-010,context-action,L1,Absent,1,4.373,True
5,1939.596,1939.613,118.101,9.096,23.345,,,35,Slide72.JPG,sub-010,One-image,NA,NA,2,9.096,True
6,1968.562,1968.579,147.067,11.474,,,,37,Slide76.JPG,sub-010,One-image,NA,NA,1,11.474,True
7,1997.728,1997.744,176.232,8.113,,,,11,Slide24.JPG,sub-010,context-action,L2,Present,1,8.113,True
8,2027.144,2027.16,205.648,8.95,,,,10,Slide22.JPG,sub-010,context-action,L2,Present,1,8.95,True
9,2056.009,2056.026,234.514,11.645,,,,22,Slide45.JPG,sub-010,juxtaposition,L1,Absent,1,11.645,True
10,2085.025,2085.042,263.53,18.487,,,,12,Slide25.JPG,sub-010,context-action,L2,Absent,1,18.487,True
11,2113.908,2113.924,292.412,3.111,,,,8,Slide18.JPG,sub-010,context-action,L2,Present,1,3.111,True
12,2142.657,2142.673,321.161,6.691,21.606,,,21,Slide43.JPG,sub-010,juxtaposition,L1,Absent,2,6.691,True
13,2171.706,2171.723,350.211,12.444,,,,38,Slide77.JPG,sub-010,One-image,NA,NA,1,12.444,True
14,2200.788,2200.805,379.293,5.993,15.89,,,41,Slide83.JPG,sub-010,One-image,NA,NA,2,5.993,True
15,2229.621,2229.638,408.126,11.135,,,,34,Slide70.JPG,sub-010,One-image,NA,NA,1,11.135,True
16,2258.587,2258.603,437.091,17.075,24.521,,,36,Slide74.JPG,sub-010,One-image,NA,NA,2,17.075,True
17,2287.436,2287.453,465.941,6.381,,,,24,Slide50.JPG,sub-010,juxtaposition,L2,Present,1,6.381,True
18,2316.852,2316.868,495.356,13.992,18.34,,,0,Slide02.JPG,sub-010,context-action,L1,Present,2,13.992,True
19,2345.834,2345.851,524.339,5.621,,,,6,Slide13.JPG,sub-010,context-action,L1,Absent,1,5.621,True
20,2374.683,2374.7,553.188,4.865,17.245,,,19,Slide40.JPG,sub-010,juxtaposition,L1,Present,2,4.865,True
21,2403.966,2403.983,582.471,7.135,,,,4,Slide09.JPG,sub-010,context-action,L1,Absent,1,7.135,True
22,2432.865,2432.882,611.37,11.961,,,,40,Slide81.JPG,sub-010,One-image,NA,NA,1,11.961,True
23,2461.814,2461.831,640.319,8.893,11.754,,,33,Slide68.JPG,sub-010,One-image,NA,NA,2,8.893,True
24,2491.43,2491.447,669.935,9.098,,,,9,Slide20.JPG,sub-010,context-action,L2,Present,1,9.098,True
25,2520.579,2520.596,699.084,4.5,12.564,,,7,Slide15.JPG,sub-010,context-action,L1,Absent,2,4.5,True
26,2549.495,2549.512,728.0,5.173,12.435,,,13,Slide27.JPG,sub-010,context-action,L2,Absent,2,5.173,True
27,2578.827,2578.844,757.332,7.329,,,,28,Slide57.JPG,sub-010,juxtaposition,L2,Absent,1,7.329,True
28,2608.327,2608.343,786.831,10.688,17.186,,,25,Slide52.JPG,sub-010,juxtaposition,L2,Present,2,10.688,True
29,2637.042,2637.059,815.547,19.358,,,,31,Slide63.JPG,sub-010,juxtaposition,L2,Absent,1,19.358,True
30,2667.308,2667.325,845.813,10.324,21.156,,,29,Slide59.JPG,sub-010,juxtaposition,L2,Absent,2,10.324,True
31,2696.324,2696.341,874.829,10.317,,,,27,Slide56.JPG,sub-010,juxtaposition,L2,Present,1,10.317,True
32,2725.19,2725.207,903.695,9.097,,,,18,Slide38.JPG,sub-010,juxtaposition,L1,Present,1,9.097,True
33,2754.006,2754.022,932.51,7.412,,,,32,Slide66.JPG,sub-010,One-image,NA,NA,1,7.412,True
34,2782.971,2782.988,961.476,10.425,,,,26,Slide54.JPG,sub-010,juxtaposition,L2,Present,1,10.425,True
35,2812.454,2812.471,990.959,9.44,23.615,,,1,Slide04.JPG,sub-010,context-action,L1,Present,2,9.44,True
36,2841.186,2841.203,1019.691,2.658,8.686,,,16,Slide34.JPG,sub-010,juxtaposition,L1,Present,2,2.658,True
37,2871.252,2871.269,1049.757,8.751,18.331,,,39,Slide79.JPG,sub-010,One-image,NA,NA,2,8.751,True
38,2901.218,2901.235,1079.723,10.03,14.833,,,23,Slide47.JPG,sub-010,juxtaposition,L1,Absent,2,10.03,True
39,2930.75,2930.767,1109.255,9.697,,,,2,Slide06.JPG,sub-010,context-action,L1,Present,1,9.697,True
40,2959.416,2959.433,1137.921,10.264,,,,30,Slide61.JPG,sub-010,juxtaposition,L2,Absent,1,10.264,True
41,2988.099,2988.116,1166.604,4.766,,,,3,Slide08.JPG,sub-010,context-action,L1,Present,1,4.766,True
42,3017.331,3017.348,1195.836,8.928,17.87,,,17,Slide36.JPG,sub-010,juxtaposition,L1,Present,2,8.928,True
1,1291.949,1291.966,0.784,1.115,2.318,4.113,,1,Slide04.JPG,sub-011,context-action,L1,Present,3,1.115,True
2,1323.782,1323.798,32.616,1.126,2.012,6.712,,39,Slide79.JPG,sub-011,One-image,NA,NA,3,1.126,True
3,1352.414,1352.431,61.249,1.092,3.949,9.117,,10,Slide22.JPG,sub-011,context-action,L2,Present,3,1.092,True
4,1382.446,1382.463,91.281,1.012,5.904,6.952,,20,Slide41.JPG,sub-011,juxtaposition,L1,Absent,3,1.012,True
5,1411.479,1411.496,120.314,3.642,6.206,12.793,,17,Slide36.JPG,sub-011,juxtaposition,L1,Present,3,3.642,True
6,1443.945,1443.961,152.779,1.03,1.85,2.74,,26,Slide54.JPG,sub-011,juxtaposition,L2,Present,3,1.03,True
7,1472.76,1472.777,181.595,0.756,1.944,5.767,,0,Slide02.JPG,sub-011,context-action,L1,Present,3,0.756,True
8,1501.626,1501.643,210.461,0.678,2.14,4.002,,36,Slide74.JPG,sub-011,One-image,NA,NA,3,0.678,True
9,1532.092,1532.109,240.927,1.099,1.843,4.019,,41,Slide83.JPG,sub-011,One-image,NA,NA,3,1.099,True
10,1560.875,1560.891,269.709,1.934,3.288,7.078,,18,Slide38.JPG,sub-011,juxtaposition,L1,Present,3,1.934,True
11,1590.24,1590.257,299.075,1.368,2.715,10.747,,34,Slide70.JPG,sub-011,One-image,NA,NA,3,1.368,True
12,1618.856,1618.873,327.691,0.889,1.512,2.254,,9,Slide20.JPG,sub-011,context-action,L2,Present,3,0.889,True
13,1647.905,1647.922,356.74,1.037,2.431,5.559,,33,Slide68.JPG,sub-011,One-image,NA,NA,3,1.037,True
14,1678.154,1678.171,386.989,1.178,1.846,2.421,,6,Slide13.JPG,sub-011,context-action,L1,Absent,3,1.178,True
15,1706.62,1706.637,415.455,1.289,1.727,2.293,,12,Slide25.JPG,sub-011,context-action,L2,Absent,3,1.289,True
16,1735.369,1735.386,444.204,0.726,3.113,7.735,,16,Slide34.JPG,sub-011,juxtaposition,L1,Present,3,0.726,True
17,1764.985,1765.002,473.82,2.395,3.293,6.895,,31,Slide63.JPG,sub-011,juxtaposition,L2,Absent,3,2.395,True
18,1793.801,1793.818,502.636,2.432,5.828,,,40,Slide81.JPG,sub-011,One-image,NA,NA,2,2.432,True
19,1822.617,1822.634,531.452,0.975,1.805,2.635,,32,Slide66.JPG,sub-011,One-image,NA,NA,3,0.975,True
20,1852.583,1852.599,561.417,0.771,3.277,12.765,,2,Slide06.JPG,sub-011,context-action,L1,Present,3,0.771,True
21,1882.248,1882.265,591.083,1.575,3.1,7.711,,11,Slide24.JPG,sub-011,context-action,L2,Present,3,1.575,True
22,1910.998,1911.014,619.832,2.29,7.191,,,27,Slide56.JPG,sub-011,juxtaposition,L2,Present,2,2.29,True
23,1939.747,1939.763,648.581,1.98,3.643,15.386,,15,Slide31.JPG,sub-011,context-action,L2,Absent,3,1.98,True
24,1970.079,1970.096,678.914,2.221,6.018,,,24,Slide50.JPG,sub-011,juxtaposition,L2,Present,2,2.221,True
25,1998.612,1998.628,707.446,1.721,8.128,,,8,Slide18.JPG,sub-011,context-action,L2,Present,2,1.721,True
26,2034.727,2034.744,743.562,2.474,11.621,,,14,Slide29.JPG,sub-011,context-action,L2,Absent,2,2.474,True
27,2063.51,2063.526,772.344,1.101,1.569,3.234,,5,Slide11.JPG,sub-011,context-action,L1,Absent,3,1.101,True
28,2092.309,2092.326,801.144,3.062,8.281,24.41,,19,Slide40.JPG,sub-011,juxtaposition,L1,Present,3,3.062,True
29,2121.508,2121.525,830.343,3.899,10.004,,,13,Slide27.JPG,sub-011,context-action,L2,Absent,2,3.899,True
30,2150.357,2150.374,859.192,1.74,5.452,,,25,Slide52.JPG,sub-011,juxtaposition,L2,Present,2,1.74,True
31,2180.123,2180.14,888.958,2.126,3.792,12.642,,23,Slide47.JPG,sub-011,juxtaposition,L1,Absent,3,2.126,True
32,2209.056,2209.072,917.89,3.195,6.152,11.622,,37,Slide76.JPG,sub-011,One-image,NA,NA,3,3.195,True
33,2239.055,2239.071,947.889,1.134,2.788,11.666,,4,Slide09.JPG,sub-011,context-action,L1,Absent,3,1.134,True
34,2267.737,2267.754,976.572,3.818,12.613,,,28,Slide57.JPG,sub-011,juxtaposition,L2,Absent,2,3.818,True
35,2296.57,2296.586,1005.404,2.676,10.036,,,38,Slide77.JPG,sub-011,One-image,NA,NA,2,2.676,True
36,2325.385,2325.402,1034.22,2.189,4.397,13.574,,30,Slide61.JPG,sub-011,juxtaposition,L2,Absent,3,2.189,True
37,2354.218,2354.235,1063.053,5.748,9.054,,,29,Slide59.JPG,sub-011,juxtaposition,L2,Absent,2,5.748,True
38,2383.167,2383.184,1092.002,0.959,2.197,5.42,,7,Slide15.JPG,sub-011,context-action,L1,Absent,3,0.959,True
39,2412.383,2412.4,1121.218,2.059,7.766,15.745,,3,Slide08.JPG,sub-011,context-action,L1,Present,3,2.059,True
40,2441.632,2441.649,1150.467,0.824,2.916,11.511,,22,Slide45.JPG,sub-011,juxtaposition,L1,Absent,3,0.824,True
41,2470.531,2470.548,1179.366,1.941,4.076,10.491,,35,Slide72.JPG,sub-011,One-image,NA,NA,3,1.941,True
42,2499.63,2499.647,1208.465,1.091,2.504,8.043,,21,Slide43.JPG,sub-011,juxtaposition,L1,Absent,3,1.091,True
1,1251.431,1251.447,0.322,10.013,20.736,,,4,Slide10.JPG,sub-012,context-action,L1,Absent,2,10.013,True
2,1281.797,1281.813,30.688,8.502,16.816,,,27,Slide55.JPG,sub-012,juxtaposition,L2,Present,2,8.502,True
3,1310.412,1310.429,59.304,10.94,17.779,,,12,Slide26.JPG,sub-012,context-action,L2,Absent,2,10.94,True
4,1338.912,1338.928,87.803,9.873,19.14,,,10,Slide21.JPG,sub-012,context-action,L2,Present,2,9.873,True
5,1367.544,1367.561,116.436,7.701,11.721,18.021,,33,Slide67.JPG,sub-012,One-image,NA,NA,3,7.701,True
6,1396.16,1396.177,145.052,12.949,20.922,,,3,Slide07.JPG,sub-012,context-action,L1,Present,2,12.949,True
7,1425.076,1425.092,173.967,9.62,,,,30,Slide62.JPG,sub-012,juxtaposition,L2,Absent,1,9.62,True
8,1453.875,1453.892,202.767,7.299,13.915,20.342,,36,Slide73.JPG,sub-012,One-image,NA,NA,3,7.299,True
9,1483.491,1483.507,232.382,5.325,13.324,20.152,,11,Slide23.JPG,sub-012,context-action,L2,Present,3,5.325,True
10,1513.406,1513.423,262.298,6.682,,,,39,Slide80.JPG,sub-012,One-image,NA,NA,1,6.682,True
11,1542.172,1542.189,291.064,6.601,15.244,,,6,Slide14.JPG,sub-012,context-action,L1,Absent,2,6.601,True
12,1575.671,1575.688,324.563,9.757,21.875,,,40,Slide82.JPG,sub-012,One-image,NA,NA,2,9.757,True
13,1605.404,1605.421,354.296,8.675,13.376,20.45,,35,Slide71.JPG,sub-012,One-image,NA,NA,3,8.675,True
14,1635.836,1635.853,384.728,8.562,15.059,,,38,Slide78.JPG,sub-012,One-image,NA,NA,2,8.562,True
15,1665.102,1665.119,413.994,12.249,,,,1,Slide03.JPG,sub-012,context-action,L1,Present,1,12.249,True
16,1693.801,1693.818,442.693,5.437,13.189,18.581,,13,Slide28.JPG,sub-012,context-action,L2,Absent,3,5.437,True
17,1723.35,1723.367,472.242,5.318,10.769,,,34,Slide69.JPG,sub-012,One-image,NA,NA,2,5.318,True
18,1752.466,1752.483,501.358,4.454,12.01,23.818,,28,Slide58.JPG,sub-012,juxtaposition,L2,Absent,3,4.454,True
19,1781.899,1781.915,530.79,15.778,19.108,23.559,,29,Slide60.JPG,sub-012,juxtaposition,L2,Absent,3,15.778,True
20,1812.898,1812.914,561.789,3.59,14.268,,,2,Slide05.JPG,sub-012,context-action,L1,Present,2,3.59,True
21,1842.13,1842.147,591.022,5.405,18.204,,,9,Slide19.JPG,sub-012,context-action,L2,Present,2,5.405,True
22,1875.429,1875.446,624.321,4.896,8.886,13.51,,31,Slide64.JPG,sub-012,juxtaposition,L2,Absent,3,4.896,True
23,1904.495,1904.512,653.387,8.518,13.415,,,24,Slide49.JPG,sub-012,juxtaposition,L2,Present,2,8.518,True
24,1933.394,1933.411,682.286,5.367,12.131,,,8,Slide17.JPG,sub-012,context-action,L2,Present,2,5.367,True
25,1962.827,1962.844,711.719,6.842,11.902,17.825,,15,Slide32.JPG,sub-012,context-action,L2,Absent,3,6.842,True
26,1991.726,1991.743,740.618,4.72,11.417,,,18,Slide37.JPG,sub-012,juxtaposition,L1,Present,2,4.72,True
27,2021.509,2021.525,770.4,2.957,7.131,15.775,,7,Slide16.JPG,sub-012,context-action,L1,Absent,3,2.957,True
28,2054.891,2054.908,803.783,6.524,15.911,,,17,Slide35.JPG,sub-012,juxtaposition,L1,Present,2,6.524,True
29,2085.073,2085.09,833.965,9.713,,,,21,Slide44.JPG,sub-012,juxtaposition,L1,Absent,1,9.713,True
30,2114.506,2114.522,863.397,3.88,10.0,19.062,,23,Slide48.JPG,sub-012,juxtaposition,L1,Absent,3,3.88,True
31,2147.988,2148.005,896.88,9.053,13.478,18.74,,25,Slide51.JPG,sub-012,juxtaposition,L2,Present,3,9.053,True
32,2177.554,2177.571,926.446,5.134,9.582,14.714,,0,Slide01.JPG,sub-012,context-action,L1,Present,3,5.134,True
33,2206.687,2206.703,955.578,8.755,,,,32,Slide65.JPG,sub-012,One-image,NA,NA,1,8.755,True
34,2237.536,2237.552,986.427,4.592,14.55,17.503,,22,Slide46.JPG,sub-012,juxtaposition,L1,Absent,3,4.592,True
35,2266.568,2266.585,1015.46,8.427,,,,26,Slide53.JPG,sub-012,juxtaposition,L2,Present,1,8.427,True
36,2295.884,2295.901,1044.776,4.296,11.748,,,41,Slide84.JPG,sub-012,One-image,NA,NA,2,4.296,True
37,2325.25,2325.266,1074.141,9.064,14.848,,,37,Slide75.JPG,sub-012,One-image,NA,NA,2,9.064,True
38,2354.649,2354.666,1103.541,8.096,17.334,,,16,Slide33.JPG,sub-012,juxtaposition,L1,Present,2,8.096,True
39,2383.115,2383.131,1132.006,7.645,11.249,17.852,,20,Slide42.JPG,sub-012,juxtaposition,L1,Absent,3,7.645,True
40,2415.064,2415.08,1163.955,7.222,,,,19,Slide39.JPG,sub-012,juxtaposition,L1,Present,1,7.222,True
41,2445.446,2445.463,1194.338,14.011,15.682,19.961,,14,Slide30.JPG,sub-012,context-action,L2,Absent,3,14.011,True
42,2475.512,2475.529,1224.404,4.304,,,,5,Slide12.JPG,sub-012,context-action,L1,Absent,1,4.304,True
1,7101.175,7101.192,0.696,3.083,9.177,18.136,,39,Slide80.JPG,sub-013,One-image,NA,NA,3,3.083,True
2,7129.908,7129.924,29.428,4.474,17.585,,,3,Slide07.JPG,sub-013,context-action,L1,Present,2,4.474,True
3,7159.773,7159.79,59.294,3.144,8.401,14.463,,29,Slide60.JPG,sub-013,juxtaposition,L2,Absent,3,3.144,True
4,7190.156,7190.173,89.677,4.217,13.379,19.47,,19,Slide39.JPG,sub-013,juxtaposition,L1,Present,3,4.217,True
5,7222.122,7222.138,121.642,3.005,6.454,13.392,,40,Slide82.JPG,sub-013,One-image,NA,NA,3,3.005,True
6,7251.371,7251.387,150.891,2.95,9.309,13.741,,21,Slide44.JPG,sub-013,juxtaposition,L1,Absent,3,2.95,True
7,7283.286,7283.303,182.807,5.24,12.229,19.64,,16,Slide33.JPG,sub-013,juxtaposition,L1,Present,3,5.24,True
8,7312.419,7312.436,211.94,1.52,5.53,20.362,,20,Slide42.JPG,sub-013,juxtaposition,L1,Absent,3,1.52,True
9,7350.468,7350.484,249.988,2.018,10.622,13.571,,36,Slide73.JPG,sub-013,One-image,NA,NA,3,2.018,True
10,7384.717,7384.733,284.237,2.202,7.802,17.838,,6,Slide14.JPG,sub-013,context-action,L1,Absent,3,2.202,True
11,7414.183,7414.199,313.703,6.184,12.052,17.13,,4,Slide10.JPG,sub-013,context-action,L1,Absent,3,6.184,True
12,7444.565,7444.582,344.086,2.833,4.86,9.878,,11,Slide23.JPG,sub-013,context-action,L2,Present,3,2.833,True
13,7479.031,7479.047,378.551,2.983,13.807,19.924,,14,Slide30.JPG,sub-013,context-action,L2,Absent,3,2.983,True
14,7508.113,7508.13,407.634,4.448,8.039,15.198,,15,Slide32.JPG,sub-013,context-action,L2,Absent,3,4.448,True
15,7537.496,7537.512,437.016,3.92,7.516,14.758,,25,Slide51.JPG,sub-013,juxtaposition,L2,Present,3,3.92,True
16,7570.195,7570.211,469.715,2.976,10.719,17.326,,28,Slide58.JPG,sub-013,juxtaposition,L2,Absent,3,2.976,True
17,7604.26,7604.277,503.781,5.099,11.168,19.045,,10,Slide21.JPG,sub-013,context-action,L2,Present,3,5.099,True
18,7637.426,7637.443,536.947,5.976,,,,17,Slide35.JPG,sub-013,juxtaposition,L1,Present,1,5.976,True
19,7671.642,7671.658,571.162,2.07,9.545,12.24,,38,Slide78.JPG,sub-013,One-image,NA,NA,3,2.07,True
20,7705.524,7705.541,605.045,2.469,8.359,22.303,,33,Slide67.JPG,sub-013,One-image,NA,NA,3,2.469,True
21,7735.123,7735.14,634.644,2.987,7.805,14.861,,2,Slide05.JPG,sub-013,context-action,L1,Present,3,2.987,True
22,7768.722,7768.739,668.243,3.16,7.3,16.028,,22,Slide46.JPG,sub-013,juxtaposition,L1,Absent,3,3.16,True
23,7799.405,7799.421,698.925,3.204,11.415,16.11,,13,Slide28.JPG,sub-013,context-action,L2,Absent,3,3.204,True
24,7828.471,7828.487,727.991,3.245,10.955,,,1,Slide03.JPG,sub-013,context-action,L1,Present,2,3.245,True
25,7860.786,7860.803,760.307,3.097,10.451,19.205,,24,Slide49.JPG,sub-013,juxtaposition,L2,Present,3,3.097,True
26,7890.485,7890.502,790.006,7.447,10.39,13.836,,41,Slide84.JPG,sub-013,One-image,NA,NA,3,7.447,True
27,7919.951,7919.968,819.472,6.362,9.296,15.17,,12,Slide26.JPG,sub-013,context-action,L2,Absent,3,6.362,True
28,7950.467,7950.484,849.988,2.262,5.405,9.342,,8,Slide17.JPG,sub-013,context-action,L2,Present,3,2.262,True
29,7981.049,7981.066,880.57,2.381,7.154,16.528,,0,Slide01.JPG,sub-013,context-action,L1,Present,3,2.381,True
30,8011.832,8011.849,911.353,3.539,8.491,12.457,,9,Slide19.JPG,sub-013,context-action,L2,Present,3,3.539,True
31,8041.848,8041.864,941.368,5.909,8.057,12.465,,26,Slide53.JPG,sub-013,juxtaposition,L2,Present,3,5.909,True
32,8071.83,8071.847,971.351,1.799,5.529,8.951,,37,Slide75.JPG,sub-013,One-image,NA,NA,3,1.799,True
33,8101.196,8101.213,1000.717,4.359,6.611,9.59,,32,Slide65.JPG,sub-013,One-image,NA,NA,3,4.359,True
34,8131.945,8131.962,1031.466,2.786,6.646,15.406,,27,Slide55.JPG,sub-013,juxtaposition,L2,Present,3,2.786,True
35,8162.027,8162.044,1061.548,2.828,5.138,11.13,,5,Slide12.JPG,sub-013,context-action,L1,Absent,3,2.828,True
36,8190.927,8190.943,1090.447,4.387,8.156,11.239,,18,Slide37.JPG,sub-013,juxtaposition,L1,Present,3,4.387,True
37,8221.276,8221.292,1120.796,2.367,5.919,8.545,,7,Slide16.JPG,sub-013,context-action,L1,Absent,3,2.367,True
38,8251.641,8251.658,1151.162,5.387,10.694,14.727,,31,Slide64.JPG,sub-013,juxtaposition,L2,Absent,3,5.387,True
39,8280.541,8280.557,1180.061,2.377,5.515,9.969,,23,Slide48.JPG,sub-013,juxtaposition,L1,Absent,3,2.377,True
40,8311.29,8311.306,1210.81,2.052,6.526,10.105,,35,Slide71.JPG,sub-013,One-image,NA,NA,3,2.052,True
41,8340.006,8340.022,1239.526,3.201,14.7,20.915,,30,Slide62.JPG,sub-013,juxtaposition,L2,Absent,3,3.201,True
42,8370.721,8370.738,1270.242,5.044,12.46,20.623,,34,Slide69.JPG,sub-013,One-image,NA,NA,3,5.044,True
1,1530.837,1530.854,0.748,5.163,10.885,20.852,,3,Slide08.JPG,sub-014,context-action,L1,Present,3,5.163,True
2,1559.853,1559.87,29.764,4.473,11.443,,,28,Slide57.JPG,sub-014,juxtaposition,L2,Absent,2,4.473,True
3,1588.686,1588.702,58.596,6.458,17.831,,,35,Slide72.JPG,sub-014,One-image,NA,NA,2,6.458,True
4,1617.752,1617.768,87.662,6.044,15.7,,,0,Slide02.JPG,sub-014,context-action,L1,Present,2,6.044,True
5,1646.867,1646.884,116.778,4.668,16.767,,,32,Slide66.JPG,sub-014,One-image,NA,NA,2,4.668,True
6,1675.966,1675.983,145.877,6.199,,,,26,Slide54.JPG,sub-014,juxtaposition,L2,Present,1,6.199,True
7,1704.599,1704.616,174.51,10.948,13.977,21.321,,11,Slide24.JPG,sub-014,context-action,L2,Present,3,10.948,True
8,1733.965,1733.981,203.875,6.834,16.557,,,25,Slide52.JPG,sub-014,juxtaposition,L2,Present,2,6.834,True
9,1764.764,1764.781,234.675,4.401,8.172,20.014,,33,Slide68.JPG,sub-014,One-image,NA,NA,3,4.401,True
10,1793.68,1793.696,263.59,2.447,6.209,16.308,,9,Slide20.JPG,sub-014,context-action,L2,Present,3,2.447,True
11,1825.579,1825.595,295.489,4.227,6.644,12.898,,4,Slide09.JPG,sub-014,context-action,L1,Absent,3,4.227,True
12,1855.495,1855.511,325.405,5.519,15.379,24.679,,30,Slide61.JPG,sub-014,juxtaposition,L2,Absent,3,5.519,True
13,1884.227,1884.244,354.138,5.155,10.518,21.213,,29,Slide59.JPG,sub-014,juxtaposition,L2,Absent,3,5.155,True
14,1913.193,1913.21,383.104,5.348,15.358,,,8,Slide18.JPG,sub-014,context-action,L2,Present,2,5.348,True
15,1944.925,1944.942,414.836,5.626,10.691,23.979,,34,Slide70.JPG,sub-014,One-image,NA,NA,3,5.626,True
16,1975.758,1975.774,445.668,4.485,7.505,18.32,,12,Slide25.JPG,sub-014,context-action,L2,Absent,3,4.485,True
17,2004.407,2004.424,474.318,4.671,11.026,16.143,,7,Slide15.JPG,sub-014,context-action,L1,Absent,3,4.671,True
18,2033.039,2033.056,502.95,7.55,17.302,22.035,,23,Slide47.JPG,sub-014,juxtaposition,L1,Absent,3,7.55,True
19,2066.572,2066.588,536.482,15.658,24.453,,,27,Slide56.JPG,sub-014,juxtaposition,L2,Present,2,15.658,True
20,2095.721,2095.738,565.632,7.739,17.249,,,41,Slide83.JPG,sub-014,One-image,NA,NA,2,7.739,True
21,2124.754,2124.77,594.664,7.155,10.628,20.394,,18,Slide38.JPG,sub-014,juxtaposition,L1,Present,3,7.155,True
22,2153.669,2153.686,623.58,5.998,18.829,,,37,Slide76.JPG,sub-014,One-image,NA,NA,2,5.998,True
23,2182.802,2182.819,652.713,7.805,,,,1,Slide04.JPG,sub-014,context-action,L1,Present,1,7.805,True
24,2213.534,2213.551,683.445,5.56,17.928,,,5,Slide11.JPG,sub-014,context-action,L1,Absent,2,5.56,True
25,2244.183,2244.2,714.094,4.072,23.542,,,15,Slide31.JPG,sub-014,context-action,L2,Absent,2,4.072,True
26,2274.899,2274.916,744.81,9.573,18.432,,,22,Slide45.JPG,sub-014,juxtaposition,L1,Absent,2,9.573,True
27,2304.515,2304.532,774.426,5.444,15.178,,,24,Slide50.JPG,sub-014,juxtaposition,L2,Present,2,5.444,True
28,2334.747,2334.764,804.658,8.404,22.464,,,10,Slide22.JPG,sub-014,context-action,L2,Present,2,8.404,True
29,2363.797,2363.813,833.707,13.49,,,,13,Slide27.JPG,sub-014,context-action,L2,Absent,1,13.49,True
30,2392.712,2392.729,862.623,8.09,,,,6,Slide13.JPG,sub-014,context-action,L1,Absent,1,8.09,True
31,2422.312,2422.328,892.222,9.369,23.976,,,31,Slide63.JPG,sub-014,juxtaposition,L2,Absent,2,9.369,True
32,2452.444,2452.461,922.355,11.983,23.043,,,19,Slide40.JPG,sub-014,juxtaposition,L1,Present,2,11.983,True
33,2481.277,2481.293,951.187,8.875,,,,40,Slide81.JPG,sub-014,One-image,NA,NA,1,8.875,True
34,2510.026,2510.042,979.936,10.039,15.758,,,21,Slide43.JPG,sub-014,juxtaposition,L1,Absent,2,10.039,True
35,2538.858,2538.875,1008.769,7.427,21.91,,,39,Slide79.JPG,sub-014,One-image,NA,NA,2,7.427,True
36,2568.107,2568.124,1038.018,9.789,,,,17,Slide36.JPG,sub-014,juxtaposition,L1,Present,1,9.789,True
37,2597.99,2598.007,1067.901,4.575,19.264,,,36,Slide74.JPG,sub-014,One-image,NA,NA,2,4.575,True
38,2626.689,2626.706,1096.6,3.928,14.892,,,16,Slide34.JPG,sub-014,juxtaposition,L1,Present,2,3.928,True
39,2655.855,2655.872,1125.766,9.144,,,,2,Slide06.JPG,sub-014,context-action,L1,Present,1,9.144,True
40,2684.871,2684.887,1154.781,7.478,20.806,,,38,Slide77.JPG,sub-014,One-image,NA,NA,2,7.478,True
41,2714.103,2714.12,1184.014,10.846,19.439,,,20,Slide41.JPG,sub-014,juxtaposition,L1,Absent,2,10.846,True
42,2744.286,2744.302,1214.196,5.337,17.645,,,14,Slide29.JPG,sub-014,context-action,L2,Absent,2,5.337,True
1,1458.993,1459.009,0.718,2.466,6.136,15.051,,38,Slide78.JPG,sub-016,One-image,NA,NA,3,2.466,True
2,1488.675,1488.692,30.401,6.735,11.207,15.965,,33,Slide67.JPG,sub-016,One-image,NA,NA,3,6.735,True
3,1519.024,1519.041,60.75,6.293,9.049,17.49,,16,Slide33.JPG,sub-016,juxtaposition,L1,Present,3,6.293,True
4,1550.69,1550.707,92.416,4.023,9.375,19.294,,12,Slide26.JPG,sub-016,context-action,L2,Absent,3,4.023,True
5,1581.289,1581.306,123.015,8.95,12.708,18.726,,23,Slide48.JPG,sub-016,juxtaposition,L1,Absent,3,8.95,True
6,1614.272,1614.288,155.997,5.392,7.652,16.195,,27,Slide55.JPG,sub-016,juxtaposition,L2,Present,3,5.392,True
7,1644.204,1644.221,185.93,1.922,6.507,8.551,,20,Slide42.JPG,sub-016,juxtaposition,L1,Absent,3,1.922,True
8,1675.02,1675.037,216.746,2.006,4.573,5.91,,6,Slide14.JPG,sub-016,context-action,L1,Absent,3,2.006,True
9,1706.486,1706.502,248.211,3.771,8.251,12.748,,25,Slide51.JPG,sub-016,juxtaposition,L2,Present,3,3.771,True
10,1739.551,1739.568,281.277,4.712,21.368,,,34,Slide69.JPG,sub-016,One-image,NA,NA,2,4.712,True
11,1772.484,1772.501,314.21,7.715,10.222,17.268,,1,Slide03.JPG,sub-016,context-action,L1,Present,3,7.715,True
12,1801.15,1801.166,342.875,5.265,9.035,14.44,,8,Slide17.JPG,sub-016,context-action,L2,Present,3,5.265,True
13,1833.715,1833.732,375.441,7.163,11.327,14.415,,22,Slide46.JPG,sub-016,juxtaposition,L1,Absent,3,7.163,True
14,1906.53,1906.547,448.256,4.475,8.01,10.204,,37,Slide75.JPG,sub-016,One-image,NA,NA,3,4.475,True
15,1936.263,1936.279,477.988,9.067,,,,5,Slide12.JPG,sub-016,context-action,L1,Absent,1,9.067,True
16,1966.812,1966.828,508.537,9.557,16.867,,,11,Slide23.JPG,sub-016,context-action,L2,Present,2,9.557,True
17,1998.927,1998.944,540.653,9.446,15.966,23.552,,17,Slide35.JPG,sub-016,juxtaposition,L1,Present,3,9.446,True
18,2123.574,2123.591,665.3,5.235,14.586,17.038,,7,Slide16.JPG,sub-016,context-action,L1,Absent,3,5.235,True
19,2152.673,2152.69,694.399,11.267,14.226,,,39,Slide80.JPG,sub-016,One-image,NA,NA,2,11.267,True
20,2181.889,2181.906,723.615,5.557,14.881,22.433,,19,Slide39.JPG,sub-016,juxtaposition,L1,Present,3,5.557,True
21,2210.972,2210.988,752.697,4.33,7.983,21.635,,18,Slide37.JPG,sub-016,juxtaposition,L1,Present,3,4.33,True
22,2239.537,2239.554,781.263,6.2,14.011,,,26,Slide53.JPG,sub-016,juxtaposition,L2,Present,2,6.2,True
23,2268.903,2268.92,810.629,11.848,18.25,,,32,Slide65.JPG,sub-016,One-image,NA,NA,2,11.848,True
24,2298.152,2298.169,839.878,12.157,22.371,,,15,Slide32.JPG,sub-016,context-action,L2,Absent,2,12.157,True
25,2329.285,2329.302,871.011,10.791,15.107,,,9,Slide19.JPG,sub-016,context-action,L2,Present,2,10.791,True
26,2359.334,2359.351,901.06,8.714,13.514,,,3,Slide07.JPG,sub-016,context-action,L1,Present,2,8.714,True
27,2388.15,2388.167,929.876,6.832,15.497,,,36,Slide73.JPG,sub-016,One-image,NA,NA,2,6.832,True
28,2421.532,2421.549,963.258,5.205,10.859,,,35,Slide71.JPG,sub-016,One-image,NA,NA,2,5.205,True
29,2452.748,2452.765,994.474,5.773,12.027,,,13,Slide28.JPG,sub-016,context-action,L2,Absent,2,5.773,True
30,2484.597,2484.614,1026.323,7.309,21.408,,,30,Slide62.JPG,sub-016,juxtaposition,L2,Absent,2,7.309,True
31,2516.68,2516.696,1058.405,14.702,,,,10,Slide21.JPG,sub-016,context-action,L2,Present,1,14.702,True
32,2546.562,2546.579,1088.288,8.708,22.081,,,21,Slide44.JPG,sub-016,juxtaposition,L1,Absent,2,8.708,True
33,2577.495,2577.511,1119.22,5.896,9.609,16.336,,2,Slide05.JPG,sub-016,context-action,L1,Present,3,5.896,True
34,2606.644,2606.66,1148.369,11.635,21.847,,,41,Slide84.JPG,sub-016,One-image,NA,NA,2,11.635,True
35,2635.576,2635.593,1177.302,7.377,9.913,,,40,Slide82.JPG,sub-016,One-image,NA,NA,2,7.377,True
36,2664.692,2664.709,1206.418,12.725,21.358,,,28,Slide58.JPG,sub-016,juxtaposition,L2,Absent,2,12.725,True
37,2703.674,2703.691,1245.4,11.486,19.522,23.353,,31,Slide64.JPG,sub-016,juxtaposition,L2,Absent,3,11.486,True
38,2741.307,2741.323,1283.032,11.865,23.604,,,4,Slide10.JPG,sub-016,context-action,L1,Absent,2,11.865,True
39,2770.889,2770.906,1312.615,11.19,,,,29,Slide60.JPG,sub-016,juxtaposition,L2,Absent,1,11.19,True
40,2801.138,2801.155,1342.864,6.697,10.167,18.596,,14,Slide30.JPG,sub-016,context-action,L2,Absent,3,6.697,True
41,2830.671,2830.687,1372.396,8.274,11.473,,,24,Slide49.JPG,sub-016,juxtaposition,L2,Present,2,8.274,True
42,2860.637,2860.653,1402.362,7.412,23.173,,,0,Slide01.JPG,sub-016,context-action,L1,Present,2,7.412,True
1,1487.345,1487.362,0.553,9.393,14.947,,,23,Slide47.JPG,sub-018,juxtaposition,L1,Absent,2,9.393,True
2,1515.911,1515.927,29.118,4.599,9.076,18.527,,34,Slide70.JPG,sub-018,One-image,NA,NA,3,4.599,True
3,1544.56,1544.577,57.768,4.543,9.809,15.068,,22,Slide45.JPG,sub-018,juxtaposition,L1,Absent,3,4.543,True
4,1573.159,1573.176,86.367,5.218,11.489,,,3,Slide08.JPG,sub-018,context-action,L1,Present,2,5.218,True
5,1602.075,1602.092,115.283,5.073,10.584,16.902,,9,Slide20.JPG,sub-018,context-action,L2,Present,3,5.073,True
6,1631.307,1631.324,144.515,3.76,12.181,,,39,Slide79.JPG,sub-018,One-image,NA,NA,2,3.76,True
7,1660.44,1660.457,173.648,4.494,8.314,16.261,,2,Slide06.JPG,sub-018,context-action,L1,Present,3,4.494,True
8,1689.389,1689.406,202.597,5.385,,,,4,Slide09.JPG,sub-018,context-action,L1,Absent,1,5.385,True
9,1718.138,1718.155,231.346,6.842,15.867,21.084,,18,Slide38.JPG,sub-018,juxtaposition,L1,Present,3,6.842,True
10,1749.354,1749.371,262.562,3.828,5.678,11.353,,5,Slide11.JPG,sub-018,context-action,L1,Absent,3,3.828,True
11,1778.386,1778.403,291.594,3.993,5.518,17.807,,16,Slide34.JPG,sub-018,juxtaposition,L1,Present,3,3.993,True
12,1807.036,1807.052,320.243,5.976,,,,28,Slide57.JPG,sub-018,juxtaposition,L2,Absent,1,5.976,True
13,1837.401,1837.418,350.609,6.214,9.118,14.527,,26,Slide54.JPG,sub-018,juxtaposition,L2,Present,3,6.214,True
14,1867.834,1867.85,381.041,5.537,13.97,,,8,Slide18.JPG,sub-018,context-action,L2,Present,2,5.537,True
15,1899.716,1899.733,412.924,9.276,,,,31,Slide63.JPG,sub-018,juxtaposition,L2,Absent,1,9.276,True
16,1929.049,1929.065,442.256,3.523,16.354,,,17,Slide36.JPG,sub-018,juxtaposition,L1,Present,2,3.523,True
17,1958.031,1958.048,471.239,6.757,10.914,18.165,,1,Slide04.JPG,sub-018,context-action,L1,Present,3,6.757,True
18,1989.83,1989.847,503.038,5.54,7.687,17.314,,7,Slide15.JPG,sub-018,context-action,L1,Absent,3,5.54,True
19,2019.046,2019.063,532.254,6.076,14.466,,,29,Slide59.JPG,sub-018,juxtaposition,L2,Absent,2,6.076,True
20,2051.512,2051.528,564.719,5.517,10.343,15.262,,11,Slide24.JPG,sub-018,context-action,L2,Present,3,5.517,True
21,2082.877,2082.894,596.085,5.413,12.861,16.235,,20,Slide41.JPG,sub-018,juxtaposition,L1,Absent,3,5.413,True
22,2113.06,2113.077,626.268,3.807,13.549,,,27,Slide56.JPG,sub-018,juxtaposition,L2,Present,2,3.807,True
23,2143.759,2143.776,656.967,9.455,13.449,17.837,,38,Slide77.JPG,sub-018,One-image,NA,NA,3,9.455,True
24,2172.408,2172.425,685.616,5.781,12.276,,,19,Slide40.JPG,sub-018,juxtaposition,L1,Present,2,5.781,True
25,2201.257,2201.274,714.465,3.632,7.605,13.328,,12,Slide25.JPG,sub-018,context-action,L2,Absent,3,3.632,True
26,2232.623,2232.64,745.831,4.757,16.315,23.361,,33,Slide68.JPG,sub-018,One-image,NA,NA,3,4.757,True
27,2261.989,2262.006,775.197,6.782,16.473,,,36,Slide74.JPG,sub-018,One-image,NA,NA,2,6.782,True
28,2290.788,2290.805,803.996,6.377,18.017,23.173,,40,Slide81.JPG,sub-018,One-image,NA,NA,3,6.377,True
29,2319.437,2319.454,832.645,7.263,16.575,,,37,Slide76.JPG,sub-018,One-image,NA,NA,2,7.263,True
30,2348.303,2348.32,861.511,4.417,11.518,17.577,,41,Slide83.JPG,sub-018,One-image,NA,NA,3,4.417,True
31,2377.686,2377.702,890.893,4.833,12.658,,,6,Slide13.JPG,sub-018,context-action,L1,Absent,2,4.833,True
32,2406.201,2406.218,919.409,4.094,9.502,12.667,,15,Slide31.JPG,sub-018,context-action,L2,Absent,3,4.094,True
33,2435.984,2436.0,949.191,10.957,18.397,,,32,Slide66.JPG,sub-018,One-image,NA,NA,2,10.957,True
34,2465.533,2465.55,978.741,4.432,6.792,10.534,,0,Slide02.JPG,sub-018,context-action,L1,Present,3,4.432,True
35,2494.549,2494.566,1007.757,4.834,,,,24,Slide50.JPG,sub-018,juxtaposition,L2,Present,1,4.834,True
36,2525.381,2525.398,1038.589,4.347,9.075,,,21,Slide43.JPG,sub-018,juxtaposition,L1,Absent,2,4.347,True
37,2554.347,2554.364,1067.555,3.142,5.448,8.804,,13,Slide27.JPG,sub-018,context-action,L2,Absent,3,3.142,True
38,2583.18,2583.196,1096.387,4.221,10.135,15.095,,35,Slide72.JPG,sub-018,One-image,NA,NA,3,4.221,True
39,2612.129,2612.145,1125.336,5.566,8.81,16.42,,30,Slide61.JPG,sub-018,juxtaposition,L2,Absent,3,5.566,True
40,2641.528,2641.545,1154.736,4.634,12.392,,,10,Slide22.JPG,sub-018,context-action,L2,Present,2,4.634,True
41,2671.494,2671.51,1184.701,4.363,16.954,22.278,,25,Slide52.JPG,sub-018,juxtaposition,L2,Present,3,4.363,True
42,2700.793,2700.809,1214.0,3.455,13.621,,,14,Slide29.JPG,sub-018,context-action,L2,Absent,2,3.455,True
1,2128.896,2128.913,0.405,3.978,7.491,22.206,,11,Slide24.JPG,sub-019,context-action,L2,Present,3,3.978,True
2,2157.479,2157.495,28.987,4.939,11.808,,,21,Slide43.JPG,sub-019,juxtaposition,L1,Absent,2,4.939,True
3,2186.228,2186.244,57.736,7.147,12.896,20.547,,40,Slide81.JPG,sub-019,One-image,NA,NA,3,7.147,True
4,2216.11,2216.127,87.619,6.068,12.419,,,17,Slide36.JPG,sub-019,juxtaposition,L1,Present,2,6.068,True
5,2247.276,2247.293,118.785,4.619,18.769,,,31,Slide63.JPG,sub-019,juxtaposition,L2,Absent,2,4.619,True
6,2276.058,2276.075,147.567,4.228,10.948,,,32,Slide66.JPG,sub-019,One-image,NA,NA,2,4.228,True
7,2304.524,2304.541,176.033,4.361,18.681,,,3,Slide08.JPG,sub-019,context-action,L1,Present,2,4.361,True
8,2334.273,2334.29,205.782,3.068,12.916,19.994,,39,Slide79.JPG,sub-019,One-image,NA,NA,3,3.068,True
9,2364.239,2364.256,235.748,5.753,11.981,24.278,,33,Slide68.JPG,sub-019,One-image,NA,NA,3,5.753,True
10,2393.505,2393.522,265.014,4.824,9.038,,,34,Slide70.JPG,sub-019,One-image,NA,NA,2,4.824,True
11,2423.521,2423.538,295.03,5.913,9.983,,,22,Slide45.JPG,sub-019,juxtaposition,L1,Absent,2,5.913,True
12,2452.837,2452.853,324.345,4.61,12.543,,,26,Slide54.JPG,sub-019,juxtaposition,L2,Present,2,4.61,True
13,2483.186,2483.202,354.694,7.453,17.134,,,0,Slide02.JPG,sub-019,context-action,L1,Present,2,7.453,True
14,2512.652,2512.668,384.16,3.566,6.622,,,16,Slide34.JPG,sub-019,juxtaposition,L1,Present,2,3.566,True
15,2548.917,2548.934,420.426,5.093,17.114,,,4,Slide09.JPG,sub-019,context-action,L1,Absent,2,5.093,True
16,2578.533,2578.55,450.042,4.669,20.53,,,10,Slide22.JPG,sub-019,context-action,L2,Present,2,4.669,True
17,2611.482,2611.499,482.991,5.272,13.955,,,12,Slide25.JPG,sub-019,context-action,L2,Absent,2,5.272,True
18,2640.398,2640.415,511.907,6.582,19.365,,,14,Slide29.JPG,sub-019,context-action,L2,Absent,2,6.582,True
19,2672.53,2672.547,544.039,8.312,17.928,,,38,Slide77.JPG,sub-019,One-image,NA,NA,2,8.312,True
20,2703.613,2703.629,575.121,8.02,16.481,,,18,Slide38.JPG,sub-019,juxtaposition,L1,Present,2,8.02,True
21,2733.395,2733.412,604.904,7.146,14.08,,,9,Slide20.JPG,sub-019,context-action,L2,Present,2,7.146,True
22,2772.311,2772.327,643.819,4.936,16.232,,,13,Slide27.JPG,sub-019,context-action,L2,Absent,2,4.936,True
23,2801.477,2801.493,672.985,4.84,12.16,,,24,Slide50.JPG,sub-019,juxtaposition,L2,Present,2,4.84,True
24,2830.592,2830.609,702.101,3.938,,,,2,Slide06.JPG,sub-019,context-action,L1,Present,1,3.938,True
25,2860.108,2860.125,731.617,4.679,13.278,,,28,Slide57.JPG,sub-019,juxtaposition,L2,Absent,2,4.679,True
26,2894.474,2894.491,765.983,4.576,10.775,18.074,,6,Slide13.JPG,sub-019,context-action,L1,Absent,3,4.576,True
27,2923.14,2923.156,794.648,4.451,16.723,,,27,Slide56.JPG,sub-019,juxtaposition,L2,Present,2,4.451,True
28,2954.672,2954.689,826.181,3.757,7.736,,,7,Slide15.JPG,sub-019,context-action,L1,Absent,2,3.757,True
29,2984.571,2984.588,856.08,3.846,13.853,,,15,Slide31.JPG,sub-019,context-action,L2,Absent,2,3.846,True
30,3016.487,3016.504,887.996,5.398,14.967,22.55,,23,Slide47.JPG,sub-019,juxtaposition,L1,Absent,3,5.398,True
31,3051.353,3051.369,922.861,3.597,12.06,18.917,,37,Slide76.JPG,sub-019,One-image,NA,NA,3,3.597,True
32,3081.052,3081.068,952.56,5.042,10.863,,,19,Slide40.JPG,sub-019,juxtaposition,L1,Present,2,5.042,True
33,3116.017,3116.034,987.526,2.662,6.507,,,5,Slide11.JPG,sub-019,context-action,L1,Absent,2,2.662,True
34,3150.566,3150.583,1022.075,7.105,14.89,,,1,Slide04.JPG,sub-019,context-action,L1,Present,2,7.105,True
35,3179.532,3179.549,1051.041,3.63,8.936,14.474,,41,Slide83.JPG,sub-019,One-image,NA,NA,3,3.63,True
36,3210.398,3210.415,1081.907,4.888,12.134,,,35,Slide72.JPG,sub-019,One-image,NA,NA,2,4.888,True
37,3240.047,3240.064,1111.556,3.675,,,,29,Slide59.JPG,sub-019,juxtaposition,L2,Absent,1,3.675,True
38,3273.88,3273.896,1145.388,2.836,8.232,,,8,Slide18.JPG,sub-019,context-action,L2,Present,2,2.836,True
39,3303.729,3303.745,1175.237,5.68,,,,25,Slide52.JPG,sub-019,juxtaposition,L2,Present,1,5.68,True
40,3339.678,3339.694,1211.186,5.504,10.476,,,36,Slide74.JPG,sub-019,One-image,NA,NA,2,5.504,True
41,3368.944,3368.96,1240.452,4.489,11.63,,,30,Slide61.JPG,sub-019,juxtaposition,L2,Absent,2,4.489,True
42,3401.943,3401.959,1273.451,4.564,12.666,,,20,Slide41.JPG,sub-019,juxtaposition,L1,Absent,2,4.564,True
1,1268.198,1268.215,1.0,4.117,12.553,21.222,,24,Slide50.JPG,sub-020,juxtaposition,L2,Present,3,4.117,True
2,1297.297,1297.314,30.099,3.416,11.56,22.862,,41,Slide83.JPG,sub-020,One-image,NA,NA,3,3.416,True
3,1326.13,1326.146,58.931,8.064,15.634,,,26,Slide54.JPG,sub-020,juxtaposition,L2,Present,2,8.064,True
4,1354.812,1354.829,87.614,6.433,10.289,16.151,,22,Slide45.JPG,sub-020,juxtaposition,L1,Absent,3,6.433,True
5,1383.595,1383.611,116.396,9.038,22.968,,,6,Slide13.JPG,sub-020,context-action,L1,Absent,2,9.038,True
6,1412.244,1412.261,145.046,8.52,19.672,,,8,Slide18.JPG,sub-020,context-action,L2,Present,2,8.52,True
7,1441.026,1441.043,173.828,6.484,,,,17,Slide36.JPG,sub-020,juxtaposition,L1,Present,1,6.484,True
8,1470.042,1470.059,202.844,5.931,18.569,,,21,Slide43.JPG,sub-020,juxtaposition,L1,Absent,2,5.931,True
9,1500.158,1500.175,232.96,8.877,14.409,,,34,Slide70.JPG,sub-020,One-image,NA,NA,2,8.877,True
10,1529.057,1529.074,261.859,10.42,23.072,,,40,Slide81.JPG,sub-020,One-image,NA,NA,2,10.42,True
11,1557.623,1557.64,290.425,9.449,17.834,,,2,Slide06.JPG,sub-020,context-action,L1,Present,2,9.449,True
12,1586.256,1586.272,319.057,10.66,18.158,,,33,Slide68.JPG,sub-020,One-image,NA,NA,2,10.66,True
13,1620.855,1620.871,353.656,9.465,,,,28,Slide57.JPG,sub-020,juxtaposition,L2,Absent,1,9.465,True
14,1649.604,1649.62,382.405,5.927,17.159,,,19,Slide40.JPG,sub-020,juxtaposition,L1,Present,2,5.927,True
15,1678.12,1678.136,410.921,8.163,17.202,,,14,Slide29.JPG,sub-020,context-action,L2,Absent,2,8.163,True
16,1707.602,1707.619,440.404,5.379,15.906,,,39,Slide79.JPG,sub-020,One-image,NA,NA,2,5.379,True
17,1736.168,1736.185,468.97,7.503,12.817,24.945,,29,Slide59.JPG,sub-020,juxtaposition,L2,Absent,3,7.503,True
18,1765.7,1765.717,498.502,8.885,15.52,,,10,Slide22.JPG,sub-020,context-action,L2,Present,2,8.885,True
19,1794.333,1794.35,527.135,8.471,18.95,,,3,Slide08.JPG,sub-020,context-action,L1,Present,2,8.471,True
20,1823.065,1823.082,555.867,7.122,24.837,,,27,Slide56.JPG,sub-020,juxtaposition,L2,Present,2,7.122,True
21,1852.215,1852.231,585.016,9.198,17.048,,,30,Slide61.JPG,sub-020,juxtaposition,L2,Absent,2,9.198,True
22,1880.964,1880.98,613.765,5.786,18.178,,,18,Slide38.JPG,sub-020,juxtaposition,L1,Present,2,5.786,True
23,1910.446,1910.463,643.248,7.052,,,,32,Slide66.JPG,sub-020,One-image,NA,NA,1,7.052,True
24,1939.212,1939.229,672.014,6.193,10.636,21.542,,37,Slide76.JPG,sub-020,One-image,NA,NA,3,6.193,True
25,1969.045,1969.061,701.846,11.882,23.747,,,38,Slide77.JPG,sub-020,One-image,NA,NA,2,11.882,True
26,1997.977,1997.994,730.779,13.949,,,,35,Slide72.JPG,sub-020,One-image,NA,NA,1,13.949,True
27,2026.56,2026.576,759.361,10.112,19.374,,,25,Slide52.JPG,sub-020,juxtaposition,L2,Present,2,10.112,True
28,2055.042,2055.059,787.844,8.091,17.717,,,23,Slide47.JPG,sub-020,juxtaposition,L1,Absent,2,8.091,True
29,2083.825,2083.841,816.626,7.33,17.846,,,20,Slide41.JPG,sub-020,juxtaposition,L1,Absent,2,7.33,True
30,2113.057,2113.074,845.859,6.638,20.504,,,13,Slide27.JPG,sub-020,context-action,L2,Absent,2,6.638,True
31,2142.34,2142.356,875.141,6.072,,,,0,Slide02.JPG,sub-020,context-action,L1,Present,1,6.072,True
32,2170.939,2170.955,903.74,4.277,23.323,,,1,Slide04.JPG,sub-020,context-action,L1,Present,2,4.277,True
33,2199.571,2199.588,932.373,6.231,13.133,20.5,,7,Slide15.JPG,sub-020,context-action,L1,Absent,3,6.231,True
34,2228.187,2228.204,960.989,7.248,,,,4,Slide09.JPG,sub-020,context-action,L1,Absent,1,7.248,True
35,2256.686,2256.703,989.488,4.268,14.402,22.583,,5,Slide11.JPG,sub-020,context-action,L1,Absent,3,4.268,True
36,2285.602,2285.619,1018.404,8.736,17.092,,,9,Slide20.JPG,sub-020,context-action,L2,Present,2,8.736,True
37,2314.435,2314.451,1047.236,7.33,22.008,,,15,Slide31.JPG,sub-020,context-action,L2,Absent,2,7.33,True
38,2345.817,2345.834,1078.619,7.521,,,,16,Slide34.JPG,sub-020,juxtaposition,L1,Present,1,7.521,True
39,2374.483,2374.5,1107.285,5.567,21.608,,,36,Slide74.JPG,sub-020,One-image,NA,NA,2,5.567,True
40,2403.766,2403.782,1136.567,5.101,13.425,21.203,,12,Slide25.JPG,sub-020,context-action,L2,Absent,3,5.101,True
41,2432.481,2432.498,1165.283,9.437,19.261,,,11,Slide24.JPG,sub-020,context-action,L2,Present,2,9.437,True
42,2460.947,2460.964,1193.749,18.177,,,,31,Slide63.JPG,sub-020,juxtaposition,L2,Absent,1,18.177,True
1,3880.4,3880.416,0.237,4.219,7.678,10.166,,0,Slide01.JPG,sub-021,context-action,L1,Present,3,4.219,True
2,3909.166,3909.182,29.003,1.453,3.279,5.079,,25,Slide51.JPG,sub-021,juxtaposition,L2,Present,3,1.453,True
3,3938.831,3938.848,58.669,1.608,3.447,6.226,,37,Slide75.JPG,sub-021,One-image,NA,NA,3,1.608,True
4,3970.364,3970.381,90.202,2.067,4.012,5.95,,8,Slide17.JPG,sub-021,context-action,L2,Present,3,2.067,True
5,3998.863,3998.88,118.701,1.579,3.112,4.45,,7,Slide16.JPG,sub-021,context-action,L1,Absent,3,1.579,True
6,4028.196,4028.212,148.033,1.071,5.501,10.497,,18,Slide37.JPG,sub-021,juxtaposition,L1,Present,3,1.071,True
7,4058.795,4058.811,178.632,1.454,3.127,5.155,,29,Slide60.JPG,sub-021,juxtaposition,L2,Absent,3,1.454,True
8,4091.61,4091.627,211.448,1.414,3.56,7.453,,32,Slide65.JPG,sub-021,One-image,NA,NA,3,1.414,True
9,4120.526,4120.543,240.364,2.345,7.007,10.692,,12,Slide26.JPG,sub-021,context-action,L2,Absent,3,2.345,True
10,4150.759,4150.775,270.596,2.093,4.821,7.282,,33,Slide67.JPG,sub-021,One-image,NA,NA,3,2.093,True
11,4183.558,4183.574,303.395,1.965,4.013,7.355,,38,Slide78.JPG,sub-021,One-image,NA,NA,3,1.965,True
12,4216.723,4216.74,336.561,1.309,2.696,4.823,,11,Slide23.JPG,sub-021,context-action,L2,Present,3,1.309,True
13,4245.756,4245.772,365.593,1.802,4.773,7.763,,21,Slide44.JPG,sub-021,juxtaposition,L1,Absent,3,1.802,True
14,4279.522,4279.538,399.359,1.511,3.865,6.436,,20,Slide42.JPG,sub-021,juxtaposition,L1,Absent,3,1.511,True
15,4315.771,4315.787,435.608,2.569,6.281,20.234,,1,Slide03.JPG,sub-021,context-action,L1,Present,3,2.569,True
16,4346.62,4346.636,466.457,1.206,3.061,4.626,,19,Slide39.JPG,sub-021,juxtaposition,L1,Present,3,1.206,True
17,4375.235,4375.252,495.073,1.302,4.482,8.024,,41,Slide84.JPG,sub-021,One-image,NA,NA,3,1.302,True
18,4407.918,4407.935,527.756,1.212,5.12,6.883,,10,Slide21.JPG,sub-021,context-action,L2,Present,3,1.212,True
19,4437.684,4437.7,557.521,2.34,5.126,8.491,,9,Slide19.JPG,sub-021,context-action,L2,Present,3,2.34,True
20,4468.099,4468.116,587.937,1.27,3.01,4.151,,16,Slide33.JPG,sub-021,juxtaposition,L1,Present,3,1.27,True
21,4497.915,4497.932,617.753,1.15,3.306,4.454,,31,Slide64.JPG,sub-021,juxtaposition,L2,Absent,3,1.15,True
22,4526.648,4526.664,646.485,1.17,2.478,3.726,,30,Slide62.JPG,sub-021,juxtaposition,L2,Absent,3,1.17,True
23,4556.28,4556.297,676.118,1.485,3.123,4.091,,35,Slide71.JPG,sub-021,One-image,NA,NA,3,1.485,True
24,4586.029,4586.046,705.867,1.025,2.796,4.543,,15,Slide32.JPG,sub-021,context-action,L2,Absent,3,1.025,True
25,4617.912,4617.928,737.749,1.39,2.65,4.05,,22,Slide46.JPG,sub-021,juxtaposition,L1,Absent,3,1.39,True
26,4647.211,4647.228,767.049,1.154,2.119,3.287,,14,Slide30.JPG,sub-021,context-action,L2,Absent,3,1.154,True
27,4677.643,4677.66,797.481,1.548,2.699,4.285,,34,Slide69.JPG,sub-021,One-image,NA,NA,3,1.548,True
28,4707.926,4707.943,827.764,1.306,2.899,4.414,,13,Slide28.JPG,sub-021,context-action,L2,Absent,3,1.306,True
29,4740.408,4740.425,860.246,0.839,2.273,4.4,,6,Slide14.JPG,sub-021,context-action,L1,Absent,3,0.839,True
30,4771.957,4771.974,891.795,0.894,2.229,3.459,,23,Slide48.JPG,sub-021,juxtaposition,L1,Absent,3,0.894,True
31,4807.906,4807.923,927.744,0.938,2.268,3.733,,36,Slide73.JPG,sub-021,One-image,NA,NA,3,0.938,True
32,4837.305,4837.322,957.143,2.343,3.479,5.513,,24,Slide49.JPG,sub-021,juxtaposition,L2,Present,3,2.343,True
33,4868.271,4868.288,988.109,0.864,2.125,3.406,,4,Slide10.JPG,sub-021,context-action,L1,Absent,3,0.864,True
34,4897.97,4897.987,1017.808,0.769,1.682,2.838,,27,Slide55.JPG,sub-021,juxtaposition,L2,Present,3,0.769,True
35,4929.919,4929.936,1049.757,1.185,2.171,3.66,,5,Slide12.JPG,sub-021,context-action,L1,Absent,3,1.185,True
36,4961.119,4961.135,1080.956,1.639,3.52,6.563,,26,Slide53.JPG,sub-021,juxtaposition,L2,Present,3,1.639,True
37,4991.051,4991.068,1110.889,0.972,2.003,3.22,,28,Slide58.JPG,sub-021,juxtaposition,L2,Absent,3,0.972,True
38,5019.567,5019.584,1139.405,2.116,3.879,5.49,,17,Slide35.JPG,sub-021,juxtaposition,L1,Present,3,2.116,True
39,5048.466,5048.483,1168.304,1.443,3.345,4.645,,40,Slide82.JPG,sub-021,One-image,NA,NA,3,1.443,True
40,5079.165,5079.182,1199.003,1.935,3.417,7.081,,2,Slide05.JPG,sub-021,context-action,L1,Present,3,1.935,True
41,5109.998,5110.014,1229.835,1.053,2.275,3.594,,39,Slide80.JPG,sub-021,One-image,NA,NA,3,1.053,True
42,5141.43,5141.447,1261.268,1.248,2.412,3.567,,3,Slide07.JPG,sub-021,context-action,L1,Present,3,1.248,True
1,1634.263,1634.28,0.153,4.961,,,,24,Slide49.JPG,sub-022,juxtaposition,L2,Present,1,4.961,True
2,1662.896,1662.912,28.785,4.244,12.222,,,13,Slide28.JPG,sub-022,context-action,L2,Absent,2,4.244,True
3,1693.212,1693.228,59.101,7.195,16.463,,,21,Slide44.JPG,sub-022,juxtaposition,L1,Absent,2,7.195,True
4,1724.344,1724.361,90.234,5.776,13.051,,,20,Slide42.JPG,sub-022,juxtaposition,L1,Absent,2,5.776,True
5,1753.143,1753.16,119.033,8.266,,,,17,Slide35.JPG,sub-022,juxtaposition,L1,Present,1,8.266,True
6,1782.476,1782.492,148.365,6.239,20.411,,,15,Slide32.JPG,sub-022,context-action,L2,Absent,2,6.239,True
7,1812.792,1812.808,178.681,4.951,16.046,,,11,Slide23.JPG,sub-022,context-action,L2,Present,2,4.951,True
8,1841.391,1841.407,207.28,4.315,10.983,,,37,Slide75.JPG,sub-022,One-image,NA,NA,2,4.315,True
9,1872.89,1872.906,238.779,8.612,21.126,,,1,Slide03.JPG,sub-022,context-action,L1,Present,2,8.612,True
10,1901.772,1901.789,267.662,5.89,15.782,,,35,Slide71.JPG,sub-022,One-image,NA,NA,2,5.89,True
11,1932.955,1932.971,298.844,6.331,,,,14,Slide30.JPG,sub-022,context-action,L2,Absent,1,6.331,True
12,1969.454,1969.47,335.343,7.102,17.963,,,39,Slide80.JPG,sub-022,One-image,NA,NA,2,7.102,True
13,1998.92,1998.936,364.809,4.508,11.279,,,34,Slide69.JPG,sub-022,One-image,NA,NA,2,4.508,True
14,2029.569,2029.585,395.458,6.264,17.064,,,29,Slide60.JPG,sub-022,juxtaposition,L2,Absent,2,6.264,True
15,2061.818,2061.834,427.707,8.272,22.178,,,40,Slide82.JPG,sub-022,One-image,NA,NA,2,8.272,True
16,2314.211,2314.227,680.1,8.872,14.436,22.041,,0,Slide01.JPG,sub-022,context-action,L1,Present,3,8.872,True
17,2342.81,2342.826,708.699,6.766,13.514,24.963,,10,Slide21.JPG,sub-022,context-action,L2,Present,3,6.766,True
18,2371.559,2371.576,737.449,9.455,20.854,,,8,Slide17.JPG,sub-022,context-action,L2,Present,2,9.455,True
19,2400.125,2400.142,766.015,9.388,18.672,,,18,Slide37.JPG,sub-022,juxtaposition,L1,Present,2,9.388,True
20,2432.341,2432.357,798.23,,,,,26,Slide53.JPG,sub-022,juxtaposition,L2,Present,0,,False
21,2464.957,2464.973,830.846,3.469,9.92,,,7,Slide16.JPG,sub-022,context-action,L1,Absent,2,3.469,True
22,2495.872,2495.889,861.762,4.408,,,,41,Slide84.JPG,sub-022,One-image,NA,NA,1,4.408,True
23,2525.155,2525.171,891.044,5.968,15.808,,,38,Slide78.JPG,sub-022,One-image,NA,NA,2,5.968,True
24,2555.271,2555.287,921.16,5.575,16.408,,,19,Slide39.JPG,sub-022,juxtaposition,L1,Present,2,5.575,True
25,2583.82,2583.836,949.709,12.017,,,,28,Slide58.JPG,sub-022,juxtaposition,L2,Absent,1,12.017,True
26,2619.535,2619.552,985.425,7.594,21.888,,,5,Slide12.JPG,sub-022,context-action,L1,Absent,2,7.594,True
27,2650.318,2650.335,1016.208,6.318,14.207,20.885,,9,Slide19.JPG,sub-022,context-action,L2,Present,3,6.318,True
28,2679.4,2679.417,1045.29,9.222,,,,32,Slide65.JPG,sub-022,One-image,NA,NA,1,9.222,True
29,2708.8,2708.816,1074.689,4.368,11.197,,,2,Slide05.JPG,sub-022,context-action,L1,Present,2,4.368,True
30,2737.515,2737.532,1103.405,9.091,15.856,,,4,Slide10.JPG,sub-022,context-action,L1,Absent,2,9.091,True
31,2775.448,2775.464,1141.337,7.061,20.478,,,6,Slide14.JPG,sub-022,context-action,L1,Absent,2,7.061,True
32,2812.28,2812.297,1178.17,5.127,14.301,,,25,Slide51.JPG,sub-022,juxtaposition,L2,Present,2,5.127,True
33,2849.396,2849.412,1215.285,5.47,15.245,,,30,Slide62.JPG,sub-022,juxtaposition,L2,Absent,2,5.47,True
34,2879.128,2879.145,1245.018,6.183,16.191,,,36,Slide73.JPG,sub-022,One-image,NA,NA,2,6.183,True
35,2907.894,2907.911,1273.784,5.878,15.638,,,33,Slide67.JPG,sub-022,One-image,NA,NA,2,5.878,True
36,2938.36,2938.376,1304.249,4.31,12.81,,,3,Slide07.JPG,sub-022,context-action,L1,Present,2,4.31,True
37,2967.792,2967.809,1333.682,5.715,15.804,,,22,Slide46.JPG,sub-022,juxtaposition,L1,Absent,2,5.715,True
38,2996.575,2996.591,1362.464,9.217,,,,27,Slide55.JPG,sub-022,juxtaposition,L2,Present,1,9.217,True
39,3025.624,3025.641,1391.514,8.576,20.38,,,12,Slide26.JPG,sub-022,context-action,L2,Absent,2,8.576,True
40,3057.873,3057.89,1423.763,8.679,,,,16,Slide33.JPG,sub-022,juxtaposition,L1,Present,1,8.679,True
41,3087.339,3087.355,1453.228,6.465,20.038,,,31,Slide64.JPG,sub-022,juxtaposition,L2,Absent,2,6.465,True
42,3117.155,3117.171,1483.044,7.147,19.25,,,23,Slide48.JPG,sub-022,juxtaposition,L1,Absent,2,7.147,True
1,3075.216,3075.232,0.68,2.174,4.7,10.856,,17,Slide36.JPG,sub-023,juxtaposition,L1,Present,3,2.174,True
2,3105.248,3105.265,30.713,4.438,10.889,18.515,,23,Slide47.JPG,sub-023,juxtaposition,L1,Absent,3,4.438,True
3,3134.164,3134.181,59.629,7.783,12.319,21.018,,4,Slide09.JPG,sub-023,context-action,L1,Absent,3,7.783,True
4,3163.763,3163.78,89.228,4.597,8.865,14.469,,35,Slide72.JPG,sub-023,One-image,NA,NA,3,4.597,True
5,3192.412,3192.429,117.877,5.22,18.74,,,19,Slide40.JPG,sub-023,juxtaposition,L1,Present,2,5.22,True
6,3221.828,3221.845,147.293,3.154,9.134,20.882,,34,Slide70.JPG,sub-023,One-image,NA,NA,3,3.154,True
7,3251.527,3251.544,176.992,3.568,10.811,23.138,,36,Slide74.JPG,sub-023,One-image,NA,NA,3,3.568,True
8,3280.143,3280.16,205.608,4.13,8.147,9.552,,9,Slide20.JPG,sub-023,context-action,L2,Present,3,4.13,True
9,3308.809,3308.826,234.274,6.62,,,,24,Slide50.JPG,sub-023,juxtaposition,L2,Present,1,6.62,True
10,3337.391,3337.408,262.856,4.207,8.42,11.852,,0,Slide02.JPG,sub-023,context-action,L1,Present,3,4.207,True
11,3366.474,3366.491,291.939,3.353,6.722,11.721,,14,Slide29.JPG,sub-023,context-action,L2,Absent,3,3.353,True
12,3395.107,3395.123,320.571,3.724,6.093,9.313,,18,Slide38.JPG,sub-023,juxtaposition,L1,Present,3,3.724,True
13,3423.622,3423.639,349.087,3.266,8.328,,,5,Slide11.JPG,sub-023,context-action,L1,Absent,2,3.266,True
14,3452.138,3452.155,377.603,3.798,4.896,10.961,,33,Slide68.JPG,sub-023,One-image,NA,NA,3,3.798,True
15,3480.871,3480.887,406.335,10.53,,,,31,Slide63.JPG,sub-023,juxtaposition,L2,Absent,1,10.53,True
16,3510.386,3510.403,435.851,3.726,10.269,21.945,,38,Slide77.JPG,sub-023,One-image,NA,NA,3,3.726,True
17,3539.152,3539.169,464.617,3.441,5.775,8.828,,3,Slide08.JPG,sub-023,context-action,L1,Present,3,3.441,True
18,3568.701,3568.718,494.166,5.545,19.836,24.015,,37,Slide76.JPG,sub-023,One-image,NA,NA,3,5.545,True
19,3597.384,3597.401,522.849,5.288,10.432,15.561,,2,Slide06.JPG,sub-023,context-action,L1,Present,3,5.288,True
20,3626.283,3626.3,551.748,6.829,11.155,,,22,Slide45.JPG,sub-023,juxtaposition,L1,Absent,2,6.829,True
21,3658.449,3658.465,583.913,2.616,5.708,10.326,,16,Slide34.JPG,sub-023,juxtaposition,L1,Present,3,2.616,True
22,3689.065,3689.081,614.529,12.718,,,,40,Slide81.JPG,sub-023,One-image,NA,NA,1,12.718,True
23,3719.714,3719.73,645.178,4.242,9.875,16.345,,11,Slide24.JPG,sub-023,context-action,L2,Present,3,4.242,True
24,3749.463,3749.48,674.928,2.146,6.037,12.477,,7,Slide15.JPG,sub-023,context-action,L1,Absent,3,2.146,True
25,3780.312,3780.329,705.777,5.226,6.663,10.235,,12,Slide25.JPG,sub-023,context-action,L2,Absent,3,5.226,True
26,3856.343,3856.36,781.808,4.154,7.255,15.865,,10,Slide22.JPG,sub-023,context-action,L2,Present,3,4.154,True
27,3886.909,3886.926,812.374,7.532,10.522,16.362,,25,Slide52.JPG,sub-023,juxtaposition,L2,Present,3,7.532,True
28,3915.991,3916.008,841.456,8.015,11.404,,,26,Slide54.JPG,sub-023,juxtaposition,L2,Present,2,8.015,True
29,3945.041,3945.057,870.505,3.038,9.732,20.144,,41,Slide83.JPG,sub-023,One-image,NA,NA,3,3.038,True
30,3974.423,3974.44,899.888,6.134,10.605,17.864,,13,Slide27.JPG,sub-023,context-action,L2,Absent,3,6.134,True
31,4003.239,4003.256,928.704,2.408,5.835,,,15,Slide31.JPG,sub-023,context-action,L2,Absent,2,2.408,True
32,4033.738,4033.755,959.203,4.771,,,,29,Slide59.JPG,sub-023,juxtaposition,L2,Absent,1,4.771,True
33,4063.07,4063.087,988.535,4.832,10.805,23.531,,28,Slide57.JPG,sub-023,juxtaposition,L2,Absent,3,4.832,True
34,4091.97,4091.986,1017.434,3.064,5.125,8.153,,32,Slide66.JPG,sub-023,One-image,NA,NA,3,3.064,True
35,4120.752,4120.769,1046.217,5.548,8.325,10.38,,30,Slide61.JPG,sub-023,juxtaposition,L2,Absent,3,5.548,True
36,4149.951,4149.968,1075.416,4.063,7.303,22.219,,27,Slide56.JPG,sub-023,juxtaposition,L2,Present,3,4.063,True
37,4179.55,4179.567,1105.015,5.399,12.576,16.24,,6,Slide13.JPG,sub-023,context-action,L1,Absent,3,5.399,True
38,4208.166,4208.183,1133.631,5.044,9.247,,,20,Slide41.JPG,sub-023,juxtaposition,L1,Absent,2,5.044,True
39,4242.949,4242.965,1168.413,1.844,4.212,10.185,,39,Slide79.JPG,sub-023,One-image,NA,NA,3,1.844,True
40,4272.398,4272.414,1197.862,3.868,11.51,22.186,,1,Slide04.JPG,sub-023,context-action,L1,Present,3,3.868,True
41,4303.897,4303.913,1229.361,2.302,4.469,8.487,,8,Slide18.JPG,sub-023,context-action,L2,Present,3,2.302,True
42,4333.196,4333.213,1258.661,5.212,7.373,15.485,,21,Slide43.JPG,sub-023,juxtaposition,L1,Absent,3,5.212,True
