subject,condition,trial_index,search_onset,search_duration,window_seconds,start_idx,end_idx,n_samples,included,drop_reason,segment_id,n_censored_volumes
sub-001,CA,0,0.952,4.565,30.0,1,31,30,True,,0,6
sub-001,CA,1,35.501,6.708,30.0,36,66,30,True,,1,11
sub-001,CA,2,69.583,11.465,30.0,70,100,30,True,,2,10
sub-001,CA,3,107.599,10.352,30.0,108,138,30,True,,3,6
sub-001,CA,4,175.713,12.963,30.0,176,206,30,True,,4,0
sub-001,CA,5,243.261,4.54,30.0,244,274,30,True,,5,0
sub-001,CA,6,311.726,6.204,30.0,312,342,30,True,,6,0
sub-001,CA,7,558.119,4.314,30.0,559,589,30,True,,7,6
sub-001,CA,8,698.298,5.44,30.0,699,729,30,True,,8,0
sub-001,CA,9,1023.388,5.232,30.0,1024,1054,30,True,,9,0
sub-001,CA,10,1164.868,7.714,30.0,1165,1195,30,True,,10,3
sub-001,CA,11,1235.082,13.799,30.0,1236,1266,30,True,,11,0
sub-001,CA,12,1304.514,6.391,30.0,1305,1335,30,True,,12,1
sub-001,CA,13,1343.929,15.324,30.0,1344,1374,30,True,,13,1
sub-001,CA,14,1377.761,6.941,30.0,1378,1408,30,True,,14,3
sub-001,CA,15,1411.744,12.624,30.0,1412,1442,30,True,,15,0
sub-001,JX,0,345.592,22.584,30.0,346,376,30,True,,0,0
sub-001,JX,1,382.474,14.414,30.0,383,413,30,True,,1,9
sub-001,JX,2,417.156,8.591,30.0,418,448,30,True,,2,5
sub-001,JX,3,524.037,18.314,30.0,525,555,30,True,,3,6
sub-001,JX,4,592.518,18.471,30.0,593,623,30,True,,4,1
sub-001,JX,5,733.264,11.869,30.0,734,764,30,True,,5,0
sub-001,JX,6,805.528,17.431,30.0,806,836,30,True,,6,1
sub-001,JX,7,840.294,10.516,30.0,841,871,30,True,,7,0
sub-001,JX,8,874.026,3.859,30.0,875,905,30,True,,8,2
sub-001,JX,9,947.407,13.73,30.0,948,978,30,True,,9,2
sub-001,JX,10,985.24,12.863,30.0,986,1016,30,True,,10,0
sub-001,JX,11,1057.504,10.043,30.0,1058,1088,30,True,,11,0
sub-001,JX,12,1092.536,6.138,30.0,1093,1123,30,True,,12,1
sub-001,JX,13,1199.383,12.187,30.0,1200,1230,30,True,,13,0
sub-001,JX,14,1445.893,14.979,30.0,1446,1476,30,True,,14,0
sub-001,OI,0,141.498,7.376,30.0,142,172,30,True,,0,4
sub-001,OI,1,277.177,12.538,30.0,278,308,30,True,,1,0
sub-001,OI,2,451.839,4.539,30.0,452,482,30,True,,2,7
sub-001,OI,3,485.871,5.863,30.0,486,516,30,True,,3,2
sub-001,OI,4,627.067,6.677,30.0,628,658,30,True,,4,0
sub-001,OI,5,663.382,12.379,30.0,664,694,30,True,,5,0
sub-001,OI,6,767.096,9.925,30.0,768,798,30,True,,6,0
sub-001,OI,7,913.175,12.496,30.0,914,944,30,True,,7,0
sub-001,OI,8,1130.902,4.097,30.0,1131,1161,30,True,,8,0
sub-001,OI,9,1269.165,10.809,30.0,1270,1300,30,True,,9,0
sub-002,CA,0,60.723,6.003,30.0,61,91,30,True,,0,0
sub-002,CA,1,121.505,15.055,30.0,122,152,30,True,,1,0
sub-002,CA,2,179.003,2.635,30.0,180,210,30,True,,2,0
sub-002,CA,3,214.252,16.314,30.0,215,245,30,True,,3,0
sub-002,CA,4,249.168,22.209,30.0,250,280,30,True,,4,0
sub-002,CA,5,565.059,12.417,30.0,566,596,30,True,,5,0
sub-002,CA,6,638.74,9.979,30.0,639,669,30,True,,6,1
sub-002,CA,7,1043.045,13.468,30.0,1044,1074,30,True,,7,0
sub-002,CA,8,1382.019,5.177,30.0,1383,1413,30,True,,8,0
sub-002,CA,9,1458.6,11.282,30.0,1459,1489,30,True,,9,0
sub-002,CA,10,1526.015,20.849,30.0,1527,1557,30,True,,10,0
sub-002,CA,11,1647.061,6.821,30.0,1648,1678,30,True,,11,0
sub-002,CA,12,1743.542,8.035,30.0,1744,1774,30,True,,12,5
sub-002,JX,0,91.522,6.59,30.0,92,122,30,True,,0,0
sub-002,JX,1,670.989,8.436,30.0,671,701,30,True,,1,0
sub-002,JX,2,739.52,6.569,30.0,740,770,30,True,,2,0
sub-002,JX,3,860.3,18.533,30.0,861,891,30,True,,3,0
sub-002,JX,4,1074.611,12.995,30.0,1075,1105,30,True,,4,0
sub-002,JX,5,1301.021,7.693,30.0,1302,1332,30,True,,5,1
sub-002,JX,6,1330.47,12.033,30.0,1331,1361,30,True,,6,1
sub-002,JX,7,1411.568,2.718,30.0,1412,1442,30,True,,7,0
sub-002,JX,8,1677.394,16.885,30.0,1678,1708,30,True,,8,0
sub-002,OI,0,28.957,14.333,30.0,29,59,30,True,,0,0
sub-002,OI,1,310.399,4.633,30.0,311,341,30,True,,1,0
sub-002,OI,2,702.171,7.557,30.0,703,733,30,True,,2,0
sub-002,OI,3,916.849,9.875,30.0,917,947,30,True,,3,0
sub-002,OI,4,1155.375,4.796,30.0,1156,1186,30,True,,4,0
sub-002,OI,5,1490.049,6.826,30.0,1491,1521,30,True,,5,0
sub-002,OI,6,1586.98,12.618,30.0,1587,1617,30,True,,6,3
sub-003,CA,0,29.573,17.336,30.0,30,60,30,True,,0,1
sub-003,CA,1,58.672,14.543,30.0,59,89,30,True,,1,0
sub-003,CA,2,206.134,5.15,30.0,207,237,30,True,,2,0
sub-003,CA,3,235.017,3.406,30.0,236,266,30,True,,3,0
sub-003,CA,4,264.466,21.677,30.0,265,295,30,True,,4,0
sub-003,CA,5,293.248,10.775,30.0,294,324,30,True,,5,0
sub-003,CA,6,351.147,8.806,30.0,352,382,30,True,,6,3
sub-003,CA,7,438.478,7.43,30.0,439,469,30,True,,7,3
sub-003,CA,8,616.739,5.108,30.0,617,647,30,True,,8,0
sub-003,CA,9,705.753,5.559,30.0,706,736,30,True,,9,4
sub-003,CA,10,797.1,12.176,30.0,798,828,30,True,,10,1
sub-003,CA,11,861.898,10.941,30.0,862,892,30,True,,11,2
sub-003,CA,12,892.131,14.133,30.0,893,923,30,True,,12,0
sub-003,CA,13,923.263,12.262,30.0,924,954,30,True,,13,1
sub-003,CA,14,1112.425,15.52,30.0,1113,1143,30,True,,14,0
sub-003,JX,0,0.824,14.391,30.0,1,31,30,True,,0,5
sub-003,JX,1,87.838,7.774,30.0,88,118,30,True,,1,1
sub-003,JX,2,146.086,13.107,30.0,147,177,30,True,,2,0
sub-003,JX,3,176.218,20.189,30.0,177,207,30,True,,3,1
sub-003,JX,4,409.395,8.092,30.0,410,440,30,True,,4,0
sub-003,JX,5,467.46,16.917,30.0,468,498,30,True,,5,4
sub-003,JX,6,528.808,10.726,30.0,529,559,30,True,,6,0
sub-003,JX,7,558.941,7.099,30.0,559,589,30,True,,7,2
sub-003,JX,8,674.887,9.006,30.0,675,705,30,True,,8,3
sub-003,JX,9,735.202,22.126,30.0,736,766,30,True,,9,0
sub-003,JX,10,765.001,5.848,30.0,766,796,30,True,,10,1
sub-003,JX,11,826.333,18.566,30.0,827,857,30,True,,11,1
sub-003,JX,12,985.278,8.304,30.0,986,1016,30,True,,12,3
sub-003,JX,13,1014.077,14.464,30.0,1015,1045,30,True,,13,2
sub-003,OI,0,117.137,5.274,30.0,118,148,30,True,,0,0
sub-003,OI,1,380.179,11.252,30.0,381,411,30,True,,1,0
sub-003,OI,2,497.142,4.379,30.0,498,528,30,True,,2,3
sub-003,OI,3,587.973,6.011,30.0,588,618,30,True,,3,0
sub-003,OI,4,646.105,14.435,30.0,647,677,30,True,,4,0
sub-003,OI,5,1047.36,2.156,30.0,1048,1078,30,True,,5,1
sub-003,OI,6,1079.492,5.126,30.0,1080,1110,30,True,,6,4
sub-003,OI,7,1143.357,7.774,30.0,1144,1174,30,True,,7,1
sub-003,OI,8,1231.838,7.707,30.0,1232,1262,30,True,,8,1
sub-004,CA,0,90.928,7.282,30.0,91,121,30,True,,0,3
sub-004,CA,1,154.726,11.981,30.0,155,185,30,True,,1,0
sub-004,CA,2,183.625,8.889,30.0,184,214,30,True,,2,2
sub-004,CA,3,212.924,7.749,30.0,213,243,30,True,,3,0
sub-004,CA,4,392.752,12.807,30.0,393,423,30,True,,4,1
sub-004,CA,5,450.501,12.334,30.0,451,481,30,True,,5,0
sub-004,CA,6,569.297,11.461,30.0,570,600,30,True,,6,0
sub-004,CA,7,600.346,10.227,30.0,601,631,30,True,,7,3
sub-004,CA,8,631.579,11.636,30.0,632,662,30,True,,8,2
sub-004,CA,9,666.111,12.361,30.0,667,697,30,True,,9,0
sub-004,CA,10,787.308,8.113,30.0,788,818,30,True,,10,0
sub-004,CA,11,883.555,10.374,30.0,884,914,30,True,,11,0
sub-004,CA,12,1048.85,12.304,30.0,1049,1079,30,True,,12,9
sub-004,CA,13,1111.565,10.367,30.0,1112,1142,30,True,,13,0
sub-004,CA,14,1201.029,7.674,30.0,1202,1232,30,True,,14,1
sub-004,CA,15,1261.577,14.135,30.0,1262,1292,30,True,,15,0
sub-004,JX,0,30.946,9.108,30.0,31,61,30,True,,0,0
sub-004,JX,1,61.629,11.581,30.0,62,92,30,True,,1,0
sub-004,JX,2,121.11,11.686,30.0,122,152,30,True,,2,0
sub-004,JX,3,241.574,10.617,30.0,242,272,30,True,,3,0
sub-004,JX,4,271.339,11.68,30.0,272,302,30,True,,4,0
sub-004,JX,5,361.77,15.272,30.0,362,392,30,True,,5,3
sub-004,JX,6,421.552,16.691,30.0,422,452,30,True,,6,3
sub-004,JX,7,479.417,11.146,30.0,480,510,30,True,,7,0
sub-004,JX,8,538.915,11.23,30.0,539,569,30,True,,8,0
sub-004,JX,9,695.344,18.949,30.0,696,726,30,True,,9,0
sub-004,JX,10,824.773,13.961,30.0,825,855,30,True,,10,0
sub-004,JX,11,854.089,14.421,30.0,855,885,30,True,,11,3
sub-004,JX,12,918.154,11.294,30.0,919,949,30,True,,12,2
sub-004,JX,13,956.419,15.32,30.0,957,987,30,True,,13,0
sub-004,JX,14,1018.967,14.935,30.0,1019,1049,30,True,,14,3
sub-004,JX,15,1231.828,10.187,30.0,1232,1262,30,True,,15,0
sub-004,OI,0,0.931,11.769,30.0,1,31,30,True,,0,0
sub-004,OI,1,301.422,9.544,30.0,302,332,30,True,,1,0
sub-004,OI,2,330.421,9.664,30.0,331,361,30,True,,2,0
sub-004,OI,3,510.049,7.495,30.0,511,541,30,True,,3,4
sub-004,OI,4,727.259,15.627,30.0,728,758,30,True,,4,4
sub-004,OI,5,756.908,13.99,30.0,757,787,30,True,,5,4
sub-004,OI,6,986.768,6.797,30.0,987,1017,30,True,,6,2
sub-004,OI,7,1081.599,10.788,30.0,1082,1112,30,True,,7,1
sub-004,OI,8,1141.114,13.301,30.0,1142,1172,30,True,,8,0
sub-004,OI,9,1170.463,9.464,30.0,1171,1201,30,True,,9,5
sub-006,CA,0,123.796,5.559,30.0,124,154,30,True,,0,0
sub-006,CA,1,243.76,3.778,30.0,244,274,30,True,,1,1
sub-006,CA,2,337.157,6.437,30.0,338,368,30,True,,2,0
sub-006,CA,3,367.623,7.241,30.0,368,398,30,True,,3,0
sub-006,CA,4,397.705,4.137,30.0,398,428,30,True,,4,0
sub-006,CA,5,486.686,7.176,30.0,487,517,30,True,,5,0
sub-006,CA,6,515.485,8.277,30.0,516,546,30,True,,6,0
sub-006,CA,7,547.917,4.594,30.0,548,578,30,True,,7,0
sub-006,CA,8,643.848,6.834,30.0,644,674,30,True,,8,0
sub-006,CA,9,673.714,7.039,30.0,674,704,30,True,,9,0
sub-006,CA,10,799.46,7.749,30.0,800,830,30,True,,10,0
sub-006,CA,11,830.743,6.907,30.0,831,861,30,True,,11,0
sub-006,CA,12,860.625,10.232,30.0,861,891,30,True,,12,0
sub-006,CA,13,1041.82,5.278,30.0,1042,1072,30,True,,13,0
sub-006,CA,14,1072.136,3.92,30.0,1073,1103,30,True,,14,1
sub-006,CA,15,1198.365,11.824,30.0,1199,1229,30,True,,15,0
sub-006,JX,0,0.3,5.493,30.0,1,31,30,True,,0,0
sub-006,JX,1,64.898,3.793,30.0,65,95,30,True,,1,0
sub-006,JX,2,214.527,3.832,30.0,215,245,30,True,,2,0
sub-006,JX,3,427.254,4.1,30.0,428,458,30,True,,3,1
sub-006,JX,4,456.337,6.938,30.0,457,487,30,True,,4,0
sub-006,JX,5,579.383,7.774,30.0,580,610,30,True,,5,0
sub-006,JX,6,611.599,6.107,30.0,612,642,30,True,,6,0
sub-006,JX,7,703.696,7.181,30.0,704,734,30,True,,7,0
sub-006,JX,8,732.229,5.358,30.0,733,763,30,True,,8,0
sub-006,JX,9,763.778,10.99,30.0,764,794,30,True,,9,0
sub-006,JX,10,920.157,6.774,30.0,921,951,30,True,,10,0
sub-006,JX,11,950.506,8.372,30.0,951,981,30,True,,11,0
sub-006,JX,12,980.305,5.065,30.0,981,1011,30,True,,12,0
sub-006,JX,13,1010.637,10.436,30.0,1011,1041,30,True,,13,0
sub-006,JX,14,1138.567,7.796,30.0,1139,1169,30,True,,14,0
sub-006,JX,15,1169.349,7.744,30.0,1170,1200,30,True,,15,0
sub-006,OI,0,30.766,4.691,30.0,31,61,30,True,,0,0
sub-006,OI,1,94.164,4.772,30.0,95,125,30,True,,1,0
sub-006,OI,2,153.295,5.132,30.0,154,184,30,True,,2,0
sub-006,OI,3,185.245,3.452,30.0,186,216,30,True,,3,0
sub-006,OI,4,278.142,5.146,30.0,279,309,30,True,,4,0
sub-006,OI,5,307.358,4.723,30.0,308,338,30,True,,5,0
sub-006,OI,6,889.774,5.574,30.0,890,920,30,True,,6,0
sub-006,OI,7,1103.101,4.929,30.0,1104,1134,30,True,,7,0
sub-006,OI,8,1228.931,11.122,30.0,1229,1259,30,True,,8,0
sub-006,OI,9,1259.214,9.187,30.0,1260,1290,30,True,,9,0
sub-007,CA,0,0.885,2.248,30.0,1,31,30,True,,0,10
sub-007,CA,1,32.801,3.707,30.0,33,63,30,True,,1,21
sub-007,CA,2,61.65,3.14,30.0,62,92,30,True,,2,16
sub-007,CA,3,119.215,5.304,30.0,120,150,30,True,,3,21
sub-007,CA,4,177.297,4.7,30.0,178,208,30,True,,4,6
sub-007,CA,5,356.408,3.955,30.0,357,387,30,True,,5,0
sub-007,CA,6,385.241,4.795,30.0,386,416,30,True,,6,0
sub-007,CA,7,502.971,4.237,30.0,503,533,30,True,,7,0
sub-007,CA,8,531.62,8.12,30.0,532,562,30,True,,8,0
sub-007,CA,9,590.101,5.074,30.0,591,621,30,True,,9,0
sub-007,CA,10,649.933,1.994,30.0,650,680,30,True,,10,0
sub-007,CA,11,711.031,2.054,30.0,712,742,30,True,,11,4
sub-007,CA,12,862.76,2.318,30.0,863,893,30,True,,12,5
sub-007,CA,13,1124.653,5.761,30.0,1125,1155,30,True,,13,4
sub-007,CA,14,1239.966,5.169,30.0,1240,1270,30,True,,14,6
sub-007,CA,15,1271.065,4.642,30.0,1272,1302,30,True,,15,1
sub-007,JX,0,90.666,5.878,30.0,91,121,30,True,,0,12
sub-007,JX,1,148.598,4.791,30.0,149,179,30,True,,1,9
sub-007,JX,2,206.913,4.916,30.0,207,237,30,True,,2,3
sub-007,JX,3,237.462,4.508,30.0,238,268,30,True,,3,2
sub-007,JX,4,266.044,6.655,30.0,267,297,30,True,,4,0
sub-007,JX,5,298.977,5.013,30.0,299,329,30,True,,5,1
sub-007,JX,6,414.09,3.874,30.0,415,445,30,True,,6,0
sub-007,JX,7,442.822,7.695,30.0,443,473,30,True,,7,0
sub-007,JX,8,560.786,4.6,30.0,561,591,30,True,,8,0
sub-007,JX,9,742.214,4.94,30.0,743,773,30,True,,9,0
sub-007,JX,10,774.863,4.42,30.0,775,805,30,True,,10,0
sub-007,JX,11,833.161,8.032,30.0,834,864,30,True,,11,9
sub-007,JX,12,1092.754,4.432,30.0,1093,1123,30,True,,12,0
sub-007,JX,13,1153.335,9.037,30.0,1154,1184,30,True,,13,12
sub-007,JX,14,1182.218,2.894,30.0,1183,1213,30,True,,14,14
sub-007,JX,15,1210.684,10.379,30.0,1211,1241,30,True,,15,8
sub-007,OI,0,327.809,2.981,30.0,328,358,30,True,,0,0
sub-007,OI,1,471.572,4.258,30.0,472,502,30,True,,1,0
sub-007,OI,2,620.984,7.24,30.0,621,651,30,True,,2,0
sub-007,OI,3,681.199,7.088,30.0,682,712,30,True,,3,1
sub-007,OI,4,804.345,7.778,30.0,805,835,30,True,,4,3
sub-007,OI,5,895.826,6.342,30.0,896,926,30,True,,5,9
sub-007,OI,6,1063.171,4.154,30.0,1064,1094,30,True,,6,6
sub-007,OI,7,1299.598,5.951,30.0,1300,1330,30,True,,7,0
sub-007,OI,8,1331.847,3.574,30.0,1332,1362,30,True,,8,0
sub-007,OI,9,1361.229,3.608,30.0,1362,1392,30,True,,9,3
sub-008,CA,0,0.697,3.168,30.0,1,31,30,True,,0,22
sub-008,CA,1,185.892,2.963,30.0,186,216,30,True,,1,3
sub-008,CA,2,215.625,3.097,30.0,216,246,30,True,,2,5
sub-008,CA,3,364.804,2.992,30.0,365,395,30,True,,3,2
sub-008,CA,4,484.018,2.413,30.0,485,515,30,True,,4,0
sub-008,CA,5,627.83,4.155,30.0,628,658,30,True,,5,3
sub-008,CA,6,656.296,2.976,30.0,657,687,30,True,,6,2
sub-008,CA,7,684.779,2.167,30.0,685,715,30,True,,7,0
sub-008,CA,8,714.395,3.187,30.0,715,745,30,True,,8,2
sub-008,CA,9,772.343,2.441,30.0,773,803,30,True,,9,7
sub-008,CA,10,830.691,3.176,30.0,831,861,30,True,,10,11
sub-008,CA,11,860.724,3.573,30.0,861,891,30,True,,11,5
sub-008,CA,12,951.971,2.337,30.0,952,982,30,True,,12,0
sub-008,CA,13,981.487,3.849,30.0,982,1012,30,True,,13,3
sub-008,CA,14,1010.036,2.772,30.0,1011,1041,30,True,,14,13
sub-008,CA,15,1125.0,3.031,30.0,1125,1155,30,True,,15,0
sub-008,JX,0,30.58,3.627,30.0,31,61,30,True,,0,7
sub-008,JX,1,121.177,4.429,30.0,122,152,30,True,,1,11
sub-008,JX,2,245.424,5.393,30.0,246,276,30,True,,2,7
sub-008,JX,3,275.473,4.59,30.0,276,306,30,True,,3,10
sub-008,JX,4,335.272,3.558,30.0,336,366,30,True,,4,6
sub-008,JX,5,394.503,3.439,30.0,395,425,30,True,,5,0
sub-008,JX,6,424.119,2.425,30.0,425,455,30,True,,6,1
sub-008,JX,7,455.318,5.4,30.0,456,486,30,True,,7,0
sub-008,JX,8,512.7,4.643,30.0,513,543,30,True,,8,1
sub-008,JX,9,542.049,3.246,30.0,543,573,30,True,,9,4
sub-008,JX,10,598.848,3.312,30.0,599,629,30,True,,10,1
sub-008,JX,11,743.527,2.745,30.0,744,774,30,True,,11,4
sub-008,JX,12,801.359,4.954,30.0,802,832,30,True,,12,0
sub-008,JX,13,1038.519,2.177,30.0,1039,1069,30,True,,13,0
sub-008,JX,14,1096.551,3.752,30.0,1097,1127,30,True,,14,3
sub-008,JX,15,1215.131,3.164,30.0,1216,1246,30,True,,15,3
sub-008,OI,0,59.846,3.331,30.0,60,90,30,True,,0,4
sub-008,OI,1,90.145,3.037,30.0,91,121,30,True,,1,9
sub-008,OI,2,155.626,4.272,30.0,156,186,30,True,,2,17
sub-008,OI,3,305.239,3.692,30.0,306,336,30,True,,3,4
sub-008,OI,4,570.398,7.445,30.0,571,601,30,True,,4,0
sub-008,OI,5,891.873,7.509,30.0,892,922,30,True,,5,9
sub-008,OI,6,920.339,2.723,30.0,921,951,30,True,,6,6
sub-008,OI,7,1066.902,3.05,30.0,1067,1097,30,True,,7,0
sub-008,OI,8,1155.116,2.427,30.0,1156,1186,30,True,,8,4
sub-008,OI,9,1185.715,4.291,30.0,1186,1216,30,True,,9,1
sub-009,CA,0,58.614,4.733,30.0,59,89,30,True,,0,23
sub-009,CA,1,87.913,5.781,30.0,88,118,30,True,,1,28
sub-009,CA,2,148.712,6.533,30.0,149,179,30,True,,2,19
sub-009,CA,3,211.093,4.747,30.0,212,242,30,True,,3,23
sub-009,CA,4,272.125,6.491,30.0,273,303,30,True,,4,16
sub-009,CA,5,428.653,5.847,30.0,429,459,30,True,,5,0
sub-009,CA,6,690.829,7.84,30.0,691,721,30,True,,6,2
sub-009,CA,7,748.444,7.877,30.0,749,779,30,True,,7,2
sub-009,CA,8,779.777,8.451,30.0,780,810,30,True,,8,2
sub-009,CA,9,809.426,5.086,30.0,810,840,30,True,,9,2
sub-009,CA,10,902.856,10.603,30.0,903,933,30,True,,10,0
sub-009,CA,11,932.439,5.711,30.0,933,963,30,True,,11,0
sub-009,CA,12,1079.801,4.416,30.0,1080,1110,30,True,,12,1
sub-009,CA,13,1258.696,12.36,30.0,1259,1289,30,True,,13,0
sub-009,CA,14,1316.878,6.973,30.0,1317,1347,30,True,,14,0
sub-009,CA,15,1345.694,7.162,30.0,1346,1376,30,True,,15,0
sub-009,JX,0,0.999,9.518,30.0,1,31,30,True,,0,25
sub-009,JX,1,29.698,7.329,30.0,30,60,30,True,,1,25
sub-009,JX,2,120.029,5.333,30.0,121,151,30,True,,2,24
sub-009,JX,3,303.407,7.335,30.0,304,334,30,True,,3,4
sub-009,JX,4,400.204,4.525,30.0,401,431,30,True,,4,4
sub-009,JX,5,457.819,5.794,30.0,458,488,30,True,,5,3
sub-009,JX,6,543.384,9.157,30.0,544,574,30,True,,6,1
sub-009,JX,7,571.966,10.354,30.0,572,602,30,True,,7,1
sub-009,JX,8,661.43,10.129,30.0,662,692,30,True,,8,0
sub-009,JX,9,961.155,8.595,30.0,962,992,30,True,,9,0
sub-009,JX,10,992.204,7.583,30.0,993,1023,30,True,,10,2
sub-009,JX,11,1021.02,7.976,30.0,1022,1052,30,True,,11,0
sub-009,JX,12,1110.417,6.659,30.0,1111,1141,30,True,,12,0
sub-009,JX,13,1139.35,5.674,30.0,1140,1170,30,True,,13,0
sub-009,JX,14,1287.395,6.045,30.0,1288,1318,30,True,,14,0
sub-009,OI,0,182.144,5.781,30.0,183,213,30,True,,0,14
sub-009,OI,1,242.876,3.796,30.0,243,273,30,True,,1,19
sub-009,OI,2,486.219,6.825,30.0,487,517,30,True,,2,1
sub-009,OI,3,514.618,9.113,30.0,515,545,30,True,,3,0
sub-009,OI,4,600.399,6.619,30.0,601,631,30,True,,4,3
sub-009,OI,5,631.831,6.89,30.0,632,662,30,True,,5,4
sub-009,OI,6,719.428,6.176,30.0,720,750,30,True,,6,1
sub-009,OI,7,874.357,3.216,30.0,875,905,30,True,,7,0
sub-009,OI,8,1050.769,8.895,30.0,1051,1081,30,True,,8,3
sub-009,OI,9,1167.982,11.576,30.0,1168,1198,30,True,,9,0
sub-010,CA,0,0.521,22.953,30.0,1,31,30,True,,0,0
sub-010,CA,1,30.07,21.326,30.0,31,61,30,True,,1,0
sub-010,CA,2,88.652,4.373,30.0,89,119,30,True,,2,0
sub-010,CA,3,176.232,8.113,30.0,177,207,30,True,,3,0
sub-010,CA,4,205.648,8.95,30.0,206,236,30,True,,4,0
sub-010,CA,5,263.53,18.487,30.0,264,294,30,True,,5,2
sub-010,CA,6,292.412,3.111,30.0,293,323,30,True,,6,0
sub-010,CA,7,495.356,13.992,30.0,496,526,30,True,,7,0
sub-010,CA,8,524.339,5.621,30.0,525,555,30,True,,8,0
sub-010,CA,9,582.471,7.135,30.0,583,613,30,True,,9,0
sub-010,CA,10,669.935,9.098,30.0,670,700,30,True,,10,0
sub-010,CA,11,699.084,4.5,30.0,700,730,30,True,,11,0
sub-010,CA,12,728.0,5.173,30.0,728,758,30,True,,12,0
sub-010,CA,13,990.959,9.44,30.0,991,1021,30,True,,13,0
sub-010,CA,14,1109.255,9.697,30.0,1110,1140,30,True,,14,0
sub-010,CA,15,1166.604,4.766,30.0,1167,1197,30,True,,15,0
sub-010,JX,0,59.069,9.549,30.0,60,90,30,True,,0,0
sub-010,JX,1,234.514,11.645,30.0,235,265,30,True,,1,0
sub-010,JX,2,321.161,6.691,30.0,322,352,30,True,,2,0
sub-010,JX,3,465.941,6.381,30.0,466,496,30,True,,3,0
sub-010,JX,4,553.188,4.865,30.0,554,584,30,True,,4,0
sub-010,JX,5,757.332,7.329,30.0,758,788,30,True,,5,0
sub-010,JX,6,786.831,10.688,30.0,787,817,30,True,,6,0
sub-010,JX,7,815.547,19.358,30.0,816,846,30,True,,7,0
sub-010,JX,8,845.813,10.324,30.0,846,876,30,True,,8,2
sub-010,JX,9,874.829,10.317,30.0,875,905,30,True,,9,2
sub-010,JX,10,903.695,9.097,30.0,904,934,30,True,,10,1
sub-010,JX,11,961.476,10.425,30.0,962,992,30,True,,11,0
sub-010,JX,12,1019.691,2.658,30.0,1020,1050,30,True,,12,1
sub-010,JX,13,1079.723,10.03,30.0,1080,1110,30,True,,13,0
sub-010,JX,14,1137.921,10.264,30.0,1138,1168,30,True,,14,0
sub-010,JX,15,1195.836,8.928,30.0,1196,1226,30,True,,15,0
sub-010,OI,0,118.101,9.096,30.0,119,149,30,True,,0,0
sub-010,OI,1,147.067,11.474,30.0,148,178,30,True,,1,0
sub-010,OI,2,350.211,12.444,30.0,351,381,30,True,,2,0
sub-010,OI,3,379.293,5.993,30.0,380,410,30,True,,3,0
sub-010,OI,4,408.126,11.135,30.0,409,439,30,True,,4,0
sub-010,OI,5,437.091,17.075,30.0,438,468,30,True,,5,0
sub-010,OI,6,611.37,11.961,30.0,612,642,30,True,,6,2
sub-010,OI,7,640.319,8.893,30.0,641,671,30,True,,7,1
sub-010,OI,8,932.51,7.412,30.0,933,963,30,True,,8,2
sub-010,OI,9,1049.757,8.751,30.0,1050,1080,30,True,,9,0
sub-011,CA,0,0.784,1.115,30.0,1,31,30,True,,0,10
sub-011,CA,1,61.249,1.092,30.0,62,92,30,True,,1,0
sub-011,CA,2,181.595,0.756,30.0,182,212,30,True,,2,0
sub-011,CA,3,327.691,0.889,30.0,328,358,30,True,,3,0
sub-011,CA,4,386.989,1.178,30.0,387,417,30,True,,4,1
sub-011,CA,5,415.455,1.289,30.0,416,446,30,True,,5,0
sub-011,CA,6,561.417,0.771,30.0,562,592,30,True,,6,0
sub-011,CA,7,591.083,1.575,30.0,592,622,30,True,,7,0
sub-011,CA,8,648.581,1.98,30.0,649,679,30,True,,8,1
sub-011,CA,9,707.446,1.721,30.0,708,738,30,True,,9,1
sub-011,CA,10,743.562,2.474,30.0,744,774,30,True,,10,0
sub-011,CA,11,772.344,1.101,30.0,773,803,30,True,,11,0
sub-011,CA,12,830.343,3.899,30.0,831,861,30,True,,12,0
sub-011,CA,13,947.889,1.134,30.0,948,978,30,True,,13,0
sub-011,CA,14,1092.002,0.959,30.0,1093,1123,30,True,,14,0
sub-011,CA,15,1121.218,2.059,30.0,1122,1152,30,True,,15,0
sub-011,JX,0,91.281,1.012,30.0,92,122,30,True,,0,0
sub-011,JX,1,120.314,3.642,30.0,121,151,30,True,,1,1
sub-011,JX,2,152.779,1.03,30.0,153,183,30,True,,2,7
sub-011,JX,3,269.709,1.934,30.0,270,300,30,True,,3,1
sub-011,JX,4,444.204,0.726,30.0,445,475,30,True,,4,0
sub-011,JX,5,473.82,2.395,30.0,474,504,30,True,,5,0
sub-011,JX,6,619.832,2.29,30.0,620,650,30,True,,6,0
sub-011,JX,7,678.914,2.221,30.0,679,709,30,True,,7,2
sub-011,JX,8,801.144,3.062,30.0,802,832,30,True,,8,0
sub-011,JX,9,859.192,1.74,30.0,860,890,30,True,,9,1
sub-011,JX,10,888.958,2.126,30.0,889,919,30,True,,10,0
sub-011,JX,11,976.572,3.818,30.0,977,1007,30,True,,11,0
sub-011,JX,12,1034.22,2.189,30.0,1035,1065,30,True,,12,0
sub-011,JX,13,1063.053,5.748,30.0,1064,1094,30,True,,13,1
sub-011,JX,14,1150.467,0.824,30.0,1151,1181,30,True,,14,0
sub-011,JX,15,1208.465,1.091,30.0,1209,1239,30,True,,15,0
sub-011,OI,0,32.616,1.126,30.0,33,63,30,True,,0,0
sub-011,OI,1,210.461,0.678,30.0,211,241,30,True,,1,0
sub-011,OI,2,240.927,1.099,30.0,241,271,30,True,,2,2
sub-011,OI,3,299.075,1.368,30.0,300,330,30,True,,3,0
sub-011,OI,4,356.74,1.037,30.0,357,387,30,True,,4,0
sub-011,OI,5,502.636,2.432,30.0,503,533,30,True,,5,0
sub-011,OI,6,531.452,0.975,30.0,532,562,30,True,,6,0
sub-011,OI,7,917.89,3.195,30.0,918,948,30,True,,7,4
sub-011,OI,8,1005.404,2.676,30.0,1006,1036,30,True,,8,0
sub-011,OI,9,1179.366,1.941,30.0,1180,1210,30,True,,9,0
sub-012,CA,0,0.322,10.013,30.0,1,31,30,True,,0,6
sub-012,CA,1,59.304,10.94,30.0,60,90,30,True,,1,10
sub-012,CA,2,87.803,9.873,30.0,88,118,30,True,,2,7
sub-012,CA,3,145.052,12.949,30.0,146,176,30,True,,3,15
sub-012,CA,4,232.382,5.325,30.0,233,263,30,True,,4,12
sub-012,CA,5,291.064,6.601,30.0,292,322,30,True,,5,5
sub-012,CA,6,413.994,12.249,30.0,414,444,30,True,,6,4
sub-012,CA,7,442.693,5.437,30.0,443,473,30,True,,7,9
sub-012,CA,8,561.789,3.59,30.0,562,592,30,True,,8,4
sub-012,CA,9,591.022,5.405,30.0,592,622,30,True,,9,2
sub-012,CA,10,682.286,5.367,30.0,683,713,30,True,,10,2
sub-012,CA,11,711.719,6.842,30.0,712,742,30,True,,11,2
sub-012,CA,12,770.4,2.957,30.0,771,801,30,True,,12,3
sub-012,CA,13,926.446,5.134,30.0,927,957,30,True,,13,2
sub-012,CA,14,1194.338,14.011,30.0,1195,1225,30,True,,14,3
sub-012,CA,15,1224.404,4.304,30.0,1225,1255,30,True,,15,1
sub-012,JX,0,30.688,8.502,30.0,31,61,30,True,,0,13
sub-012,JX,1,173.967,9.62,30.0,174,204,30,True,,1,8
sub-012,JX,2,501.358,4.454,30.0,502,532,30,True,,2,4
sub-012,JX,3,530.79,15.778,30.0,531,561,30,True,,3,5
sub-012,JX,4,624.321,4.896,30.0,625,655,30,True,,4,5
sub-012,JX,5,653.387,8.518,30.0,654,684,30,True,,5,2
sub-012,JX,6,740.618,4.72,30.0,741,771,30,True,,6,3
sub-012,JX,7,803.783,6.524,30.0,804,834,30,True,,7,2
sub-012,JX,8,833.965,9.713,30.0,834,864,30,True,,8,6
sub-012,JX,9,863.397,3.88,30.0,864,894,30,True,,9,0
sub-012,JX,10,896.88,9.053,30.0,897,927,30,True,,10,1
sub-012,JX,11,986.427,4.592,30.0,987,1017,30,True,,11,2
sub-012,JX,12,1015.46,8.427,30.0,1016,1046,30,True,,12,4
sub-012,JX,13,1103.541,8.096,30.0,1104,1134,30,True,,13,5
sub-012,JX,14,1132.006,7.645,30.0,1133,1163,30,True,,14,5
sub-012,JX,15,1163.955,7.222,30.0,1164,1194,30,True,,15,5
sub-012,OI,0,116.436,7.701,30.0,117,147,30,True,,0,11
sub-012,OI,1,202.767,7.299,30.0,203,233,30,True,,1,8
sub-012,OI,2,262.298,6.682,30.0,263,293,30,True,,2,7
sub-012,OI,3,324.563,9.757,30.0,325,355,30,True,,3,6
sub-012,OI,4,354.296,8.675,30.0,355,385,30,True,,4,7
sub-012,OI,5,384.728,8.562,30.0,385,415,30,True,,5,6
sub-012,OI,6,472.242,5.318,30.0,473,503,30,True,,6,3
sub-012,OI,7,955.578,8.755,30.0,956,986,30,True,,7,5
sub-012,OI,8,1044.776,4.296,30.0,1045,1075,30,True,,8,4
sub-012,OI,9,1074.141,9.064,30.0,1075,1105,30,True,,9,4
sub-013,CA,0,29.428,4.474,30.0,30,60,30,True,,0,0
sub-013,CA,1,284.237,2.202,30.0,285,315,30,True,,1,0
sub-013,CA,2,313.703,6.184,30.0,314,344,30,True,,2,0
sub-013,CA,3,344.086,2.833,30.0,345,375,30,True,,3,1
sub-013,CA,4,378.551,2.983,30.0,379,409,30,True,,4,0
sub-013,CA,5,407.634,4.448,30.0,408,438,30,True,,5,0
sub-013,CA,6,503.781,5.099,30.0,504,534,30,True,,6,0
sub-013,CA,7,634.644,2.987,30.0,635,665,30,True,,7,2
sub-013,CA,8,698.925,3.204,30.0,699,729,30,True,,8,0
sub-013,CA,9,727.991,3.245,30.0,728,758,30,True,,9,0
sub-013,CA,10,819.472,6.362,30.0,820,850,30,True,,10,0
sub-013,CA,11,849.988,2.262,30.0,850,880,30,True,,11,0
sub-013,CA,12,880.57,2.381,30.0,881,911,30,True,,12,0
sub-013,CA,13,911.353,3.539,30.0,912,942,30,True,,13,0
sub-013,CA,14,1061.548,2.828,30.0,1062,1092,30,True,,14,0
sub-013,CA,15,1120.796,2.367,30.0,1121,1151,30,True,,15,0
sub-013,JX,0,59.294,3.144,30.0,60,90,30,True,,0,0
sub-013,JX,1,89.677,4.217,30.0,90,120,30,True,,1,0
sub-013,JX,2,150.891,2.95,30.0,151,181,30,True,,2,0
sub-013,JX,3,182.807,5.24,30.0,183,213,30,True,,3,1
sub-013,JX,4,211.94,1.52,30.0,212,242,30,True,,4,2
sub-013,JX,5,437.016,3.92,30.0,438,468,30,True,,5,0
sub-013,JX,6,469.715,2.976,30.0,470,500,30,True,,6,0
sub-013,JX,7,536.947,5.976,30.0,537,567,30,True,,7,0
sub-013,JX,8,668.243,3.16,30.0,669,699,30,True,,8,0
sub-013,JX,9,760.307,3.097,30.0,761,791,30,True,,9,0
sub-013,JX,10,941.368,5.909,30.0,942,972,30,True,,10,0
sub-013,JX,11,1031.466,2.786,30.0,1032,1062,30,True,,11,0
sub-013,JX,12,1090.447,4.387,30.0,1091,1121,30,True,,12,0
sub-013,JX,13,1151.162,5.387,30.0,1152,1182,30,True,,13,3
sub-013,JX,14,1180.061,2.377,30.0,1181,1211,30,True,,14,0
sub-013,JX,15,1239.526,3.201,30.0,1240,1270,30,True,,15,2
sub-013,OI,0,0.696,3.083,30.0,1,31,30,True,,0,0
sub-013,OI,1,121.642,3.005,30.0,122,152,30,True,,1,0
sub-013,OI,2,249.988,2.018,30.0,250,280,30,True,,2,0
sub-013,OI,3,571.162,2.07,30.0,572,602,30,True,,3,0
sub-013,OI,4,605.045,2.469,30.0,606,636,30,True,,4,0
sub-013,OI,5,790.006,7.447,30.0,791,821,30,True,,5,0
sub-013,OI,6,971.351,1.799,30.0,972,1002,30,True,,6,1
sub-013,OI,7,1000.717,4.359,30.0,1001,1031,30,True,,7,0
sub-013,OI,8,1210.81,2.052,30.0,1211,1241,30,True,,8,0
sub-013,OI,9,1270.242,5.044,30.0,1271,1301,30,True,,9,0
sub-014,CA,0,0.748,5.163,30.0,1,31,30,True,,0,1
sub-014,CA,1,87.662,6.044,30.0,88,118,30,True,,1,0
sub-014,CA,2,174.51,10.948,30.0,175,205,30,True,,2,1
sub-014,CA,3,263.59,2.447,30.0,264,294,30,True,,3,0
sub-014,CA,4,295.489,4.227,30.0,296,326,30,True,,4,0
sub-014,CA,5,383.104,5.348,30.0,384,414,30,True,,5,3
sub-014,CA,6,445.668,4.485,30.0,446,476,30,True,,6,0
sub-014,CA,7,474.318,4.671,30.0,475,505,30,True,,7,0
sub-014,CA,8,652.713,7.805,30.0,653,683,30,True,,8,0
sub-014,CA,9,683.445,5.56,30.0,684,714,30,True,,9,0
sub-014,CA,10,714.094,4.072,30.0,715,745,30,True,,10,1
sub-014,CA,11,804.658,8.404,30.0,805,835,30,True,,11,1
sub-014,CA,12,833.707,13.49,30.0,834,864,30,True,,12,0
sub-014,CA,13,862.623,8.09,30.0,863,893,30,True,,13,0
sub-014,CA,14,1125.766,9.144,30.0,1126,1156,30,True,,14,2
sub-014,CA,15,1214.196,5.337,30.0,1215,1245,30,True,,15,2
sub-014,JX,0,29.764,4.473,30.0,30,60,30,True,,0,0
sub-014,JX,1,145.877,6.199,30.0,146,176,30,True,,1,0
sub-014,JX,2,203.875,6.834,30.0,204,234,30,True,,2,0
sub-014,JX,3,325.405,5.519,30.0,326,356,30,True,,3,0
sub-014,JX,4,354.138,5.155,30.0,355,385,30,True,,4,0
sub-014,JX,5,502.95,7.55,30.0,503,533,30,True,,5,0
sub-014,JX,6,536.482,15.658,30.0,537,567,30,True,,6,0
sub-014,JX,7,594.664,7.155,30.0,595,625,30,True,,7,0
sub-014,JX,8,744.81,9.573,30.0,745,775,30,True,,8,0
sub-014,JX,9,774.426,5.444,30.0,775,805,30,True,,9,0
sub-014,JX,10,892.222,9.369,30.0,893,923,30,True,,10,0
sub-014,JX,11,922.355,11.983,30.0,923,953,30,True,,11,0
sub-014,JX,12,979.936,10.039,30.0,980,1010,30,True,,12,0
sub-014,JX,13,1038.018,9.789,30.0,1039,1069,30,True,,13,0
sub-014,JX,14,1096.6,3.928,30.0,1097,1127,30,True,,14,0
sub-014,JX,15,1184.014,10.846,30.0,1185,1215,30,True,,15,0
sub-014,OI,0,58.596,6.458,30.0,59,89,30,True,,0,0
sub-014,OI,1,116.778,4.668,30.0,117,147,30,True,,1,3
sub-014,OI,2,234.675,4.401,30.0,235,265,30,True,,2,0
sub-014,OI,3,414.836,5.626,30.0,415,445,30,True,,3,0
sub-014,OI,4,565.632,7.739,30.0,566,596,30,True,,4,0
sub-014,OI,5,623.58,5.998,30.0,624,654,30,True,,5,3
sub-014,OI,6,951.187,8.875,30.0,952,982,30,True,,6,2
sub-014,OI,7,1008.769,7.427,30.0,1009,1039,30,True,,7,1
sub-014,OI,8,1067.901,4.575,30.0,1068,1098,30,True,,8,0
sub-014,OI,9,1154.781,7.478,30.0,1155,1185,30,True,,9,0
sub-016,CA,0,92.416,4.023,30.0,93,123,30,True,,0,0
sub-016,CA,1,216.746,2.006,30.0,217,247,30,True,,1,0
sub-016,CA,2,314.21,7.715,30.0,315,345,30,True,,2,0
sub-016,CA,3,342.875,5.265,30.0,343,373,30,True,,3,0
sub-016,CA,4,477.988,9.067,30.0,478,508,30,True,,4,0
sub-016,CA,5,508.537,9.557,30.0,509,539,30,True,,5,0
sub-016,CA,6,665.3,5.235,30.0,666,696,30,True,,6,0
sub-016,CA,7,839.878,12.157,30.0,840,870,30,True,,7,0
sub-016,CA,8,871.011,10.791,30.0,872,902,30,True,,8,0
sub-016,CA,9,901.06,8.714,30.0,902,932,30,True,,9,0
sub-016,CA,10,994.474,5.773,30.0,995,1025,30,True,,10,0
sub-016,CA,11,1058.405,14.702,30.0,1059,1089,30,True,,11,0
sub-016,CA,12,1119.22,5.896,30.0,1120,1150,30,True,,12,0
sub-016,CA,13,1283.032,11.865,30.0,1284,1314,30,True,,13,0
sub-016,CA,14,1342.864,6.697,30.0,1343,1373,30,True,,14,0
sub-016,CA,15,1402.362,7.412,30.0,1403,1433,30,True,,15,0
sub-016,JX,0,60.75,6.293,30.0,61,91,30,True,,0,0
sub-016,JX,1,123.015,8.95,30.0,124,154,30,True,,1,0
sub-016,JX,2,155.997,5.392,30.0,156,186,30,True,,2,0
sub-016,JX,3,185.93,1.922,30.0,186,216,30,True,,3,0
sub-016,JX,4,248.211,3.771,30.0,249,279,30,True,,4,0
sub-016,JX,5,375.441,7.163,30.0,376,406,30,True,,5,0
sub-016,JX,6,540.653,9.446,30.0,541,571,30,True,,6,2
sub-016,JX,7,723.615,5.557,30.0,724,754,30,True,,7,0
sub-016,JX,8,752.697,4.33,30.0,753,783,30,True,,8,0
sub-016,JX,9,781.263,6.2,30.0,782,812,30,True,,9,0
sub-016,JX,10,1026.323,7.309,30.0,1027,1057,30,True,,10,0
sub-016,JX,11,1088.288,8.708,30.0,1089,1119,30,True,,11,0
sub-016,JX,12,1206.418,12.725,30.0,1207,1237,30,True,,12,0
sub-016,JX,13,1245.4,11.486,30.0,1246,1276,30,True,,13,0
sub-016,JX,14,1312.615,11.19,30.0,1313,1343,30,True,,14,0
sub-016,JX,15,1372.396,8.274,30.0,1373,1403,30,True,,15,0
sub-016,OI,0,0.718,2.466,30.0,1,31,30,True,,0,0
sub-016,OI,1,30.401,6.735,30.0,31,61,30,True,,1,0
sub-016,OI,2,281.277,4.712,30.0,282,312,30,True,,2,0
sub-016,OI,3,448.256,4.475,30.0,449,479,30,True,,3,0
sub-016,OI,4,694.399,11.267,30.0,695,725,30,True,,4,0
sub-016,OI,5,810.629,11.848,30.0,811,841,30,True,,5,0
sub-016,OI,6,929.876,6.832,30.0,930,960,30,True,,6,0
sub-016,OI,7,963.258,5.205,30.0,964,994,30,True,,7,0
sub-016,OI,8,1148.369,11.635,30.0,1149,1179,30,True,,8,0
sub-016,OI,9,1177.302,7.377,30.0,1178,1208,30,True,,9,0
sub-018,CA,0,86.367,5.218,30.0,87,117,30,True,,0,9
sub-018,CA,1,115.283,5.073,30.0,116,146,30,True,,1,19
sub-018,CA,2,173.648,4.494,30.0,174,204,30,True,,2,8
sub-018,CA,3,202.597,5.385,30.0,203,233,30,True,,3,10
sub-018,CA,4,262.562,3.828,30.0,263,293,30,True,,4,15
sub-018,CA,5,381.041,5.537,30.0,382,412,30,True,,5,7
sub-018,CA,6,471.239,6.757,30.0,472,502,30,True,,6,0
sub-018,CA,7,503.038,5.54,30.0,504,534,30,True,,7,4
sub-018,CA,8,564.719,5.517,30.0,565,595,30,True,,8,0
sub-018,CA,9,714.465,3.632,30.0,715,745,30,True,,9,1
sub-018,CA,10,890.893,4.833,30.0,891,921,30,True,,10,2
sub-018,CA,11,919.409,4.094,30.0,920,950,30,True,,11,5
sub-018,CA,12,978.741,4.432,30.0,979,1009,30,True,,12,6
sub-018,CA,13,1067.555,3.142,30.0,1068,1098,30,True,,13,1
sub-018,CA,14,1154.736,4.634,30.0,1155,1185,30,True,,14,0
sub-018,CA,15,1214.0,3.455,30.0,1214,1244,30,True,,15,3
sub-018,JX,0,0.553,9.393,30.0,1,31,30,True,,0,16
sub-018,JX,1,57.768,4.543,30.0,58,88,30,True,,1,11
sub-018,JX,2,231.346,6.842,30.0,232,262,30,True,,2,13
sub-018,JX,3,291.594,3.993,30.0,292,322,30,True,,3,17
sub-018,JX,4,320.243,5.976,30.0,321,351,30,True,,4,3
sub-018,JX,5,350.609,6.214,30.0,351,381,30,True,,5,0
sub-018,JX,6,412.924,9.276,30.0,413,443,30,True,,6,0
sub-018,JX,7,442.256,3.523,30.0,443,473,30,True,,7,5
sub-018,JX,8,532.254,6.076,30.0,533,563,30,True,,8,8
sub-018,JX,9,596.085,5.413,30.0,597,627,30,True,,9,0
sub-018,JX,10,626.268,3.807,30.0,627,657,30,True,,10,4
sub-018,JX,11,685.616,5.781,30.0,686,716,30,True,,11,5
sub-018,JX,12,1007.757,4.834,30.0,1008,1038,30,True,,12,8
sub-018,JX,13,1038.589,4.347,30.0,1039,1069,30,True,,13,1
sub-018,JX,14,1125.336,5.566,30.0,1126,1156,30,True,,14,4
sub-018,JX,15,1184.701,4.363,30.0,1185,1215,30,True,,15,2
sub-018,OI,0,29.118,4.599,30.0,30,60,30,True,,0,13
sub-018,OI,1,144.515,3.76,30.0,145,175,30,True,,1,6
sub-018,OI,2,656.967,9.455,30.0,657,687,30,True,,2,0
sub-018,OI,3,745.831,4.757,30.0,746,776,30,True,,3,0
sub-018,OI,4,775.197,6.782,30.0,776,806,30,True,,4,0
sub-018,OI,5,803.996,6.377,30.0,804,834,30,True,,5,7
sub-018,OI,6,832.645,7.263,30.0,833,863,30,True,,6,0
sub-018,OI,7,861.511,4.417,30.0,862,892,30,True,,7,0
sub-018,OI,8,949.191,10.957,30.0,950,980,30,True,,8,4
sub-018,OI,9,1096.387,4.221,30.0,1097,1127,30,True,,9,0
sub-019,CA,0,0.405,3.978,30.0,1,31,30,True,,0,0
sub-019,CA,1,176.033,4.361,30.0,177,207,30,True,,1,0
sub-019,CA,2,354.694,7.453,30.0,355,385,30,True,,2,0
sub-019,CA,3,420.426,5.093,30.0,421,451,30,True,,3,0
sub-019,CA,4,450.042,4.669,30.0,451,481,30,True,,4,0
sub-019,CA,5,482.991,5.272,30.0,483,513,30,True,,5,0
sub-019,CA,6,511.907,6.582,30.0,512,542,30,True,,6,0
sub-019,CA,7,604.904,7.146,30.0,605,635,30,True,,7,1
sub-019,CA,8,643.819,4.936,30.0,644,674,30,True,,8,0
sub-019,CA,9,702.101,3.938,30.0,703,733,30,True,,9,0
sub-019,CA,10,765.983,4.576,30.0,766,796,30,True,,10,0
sub-019,CA,11,826.181,3.757,30.0,827,857,30,True,,11,2
sub-019,CA,12,856.08,3.846,30.0,857,887,30,True,,12,0
sub-019,CA,13,987.526,2.662,30.0,988,1018,30,True,,13,0
sub-019,CA,14,1022.075,7.105,30.0,1023,1053,30,True,,14,0
sub-019,CA,15,1145.388,2.836,30.0,1146,1176,30,True,,15,3
sub-019,JX,0,28.987,4.939,30.0,29,59,30,True,,0,0
sub-019,JX,1,87.619,6.068,30.0,88,118,30,True,,1,0
sub-019,JX,2,118.785,4.619,30.0,119,149,30,True,,2,0
sub-019,JX,3,295.03,5.913,30.0,296,326,30,True,,3,1
sub-019,JX,4,324.345,4.61,30.0,325,355,30,True,,4,0
sub-019,JX,5,384.16,3.566,30.0,385,415,30,True,,5,0
sub-019,JX,6,575.121,8.02,30.0,576,606,30,True,,6,5
sub-019,JX,7,672.985,4.84,30.0,673,703,30,True,,7,0
sub-019,JX,8,731.617,4.679,30.0,732,762,30,True,,8,0
sub-019,JX,9,794.648,4.451,30.0,795,825,30,True,,9,5
sub-019,JX,10,887.996,5.398,30.0,888,918,30,True,,10,2
sub-019,JX,11,952.56,5.042,30.0,953,983,30,True,,11,5
sub-019,JX,12,1111.556,3.675,30.0,1112,1142,30,True,,12,0
sub-019,JX,13,1175.237,5.68,30.0,1176,1206,30,True,,13,0
sub-019,JX,14,1240.452,4.489,30.0,1241,1271,30,True,,14,1
sub-019,JX,15,1273.451,4.564,30.0,1274,1304,30,True,,15,0
sub-019,OI,0,57.736,7.147,30.0,58,88,30,True,,0,0
sub-019,OI,1,147.567,4.228,30.0,148,178,30,True,,1,0
sub-019,OI,2,205.782,3.068,30.0,206,236,30,True,,2,0
sub-019,OI,3,235.748,5.753,30.0,236,266,30,True,,3,0
sub-019,OI,4,265.014,4.824,30.0,266,296,30,True,,4,4
sub-019,OI,5,544.039,8.312,30.0,545,575,30,True,,5,0
sub-019,OI,6,922.861,3.597,30.0,923,953,30,True,,6,0
sub-019,OI,7,1051.041,3.63,30.0,1052,1082,30,True,,7,0
sub-019,OI,8,1081.907,4.888,30.0,1082,1112,30,True,,8,0
sub-019,OI,9,1211.186,5.504,30.0,1212,1242,30,True,,9,0
sub-020,CA,0,116.396,9.038,30.0,117,147,30,True,,0,5
sub-020,CA,1,145.046,8.52,30.0,146,176,30,True,,1,10
sub-020,CA,2,290.425,9.449,30.0,291,321,30,True,,2,5
sub-020,CA,3,410.921,8.163,30.0,411,441,30,True,,3,5
sub-020,CA,4,498.502,8.885,30.0,499,529,30,True,,4,2
sub-020,CA,5,527.135,8.471,30.0,528,558,30,True,,5,1
sub-020,CA,6,845.859,6.638,30.0,846,876,30,True,,6,2
sub-020,CA,7,875.141,6.072,30.0,876,906,30,True,,7,2
sub-020,CA,8,903.74,4.277,30.0,904,934,30,True,,8,0
sub-020,CA,9,932.373,6.231,30.0,933,963,30,True,,9,1
sub-020,CA,10,960.989,7.248,30.0,961,991,30,True,,10,0
sub-020,CA,11,989.488,4.268,30.0,990,1020,30,True,,11,0
sub-020,CA,12,1018.404,8.736,30.0,1019,1049,30,True,,12,0
sub-020,CA,13,1047.236,7.33,30.0,1048,1078,30,True,,13,1
sub-020,CA,14,1136.567,5.101,30.0,1137,1167,30,True,,14,0
sub-020,CA,15,1165.283,9.437,30.0,1166,1196,30,True,,15,0
sub-020,JX,0,1.0,4.117,30.0,1,31,30,True,,0,17
sub-020,JX,1,58.931,8.064,30.0,59,89,30,True,,1,6
sub-020,JX,2,87.614,6.433,30.0,88,118,30,True,,2,4
sub-020,JX,3,173.828,6.484,30.0,174,204,30,True,,3,4
sub-020,JX,4,202.844,5.931,30.0,203,233,30,True,,4,1
sub-020,JX,5,353.656,9.465,30.0,354,384,30,True,,5,2
sub-020,JX,6,382.405,5.927,30.0,383,413,30,True,,6,3
sub-020,JX,7,468.97,7.503,30.0,469,499,30,True,,7,4
sub-020,JX,8,555.867,7.122,30.0,556,586,30,True,,8,1
sub-020,JX,9,585.016,9.198,30.0,586,616,30,True,,9,2
sub-020,JX,10,613.765,5.786,30.0,614,644,30,True,,10,1
sub-020,JX,11,759.361,10.112,30.0,760,790,30,True,,11,3
sub-020,JX,12,787.844,8.091,30.0,788,818,30,True,,12,1
sub-020,JX,13,816.626,7.33,30.0,817,847,30,True,,13,1
sub-020,JX,14,1078.619,7.521,30.0,1079,1109,30,True,,14,0
sub-020,JX,15,1193.749,18.177,30.0,1194,1224,30,True,,15,0
sub-020,OI,0,30.099,3.416,30.0,31,61,30,True,,0,10
sub-020,OI,1,232.96,8.877,30.0,233,263,30,True,,1,4
sub-020,OI,2,261.859,10.42,30.0,262,292,30,True,,2,7
sub-020,OI,3,319.057,10.66,30.0,320,350,30,True,,3,2
sub-020,OI,4,440.404,5.379,30.0,441,471,30,True,,4,2
sub-020,OI,5,643.248,7.052,30.0,644,674,30,True,,5,4
sub-020,OI,6,672.014,6.193,30.0,673,703,30,True,,6,1
sub-020,OI,7,701.846,11.882,30.0,702,732,30,True,,7,2
sub-020,OI,8,730.779,13.949,30.0,731,761,30,True,,8,4
sub-020,OI,9,1107.285,5.567,30.0,1108,1138,30,True,,9,0
sub-021,CA,0,0.237,4.219,30.0,1,31,30,True,,0,1
sub-021,CA,1,90.202,2.067,30.0,91,121,30,True,,1,0
sub-021,CA,2,118.701,1.579,30.0,119,149,30,True,,2,1
sub-021,CA,3,240.364,2.345,30.0,241,271,30,True,,3,0
sub-021,CA,4,336.561,1.309,30.0,337,367,30,True,,4,2
sub-021,CA,5,435.608,2.569,30.0,436,466,30,True,,5,0
sub-021,CA,6,527.756,1.212,30.0,528,558,30,True,,6,2
sub-021,CA,7,557.521,2.34,30.0,558,588,30,True,,7,2
sub-021,CA,8,705.867,1.025,30.0,706,736,30,True,,8,0
sub-021,CA,9,767.049,1.154,30.0,768,798,30,True,,9,2
sub-021,CA,10,827.764,1.306,30.0,828,858,30,True,,10,0
sub-021,CA,11,860.246,0.839,30.0,861,891,30,True,,11,0
sub-021,CA,12,988.109,0.864,30.0,989,1019,30,True,,12,0
sub-021,CA,13,1049.757,1.185,30.0,1050,1080,30,True,,13,5
sub-021,CA,14,1199.003,1.935,30.0,1200,1230,30,True,,14,0
sub-021,CA,15,1261.268,1.248,30.0,1262,1292,30,True,,15,0
sub-021,JX,0,29.003,1.453,30.0,30,60,30,True,,0,0
sub-021,JX,1,148.033,1.071,30.0,149,179,30,True,,1,0
sub-021,JX,2,178.632,1.454,30.0,179,209,30,True,,2,0
sub-021,JX,3,365.593,1.802,30.0,366,396,30,True,,3,0
sub-021,JX,4,399.359,1.511,30.0,400,430,30,True,,4,0
sub-021,JX,5,466.457,1.206,30.0,467,497,30,True,,5,0
sub-021,JX,6,587.937,1.27,30.0,588,618,30,True,,6,1
sub-021,JX,7,617.753,1.15,30.0,618,648,30,True,,7,0
sub-021,JX,8,646.485,1.17,30.0,647,677,30,True,,8,2
sub-021,JX,9,737.749,1.39,30.0,738,768,30,True,,9,0
sub-021,JX,10,891.795,0.894,30.0,892,922,30,True,,10,0
sub-021,JX,11,957.143,2.343,30.0,958,988,30,True,,11,0
sub-021,JX,12,1017.808,0.769,30.0,1018,1048,30,True,,12,2
sub-021,JX,13,1080.956,1.639,30.0,1081,1111,30,True,,13,3
sub-021,JX,14,1110.889,0.972,30.0,1111,1141,30,True,,14,0
sub-021,JX,15,1139.405,2.116,30.0,1140,1170,30,True,,15,0
sub-021,OI,0,58.669,1.608,30.0,59,89,30,True,,0,0
sub-021,OI,1,211.448,1.414,30.0,212,242,30,True,,1,0
sub-021,OI,2,270.596,2.093,30.0,271,301,30,True,,2,0
sub-021,OI,3,303.395,1.965,30.0,304,334,30,True,,3,0
sub-021,OI,4,495.073,1.302,30.0,496,526,30,True,,4,0
sub-021,OI,5,676.118,1.485,30.0,677,707,30,True,,5,0
sub-021,OI,6,797.481,1.548,30.0,798,828,30,True,,6,0
sub-021,OI,7,927.744,0.938,30.0,928,958,30,True,,7,2
sub-021,OI,8,1168.304,1.443,30.0,1169,1199,30,True,,8,0
sub-021,OI,9,1229.835,1.053,30.0,1230,1260,30,True,,9,0
sub-023,CA,0,59.629,7.783,30.0,60,90,30,True,,0,6
sub-023,CA,1,205.608,4.13,30.0,206,236,30,True,,1,7
sub-023,CA,2,262.856,4.207,30.0,263,293,30,True,,2,6
sub-023,CA,3,291.939,3.353,30.0,292,322,30,True,,3,7
sub-023,CA,4,349.087,3.266,30.0,350,380,30,True,,4,3
sub-023,CA,5,464.617,3.441,30.0,465,495,30,True,,5,4
sub-023,CA,6,522.849,5.288,30.0,523,553,30,True,,6,2
sub-023,CA,7,645.178,4.242,30.0,646,676,30,True,,7,2
sub-023,CA,8,674.928,2.146,30.0,675,705,30,True,,8,0
sub-023,CA,9,705.777,5.226,30.0,706,736,30,True,,9,3
sub-023,CA,10,781.808,4.154,30.0,782,812,30,True,,10,3
sub-023,CA,11,899.888,6.134,30.0,900,930,30,True,,11,4
sub-023,CA,12,928.704,2.408,30.0,929,959,30,True,,12,6
sub-023,CA,13,1105.015,5.399,30.0,1106,1136,30,True,,13,4
sub-023,CA,14,1197.862,3.868,30.0,1198,1228,30,True,,14,4
sub-023,CA,15,1229.361,2.302,30.0,1230,1260,30,True,,15,3
sub-023,JX,0,0.68,2.174,30.0,1,31,30,True,,0,14
sub-023,JX,1,30.713,4.438,30.0,31,61,30,True,,1,9
sub-023,JX,2,117.877,5.22,30.0,118,148,30,True,,2,9
sub-023,JX,3,234.274,6.62,30.0,235,265,30,True,,3,4
sub-023,JX,4,320.571,3.724,30.0,321,351,30,True,,4,6
sub-023,JX,5,406.335,10.53,30.0,407,437,30,True,,5,5
sub-023,JX,6,551.748,6.829,30.0,552,582,30,True,,6,2
sub-023,JX,7,583.913,2.616,30.0,584,614,30,True,,7,7
sub-023,JX,8,812.374,7.532,30.0,813,843,30,True,,8,4
sub-023,JX,9,841.456,8.015,30.0,842,872,30,True,,9,3
sub-023,JX,10,959.203,4.771,30.0,960,990,30,True,,10,2
sub-023,JX,11,988.535,4.832,30.0,989,1019,30,True,,11,2
sub-023,JX,12,1046.217,5.548,30.0,1047,1077,30,True,,12,6
sub-023,JX,13,1075.416,4.063,30.0,1076,1106,30,True,,13,2
sub-023,JX,14,1133.631,5.044,30.0,1134,1164,30,True,,14,1
sub-023,JX,15,1258.661,5.212,30.0,1259,1289,30,True,,15,6
sub-023,OI,0,89.228,4.597,30.0,90,120,30,True,,0,11
sub-023,OI,1,147.293,3.154,30.0,148,178,30,True,,1,8
sub-023,OI,2,176.992,3.568,30.0,177,207,30,True,,2,6
sub-023,OI,3,377.603,3.798,30.0,378,408,30,True,,3,3
sub-023,OI,4,435.851,3.726,30.0,436,466,30,True,,4,8
sub-023,OI,5,494.166,5.545,30.0,495,525,30,True,,5,2
sub-023,OI,6,614.529,12.718,30.0,615,645,30,True,,6,10
sub-023,OI,7,870.505,3.038,30.0,871,901,30,True,,7,2
sub-023,OI,8,1017.434,3.064,30.0,1018,1048,30,True,,8,2
sub-023,OI,9,1168.413,1.844,30.0,1169,1199,30,True,,9,6
