pair,contrast,n,mean_difference,median_difference,t_paired,p_paired_t_unc,wilcoxon_W,p_wilcoxon_unc,p_fdr_15_pairwise_ttests,reject_fdr_15_pairwise_ttests,p_fdr_15_pairwise_wilcoxon,reject_fdr_15_pairwise_wilcoxon
PCC_vmPFC,CA-JX,19,0.010916789495045561,0.003300037453307047,0.9688277759549431,0.3454699192375994,70.0,0.3320655822753906,0.485842311652107,False,0.5796875953674316,False
PCC_vmPFC,CA-OI,19,0.022717098194233225,-0.004365847718256693,1.4786236786796108,0.1565277033708696,75.0,0.4413337707519531,0.3521873325844566,False,0.5796875953674316,False
PCC_vmPFC,JX-OI,19,0.011800308699187667,0.003654467376096964,0.7897254846756092,0.439968090519126,78.0,0.5152778625488281,0.49496410183401673,False,0.5796875953674316,False
L_Angular_PCC,CA-JX,19,-0.008263449367471745,-0.007824321370109483,-0.9041128292916055,0.3778773535071943,77.0,0.48996734619140625,0.485842311652107,False,0.5796875953674316,False
L_Angular_PCC,CA-OI,19,0.011794309845827107,0.011429893511025545,1.1806835946122285,0.25309556237339625,72.0,0.37359619140625,0.4555720122721133,False,0.5796875953674316,False
L_Angular_PCC,JX-OI,19,0.020057759213298852,0.012474941727741738,2.755752727712506,0.01301161343986805,39.0,0.02298736572265625,0.11710452095881245,False,0.20688629150390625,False
L_Angular_vmPFC,CA-JX,19,-0.0016339165060712112,0.0014808204038204119,-0.18069634324075015,0.858624858258076,94.0,0.9843215942382812,0.858624858258076,False,0.9843215942382812,False
L_Angular_vmPFC,CA-OI,19,0.015275292986848514,0.005957404760438538,1.7183440111171002,0.10288629506582762,62.0,0.1956329345703125,0.30865888519748286,False,0.5796875953674316,False
L_Angular_vmPFC,JX-OI,19,0.01690920949291973,0.004556936193216371,1.743386595505456,0.09832148129030921,58.0,0.14468765258789062,0.30865888519748286,False,0.5796875953674316,False
