condition,pair,n,mean_loggc_doi,sd_loggc_doi,median_loggc_doi,t_loggc_doi_vs_zero,p_loggc_doi_unc,wilcoxon_loggc_doi_W,p_wilcoxon_loggc_doi_unc,mean_F_forward_minus_reverse,median_F_forward_minus_reverse,t_F_forward_minus_reverse,p_F_forward_minus_reverse_unc,p_fdr_15_condition_pair_doi_ttests,reject_fdr_15_condition_pair_doi_ttests,p_fdr_15_condition_pair_doi_wilcoxon,reject_fdr_15_condition_pair_doi_wilcoxon
CA,PCC_vmPFC,19,0.03487810887759975,0.06299457629728589,0.013795964088486766,2.4133847844582825,0.026682994607196826,40.0,0.025821685791015625,3.6497027188731566,1.108385814940596,2.465587203097957,0.023958630419123304,0.06003673786619286,False,0.058098793029785156,False
CA,L_Angular_PCC,19,0.016433486285784445,0.032506154979778996,0.021523134266065086,2.203641312064002,0.04081128507325386,48.0,0.060207366943359375,1.4721361668376671,2.0589535981500036,1.77972536765299,0.09201002149804569,0.07346031313185694,False,0.10837326049804688,False
CA,L_Angular_vmPFC,19,0.02734402173695048,0.02952473499090252,0.025354063833519343,4.036948257048631,0.0007734961914721756,14.0,0.00041961669921875,2.5891894504428796,2.5754838493669143,3.8326250205095924,0.0012194287299114913,0.00348073286162479,True,0.0029010772705078125,True
JX,PCC_vmPFC,19,0.023961319382554195,0.05256048034362492,0.015859067075705363,1.9871387981925912,0.06234233657357912,51.0,0.07987594604492188,2.348907827767835,1.3418181088045236,2.301897213484662,0.03349925127154565,0.09351350486036868,False,0.11981391906738281,False
JX,L_Angular_PCC,19,0.024696935653256195,0.030854690527025153,0.0230418847753437,3.488981574240071,0.002620041096869431,22.0,0.00202178955078125,2.162566134824481,1.766059036458966,3.4478538786446236,0.002870371227196785,0.007860123290608293,True,0.00606536865234375,True
JX,L_Angular_vmPFC,19,0.028977938243021698,0.030731095966047187,0.027461472655118852,4.110231035464797,0.0006570935243666222,16.0,0.000644683837890625,2.5837912688047773,2.761501426402048,4.418089407990194,0.0003319180739711425,0.00348073286162479,True,0.0029010772705078125,True
OI,PCC_vmPFC,19,0.012161010683366525,0.048102037427353826,0.013385881262339685,1.102003562742421,0.2849776274906725,69.0,0.312408447265625,0.9044755500859817,0.9830683427236178,1.2167793271468312,0.23940251694811476,0.32059983092700656,False,0.3514595031738281,False
OI,L_Angular_PCC,19,0.00463917643995734,0.03413861343931401,-0.0020427665808671197,0.5923410251847407,0.5609902253821236,79.0,0.5412178039550781,0.30542209433117096,-0.12840624084458696,0.6235742857980803,0.5407294104801192,0.5609902253821236,False,0.5412178039550781,False
OI,L_Angular_vmPFC,19,0.012068728750101967,0.03544219007292863,0.002801900587201124,1.4842866338240224,0.15503392339816716,68.0,0.2934989929199219,0.660329350260398,0.15537679414815475,1.4835467652437553,0.15522841748614413,0.1993293300833578,False,0.3514595031738281,False
