analysis,pair,direction_label,condition,n,beta_loggc_doi,sem_loggc_doi,p_within_unc,q_within_family,friedman_p,friedman_q,omnibus_rm_anova_p,omnibus_rm_anova_q,pair_label
condition_30s_window,L_Angular_PCC,L_Angular → PCC,CA,19,0.0164334862857844,0.0074574233999962,0.0408112850732538,0.0734603131318569,0.3311237329510148,0.7567325290180884,0.0897043144074919,0.2156543147919681,L.Angular → PCC
condition_30s_window,L_Angular_PCC,L_Angular → PCC,JX,19,0.0246969356532561,0.0070785514706065,0.0026200410968694,0.0078601232906082,0.3311237329510148,0.7567325290180884,0.0897043144074919,0.2156543147919681,L.Angular → PCC
condition_30s_window,L_Angular_PCC,L_Angular → PCC,OI,19,0.0046391764399573,0.0078319350555036,0.5609902253821236,0.5609902253821236,0.3311237329510148,0.7567325290180884,0.0897043144074919,0.2156543147919681,L.Angular → PCC
condition_30s_window,L_Angular_vmPFC,L_Angular → vmPFC,CA,19,0.0273440217369504,0.0067734387452717,0.0007734961914721,0.0034807328616247,0.5044883526787256,0.7567325290180884,0.1437695431946454,0.2156543147919681,L.Angular → vmPFC
condition_30s_window,L_Angular_vmPFC,L_Angular → vmPFC,JX,19,0.0289779382430216,0.0070501969336973,0.0006570935243666,0.0034807328616247,0.5044883526787256,0.7567325290180884,0.1437695431946454,0.2156543147919681,L.Angular → vmPFC
condition_30s_window,L_Angular_vmPFC,L_Angular → vmPFC,OI,19,0.0120687287501019,0.0081309960455608,0.1550339233981671,0.1993293300833578,0.5044883526787256,0.7567325290180884,0.1437695431946454,0.2156543147919681,L.Angular → vmPFC
condition_30s_window,PCC_vmPFC,PCC → vmPFC,CA,19,0.0348781088775997,0.0144519469511069,0.0266829946071968,0.0600367378661928,1.0,1.0,0.279489534493149,0.279489534493149,PCC → vmPFC
condition_30s_window,PCC_vmPFC,PCC → vmPFC,JX,19,0.0239613193825541,0.0120582011706219,0.0623423365735791,0.0935135048603686,1.0,1.0,0.279489534493149,0.279489534493149,PCC → vmPFC
condition_30s_window,PCC_vmPFC,PCC → vmPFC,OI,19,0.0121610106833665,0.0110353642170655,0.2849776274906725,0.3205998309270065,1.0,1.0,0.279489534493149,0.279489534493149,PCC → vmPFC
