subject,pair,lag,bic,usable_rows
sub-001,PCC_vmPFC,1,-6385.321721247409,1317
sub-001,PCC_vmPFC,2,-8631.103835351458,1264
sub-001,PCC_vmPFC,3,-10048.872570174597,1221
sub-001,PCC_vmPFC,4,-10459.452024412736,1180
sub-001,L_Angular_PCC,1,-5964.464261050544,1317
sub-001,L_Angular_PCC,2,-8417.662823304305,1264
sub-001,L_Angular_PCC,3,-9964.45205388782,1221
sub-001,L_Angular_PCC,4,-10464.412641821971,1180
sub-001,L_Angular_vmPFC,1,-6467.03533168676,1317
sub-001,L_Angular_vmPFC,2,-8669.9379225208,1264
sub-001,L_Angular_vmPFC,3,-10363.532478869589,1221
sub-001,L_Angular_vmPFC,4,-10920.72053073826,1180
sub-002,PCC_vmPFC,1,-9242.524581553826,1772
sub-002,PCC_vmPFC,2,-12685.141921438744,1763
sub-002,PCC_vmPFC,3,-15651.207420452132,1755
sub-002,PCC_vmPFC,4,-16865.006198158495,1747
sub-002,L_Angular_PCC,1,-8369.376592344495,1772
sub-002,L_Angular_PCC,2,-12166.426347130166,1763
sub-002,L_Angular_PCC,3,-15205.452486128932,1755
sub-002,L_Angular_PCC,4,-16422.897318290125,1747
sub-002,L_Angular_vmPFC,1,-8411.341040851396,1772
sub-002,L_Angular_vmPFC,2,-12250.630796680718,1763
sub-002,L_Angular_vmPFC,3,-15393.830114079581,1755
sub-002,L_Angular_vmPFC,4,-16888.554085844382,1747
sub-003,PCC_vmPFC,1,-6308.390416861371,1178
sub-003,PCC_vmPFC,2,-8071.193866041428,1138
sub-003,PCC_vmPFC,3,-9441.865321590023,1100
sub-003,PCC_vmPFC,4,-9874.527355910252,1064
sub-003,L_Angular_PCC,1,-5888.827542210094,1178
sub-003,L_Angular_PCC,2,-7714.232873734652,1138
sub-003,L_Angular_PCC,3,-9131.833633033184,1100
sub-003,L_Angular_PCC,4,-9503.674339309631,1064
sub-003,L_Angular_vmPFC,1,-5902.521818603816,1178
sub-003,L_Angular_vmPFC,2,-7735.407540336363,1138
sub-003,L_Angular_vmPFC,3,-9320.449360057384,1100
sub-003,L_Angular_vmPFC,4,-9699.066879498576,1064
sub-004,PCC_vmPFC,1,-5921.541665816046,1210
sub-004,PCC_vmPFC,2,-8565.953139964924,1188
sub-004,PCC_vmPFC,3,-10079.279265510664,1167
sub-004,PCC_vmPFC,4,-10675.920626397708,1146
sub-004,L_Angular_PCC,1,-5957.4273545679525,1210
sub-004,L_Angular_PCC,2,-8707.499527038706,1188
sub-004,L_Angular_PCC,3,-10289.69108095116,1167
sub-004,L_Angular_PCC,4,-11064.64973552011,1146
sub-004,L_Angular_vmPFC,1,-5540.7241533514725,1210
sub-004,L_Angular_vmPFC,2,-8507.250162505261,1188
sub-004,L_Angular_vmPFC,3,-10324.576762437027,1167
sub-004,L_Angular_vmPFC,4,-11045.41270478942,1146
sub-006,PCC_vmPFC,1,-6250.486118008699,1288
sub-006,PCC_vmPFC,2,-8374.311388979811,1284
sub-006,PCC_vmPFC,3,-10055.883702945997,1280
sub-006,PCC_vmPFC,4,-10655.963193184329,1276
sub-006,L_Angular_PCC,1,-6221.091360007633,1288
sub-006,L_Angular_PCC,2,-8771.059561666576,1284
sub-006,L_Angular_PCC,3,-10791.917820748205,1280
sub-006,L_Angular_PCC,4,-11668.434495017575,1276
sub-006,L_Angular_vmPFC,1,-6173.315495723005,1288
sub-006,L_Angular_vmPFC,2,-8748.256322509682,1284
sub-006,L_Angular_vmPFC,3,-10596.567503228865,1280
sub-006,L_Angular_vmPFC,4,-11416.25559634152,1276
sub-007,PCC_vmPFC,1,-5225.57093784099,1083
sub-007,PCC_vmPFC,2,-6945.159333102589,1021
sub-007,PCC_vmPFC,3,-8154.670885632183,978
sub-007,PCC_vmPFC,4,-8435.774208773306,939
sub-007,L_Angular_PCC,1,-4672.794405932741,1083
sub-007,L_Angular_PCC,2,-6640.347383580996,1021
sub-007,L_Angular_PCC,3,-7714.708382605032,978
sub-007,L_Angular_PCC,4,-8009.720641201653,939
sub-007,L_Angular_vmPFC,1,-4946.445142446205,1083
sub-007,L_Angular_vmPFC,2,-6755.258324175301,1021
sub-007,L_Angular_vmPFC,3,-8042.98664998055,978
sub-007,L_Angular_vmPFC,4,-8416.60328922529,939
sub-008,PCC_vmPFC,1,-4382.4696905664205,980
sub-008,PCC_vmPFC,2,-6219.266695210548,922
sub-008,PCC_vmPFC,3,-7019.05142877137,869
sub-008,PCC_vmPFC,4,-7175.914095179218,822
sub-008,L_Angular_PCC,1,-4423.212986962535,980
sub-008,L_Angular_PCC,2,-6218.958035836611,922
sub-008,L_Angular_PCC,3,-7091.041161878309,869
sub-008,L_Angular_PCC,4,-7297.773275225983,822
sub-008,L_Angular_vmPFC,1,-4235.049190537413,980
sub-008,L_Angular_vmPFC,2,-6044.2359900628635,922
sub-008,L_Angular_vmPFC,3,-6985.191443323077,869
sub-008,L_Angular_vmPFC,4,-7154.63008730404,822
sub-009,PCC_vmPFC,1,-5290.175188383924,1070
sub-009,PCC_vmPFC,2,-7126.386774987779,1019
sub-009,PCC_vmPFC,3,-8210.449745671325,987
sub-009,PCC_vmPFC,4,-8594.579028551409,961
sub-009,L_Angular_PCC,1,-4954.789928549025,1070
sub-009,L_Angular_PCC,2,-6846.730104833549,1019
sub-009,L_Angular_PCC,3,-8010.528191876664,987
sub-009,L_Angular_PCC,4,-8465.377540705404,961
sub-009,L_Angular_vmPFC,1,-4997.544417348264,1070
sub-009,L_Angular_vmPFC,2,-6963.856968433099,1019
sub-009,L_Angular_vmPFC,3,-8216.501215282718,987
sub-009,L_Angular_vmPFC,4,-8729.444101914545,961
sub-010,PCC_vmPFC,1,-6136.926810690855,1222
sub-010,PCC_vmPFC,2,-8499.654794661212,1215
sub-010,PCC_vmPFC,3,-10021.381973286909,1208
sub-010,PCC_vmPFC,4,-10523.23618200161,1201
sub-010,L_Angular_PCC,1,-6300.829633670499,1222
sub-010,L_Angular_PCC,2,-8771.052858742622,1215
sub-010,L_Angular_PCC,3,-10561.98349670668,1208
sub-010,L_Angular_PCC,4,-11225.625626221634,1201
sub-010,L_Angular_vmPFC,1,-6116.915367733497,1222
sub-010,L_Angular_vmPFC,2,-8426.702231404179,1215
sub-010,L_Angular_vmPFC,3,-10053.840814679079,1208
sub-010,L_Angular_vmPFC,4,-10678.73457659246,1201
sub-011,PCC_vmPFC,1,-6022.543595638685,1192
sub-011,PCC_vmPFC,2,-8670.844268444287,1176
sub-011,PCC_vmPFC,3,-10599.572548373051,1160
sub-011,PCC_vmPFC,4,-11266.349073619796,1146
sub-011,L_Angular_PCC,1,-5420.782603666497,1192
sub-011,L_Angular_PCC,2,-8205.04664922276,1176
sub-011,L_Angular_PCC,3,-10057.99454716834,1160
sub-011,L_Angular_PCC,4,-10874.775553189744,1146
sub-011,L_Angular_vmPFC,1,-5544.435982265597,1192
sub-011,L_Angular_vmPFC,2,-8066.373954347504,1176
sub-011,L_Angular_vmPFC,3,-9984.8636576587,1160
sub-011,L_Angular_vmPFC,4,-10825.256096490926,1146
sub-012,PCC_vmPFC,1,-4522.557220376538,893
sub-012,PCC_vmPFC,2,-4987.5117757799835,755
sub-012,PCC_vmPFC,3,-5056.150227633693,644
sub-012,PCC_vmPFC,4,-4786.018348378794,570
sub-012,L_Angular_PCC,1,-4656.491359531523,893
sub-012,L_Angular_PCC,2,-5243.459279358646,755
sub-012,L_Angular_PCC,3,-5261.624020871881,644
sub-012,L_Angular_PCC,4,-5006.557955783416,570
sub-012,L_Angular_vmPFC,1,-4538.383232353631,893
sub-012,L_Angular_vmPFC,2,-5119.161171303376,755
sub-012,L_Angular_vmPFC,3,-5221.367459066929,644
sub-012,L_Angular_vmPFC,4,-4925.252960486885,570
sub-013,PCC_vmPFC,1,-5885.811524059305,1279
sub-013,PCC_vmPFC,2,-8179.05406581674,1269
sub-013,PCC_vmPFC,3,-9820.316688163133,1259
sub-013,PCC_vmPFC,4,-10499.41160883015,1249
sub-013,L_Angular_PCC,1,-6432.435731726685,1279
sub-013,L_Angular_PCC,2,-8913.597117163687,1269
sub-013,L_Angular_PCC,3,-10705.552082638955,1259
sub-013,L_Angular_PCC,4,-11542.988201527081,1249
sub-013,L_Angular_vmPFC,1,-6015.664647088337,1279
sub-013,L_Angular_vmPFC,2,-8167.982208282686,1269
sub-013,L_Angular_vmPFC,3,-9903.456391905249,1259
sub-013,L_Angular_vmPFC,4,-10711.678001277936,1249
sub-014,PCC_vmPFC,1,-5525.571004644635,1229
sub-014,PCC_vmPFC,2,-8103.31164898974,1215
sub-014,PCC_vmPFC,3,-9465.795888572411,1202
sub-014,PCC_vmPFC,4,-10178.404801196084,1189
sub-014,L_Angular_PCC,1,-5472.882145803005,1229
sub-014,L_Angular_PCC,2,-8297.303936147438,1215
sub-014,L_Angular_PCC,3,-9940.799307157711,1202
sub-014,L_Angular_PCC,4,-10728.31174034282,1189
sub-014,L_Angular_vmPFC,1,-5084.413272969341,1229
sub-014,L_Angular_vmPFC,2,-7809.441861383892,1215
sub-014,L_Angular_vmPFC,3,-9335.296587286686,1202
sub-014,L_Angular_vmPFC,4,-10112.030211762245,1189
sub-016,PCC_vmPFC,1,-8224.405826555207,1437
sub-016,PCC_vmPFC,2,-10772.509249018882,1435
sub-016,PCC_vmPFC,3,-12724.17929954391,1433
sub-016,PCC_vmPFC,4,-13694.082101484131,1431
sub-016,L_Angular_PCC,1,-7746.819694531388,1437
sub-016,L_Angular_PCC,2,-10339.427178869137,1435
sub-016,L_Angular_PCC,3,-12541.226714538472,1433
sub-016,L_Angular_PCC,4,-13620.487310746637,1431
sub-016,L_Angular_vmPFC,1,-7670.223229906786,1437
sub-016,L_Angular_vmPFC,2,-10209.970106290775,1435
sub-016,L_Angular_vmPFC,3,-12601.917422013623,1433
sub-016,L_Angular_vmPFC,4,-13797.202418624582,1431
sub-018,PCC_vmPFC,1,-4236.063329340366,924
sub-018,PCC_vmPFC,2,-5526.060993585514,860
sub-018,PCC_vmPFC,3,-6448.3923120206355,822
sub-018,PCC_vmPFC,4,-6698.7175699908385,794
sub-018,L_Angular_PCC,1,-4164.543246888586,924
sub-018,L_Angular_PCC,2,-5607.5792858816085,860
sub-018,L_Angular_PCC,3,-6585.225698225267,822
sub-018,L_Angular_PCC,4,-6878.581703548312,794
sub-018,L_Angular_vmPFC,1,-4134.87968314532,924
sub-018,L_Angular_vmPFC,2,-5765.046014877589,860
sub-018,L_Angular_vmPFC,3,-6770.466171832939,822
sub-018,L_Angular_vmPFC,4,-7075.883831568021,794
sub-019,PCC_vmPFC,1,-5886.093372780892,1266
sub-019,PCC_vmPFC,2,-8353.071535894273,1255
sub-019,PCC_vmPFC,3,-9964.905821448474,1244
sub-019,PCC_vmPFC,4,-10529.100040731699,1233
sub-019,L_Angular_PCC,1,-5671.1321481956165,1266
sub-019,L_Angular_PCC,2,-8412.935540766843,1255
sub-019,L_Angular_PCC,3,-10075.985639865745,1244
sub-019,L_Angular_PCC,4,-10732.508406325833,1233
sub-019,L_Angular_vmPFC,1,-5682.480293509864,1266
sub-019,L_Angular_vmPFC,2,-8409.818072895203,1255
sub-019,L_Angular_vmPFC,3,-10232.340849258493,1244
sub-019,L_Angular_vmPFC,4,-10911.933162082476,1233
sub-020,PCC_vmPFC,1,-5280.431835383134,1031
sub-020,PCC_vmPFC,2,-6622.77978297552,960
sub-020,PCC_vmPFC,3,-7133.610049145489,896
sub-020,PCC_vmPFC,4,-7098.003369918466,835
sub-020,L_Angular_PCC,1,-5461.050808124525,1031
sub-020,L_Angular_PCC,2,-6853.797634189413,960
sub-020,L_Angular_PCC,3,-7450.039009279308,896
sub-020,L_Angular_PCC,4,-7456.457917120008,835
sub-020,L_Angular_vmPFC,1,-5250.900443859087,1031
sub-020,L_Angular_vmPFC,2,-6688.26285735606,960
sub-020,L_Angular_vmPFC,3,-7338.472128835715,896
sub-020,L_Angular_vmPFC,4,-7283.090240301615,835
sub-021,PCC_vmPFC,1,-5952.376063556158,1252
sub-021,PCC_vmPFC,2,-8513.641742920512,1234
sub-021,PCC_vmPFC,3,-9957.615206500921,1217
sub-021,PCC_vmPFC,4,-10598.281300239865,1200
sub-021,L_Angular_PCC,1,-5715.068206569362,1252
sub-021,L_Angular_PCC,2,-8393.900570548427,1234
sub-021,L_Angular_PCC,3,-9842.45847483679,1217
sub-021,L_Angular_PCC,4,-10458.115325218261,1200
sub-021,L_Angular_vmPFC,1,-5964.433583835537,1252
sub-021,L_Angular_vmPFC,2,-8271.979337925368,1234
sub-021,L_Angular_vmPFC,3,-9679.649413188092,1217
sub-021,L_Angular_vmPFC,4,-10281.906199583009,1200
sub-023,PCC_vmPFC,1,-4532.540280301859,914
sub-023,PCC_vmPFC,2,-5509.4802913552,778
sub-023,PCC_vmPFC,3,-5515.130260048248,665
sub-023,PCC_vmPFC,4,-5115.122234167949,578
sub-023,L_Angular_PCC,1,-4368.09761652992,914
sub-023,L_Angular_PCC,2,-5451.9272269252215,778
sub-023,L_Angular_PCC,3,-5536.663634994436,665
sub-023,L_Angular_PCC,4,-5198.852722647367,578
sub-023,L_Angular_vmPFC,1,-4089.779743454392,914
sub-023,L_Angular_vmPFC,2,-5109.892754723033,778
sub-023,L_Angular_vmPFC,3,-5277.131652079106,665
sub-023,L_Angular_vmPFC,4,-4937.454149854603,578
