subject,pair,forward_source,forward_target,selected_lag,included,skip_reason,primary,n_timepoints,direction,source,target,F,p_directional_f,loggc,usable_rows,df1,df2,doi_loggc_forward_minus_reverse,F_forward_minus_reverse
sub-001,PCC_vmPFC,PCC,vmPFC,4,True,,True,1498,forward,PCC,vmPFC,15.730465520832935,1.5152569039011447e-12,0.052339518022679034,1180,4,1171,0.0006900792520216428,0.21280253515788594
sub-001,PCC_vmPFC,PCC,vmPFC,4,True,,True,1498,reverse,vmPFC,PCC,15.517662985675049,2.2414383216078563e-12,0.05164943877065739,1180,4,1171,0.0006900792520216428,0.21280253515788594
sub-001,L_Angular_PCC,L_Angular,PCC,4,True,,False,1498,forward,L_Angular,PCC,8.2284419286415,1.520874685630776e-06,0.02771963820657701,1180,4,1171,0.013134865486130892,3.927461544236686
sub-001,L_Angular_PCC,L_Angular,PCC,4,True,,False,1498,reverse,PCC,L_Angular,4.300980384404814,0.0018538828938374963,0.014584772720446119,1180,4,1171,0.013134865486130892,3.927461544236686
sub-001,L_Angular_vmPFC,L_Angular,vmPFC,4,True,,False,1498,forward,L_Angular,vmPFC,9.235003828422025,2.393754654532024e-07,0.031058357466855053,1180,4,1171,0.017173486669582353,5.14185725634217
sub-001,L_Angular_vmPFC,L_Angular,vmPFC,4,True,,False,1498,reverse,vmPFC,L_Angular,4.093146572079855,0.0026738300382678033,0.0138848707972727,1180,4,1171,0.017173486669582353,5.14185725634217
sub-002,PCC_vmPFC,PCC,vmPFC,4,True,,True,1800,forward,PCC,vmPFC,71.03463412791046,8.78731270792818e-56,0.15142060600333468,1747,4,1738,0.12052661287496506,57.401690378684
sub-002,PCC_vmPFC,PCC,vmPFC,4,True,,True,1800,reverse,vmPFC,PCC,13.632943749226461,6.010014197720343e-11,0.03089399312836962,1747,4,1738,0.12052661287496506,57.401690378684
sub-002,L_Angular_PCC,L_Angular,PCC,4,True,,False,1800,forward,L_Angular,PCC,10.006006740372252,5.2542533410594486e-08,0.02276762363385942,1747,4,1738,0.016110352510777862,7.103772676611438
sub-002,L_Angular_PCC,L_Angular,PCC,4,True,,False,1800,reverse,PCC,L_Angular,2.902234063760814,0.020790372643032604,0.006657271123081557,1747,4,1738,0.016110352510777862,7.103772676611438
sub-002,L_Angular_vmPFC,L_Angular,vmPFC,4,True,,False,1800,forward,L_Angular,vmPFC,30.00219353827345,3.6107915807756856e-24,0.06677033590171694,1747,4,1738,0.030189835977315088,13.813679511498492
sub-002,L_Angular_vmPFC,L_Angular,vmPFC,4,True,,False,1800,reverse,vmPFC,L_Angular,16.188514026774957,5.040749611125519e-13,0.03658049992440185,1747,4,1738,0.030189835977315088,13.813679511498492
sub-003,PCC_vmPFC,PCC,vmPFC,4,True,,True,1275,forward,PCC,vmPFC,12.93323353254176,2.7687881059238607e-10,0.04787160577761047,1064,4,1055,-0.0037310890973606195,-1.0342580506966481
sub-003,PCC_vmPFC,PCC,vmPFC,4,True,,True,1275,reverse,vmPFC,PCC,13.967491583238408,4.1507609526278165e-11,0.051602694874971086,1064,4,1055,-0.0037310890973606195,-1.0342580506966481
sub-003,L_Angular_PCC,L_Angular,PCC,4,True,,False,1275,forward,L_Angular,PCC,13.016702274663613,2.375463814384786e-10,0.04817323646669152,1064,4,1055,0.04241190726688007,11.492765964152744
sub-003,L_Angular_PCC,L_Angular,PCC,4,True,,False,1275,reverse,PCC,L_Angular,1.5239363105108688,0.19296535199281872,0.005761329199811444,1064,4,1055,0.04241190726688007,11.492765964152744
sub-003,L_Angular_vmPFC,L_Angular,vmPFC,4,True,,False,1275,forward,L_Angular,vmPFC,11.342655632989322,5.138509058894285e-09,0.04210628570277888,1064,4,1055,0.03192259688394006,8.642984734154094
sub-003,L_Angular_vmPFC,L_Angular,vmPFC,4,True,,False,1275,reverse,vmPFC,L_Angular,2.6996708988352274,0.029472838103805712,0.01018368881883882,1064,4,1055,0.03192259688394006,8.642984734154094
sub-004,PCC_vmPFC,PCC,vmPFC,4,True,,True,1296,forward,PCC,vmPFC,3.9379749107629873,0.0035148936435322052,0.013758825257759528,1146,4,1137,-0.002054564252912991,-0.5927093826289589
sub-004,PCC_vmPFC,PCC,vmPFC,4,True,,True,1296,reverse,vmPFC,PCC,4.530684293391946,0.0012365386726024277,0.01581338951067252,1146,4,1137,-0.002054564252912991,-0.5927093826289589
sub-004,L_Angular_PCC,L_Angular,PCC,4,True,,False,1296,forward,L_Angular,PCC,16.98283652994162,1.5557386093225194e-13,0.05802937637666166,1146,4,1137,0.053634305221451545,15.73078814865816
sub-004,L_Angular_PCC,L_Angular,PCC,4,True,,False,1296,reverse,PCC,L_Angular,1.2520483812834584,0.2871346533318699,0.004395071155210118,1146,4,1137,0.053634305221451545,15.73078814865816
sub-004,L_Angular_vmPFC,L_Angular,vmPFC,4,True,,False,1296,forward,L_Angular,vmPFC,4.5965928350021965,0.0011000681856420552,0.016041593906503608,1146,4,1137,0.009767466040730737,2.8075655649357825
sub-004,L_Angular_vmPFC,L_Angular,vmPFC,4,True,,False,1296,reverse,vmPFC,L_Angular,1.789027270066414,0.1286746901587475,0.00627412786577287,1146,4,1137,0.009767466040730737,2.8075655649357825
sub-006,PCC_vmPFC,PCC,vmPFC,4,True,,True,1295,forward,PCC,vmPFC,1.1828168755676214,0.3165639836764321,0.0037272735718726913,1276,4,1267,-0.011295994492029341,-3.6117279734363836
sub-006,PCC_vmPFC,PCC,vmPFC,4,True,,True,1295,reverse,vmPFC,PCC,4.794544849004005,0.0007685453777545202,0.015023268063902032,1276,4,1267,-0.011295994492029341,-3.6117279734363836
sub-006,L_Angular_PCC,L_Angular,PCC,4,True,,False,1295,forward,L_Angular,PCC,1.333334659244355,0.25542103810736777,0.004200587924420144,1276,4,1267,-0.0014410352308437705,-0.45869971343464777
sub-006,L_Angular_PCC,L_Angular,PCC,4,True,,False,1295,reverse,PCC,L_Angular,1.7920343726790027,0.12799174662412163,0.005641623155263915,1276,4,1267,-0.0014410352308437705,-0.45869971343464777
sub-006,L_Angular_vmPFC,L_Angular,vmPFC,4,True,,False,1295,forward,L_Angular,vmPFC,7.658419362917188,4.266075517258113e-06,0.02389045634969644,1276,4,1267,0.01909301951772315,6.135180346403985
sub-006,L_Angular_vmPFC,L_Angular,vmPFC,4,True,,False,1295,reverse,vmPFC,L_Angular,1.5232390165132035,0.19302432486222756,0.004797436831973291,1276,4,1267,0.01909301951772315,6.135180346403985
sub-007,PCC_vmPFC,PCC,vmPFC,4,True,,True,1401,forward,PCC,vmPFC,9.011729482743064,3.8375787454770247e-07,0.038027816172487544,939,4,930,-0.019133910327823897,-4.6655566058793205
sub-007,PCC_vmPFC,PCC,vmPFC,4,True,,True,1401,reverse,vmPFC,PCC,13.677286088622385,7.674723839557774e-11,0.05716172650031144,939,4,930,-0.019133910327823897,-4.6655566058793205
sub-007,L_Angular_PCC,L_Angular,PCC,4,True,,False,1401,forward,L_Angular,PCC,3.539600234854122,0.007084911442093923,0.015109363527069672,939,4,930,-0.008058545283479381,-1.9098206599970862
sub-007,L_Angular_PCC,L_Angular,PCC,4,True,,False,1401,reverse,PCC,L_Angular,5.449420894851208,0.00024412343636356888,0.023167908810549052,939,4,930,-0.008058545283479381,-1.9098206599970862
sub-007,L_Angular_vmPFC,L_Angular,vmPFC,4,True,,False,1401,forward,L_Angular,vmPFC,1.5906318426723773,0.17464488194105748,0.006818130909953994,939,4,930,-0.022654028536877806,-5.363620272904171
sub-007,L_Angular_vmPFC,L_Angular,vmPFC,4,True,,False,1401,reverse,vmPFC,L_Angular,6.954252115576549,1.620662871223126e-05,0.0294721594468318,939,4,930,-0.022654028536877806,-5.363620272904171
sub-008,PCC_vmPFC,PCC,vmPFC,4,True,,True,1253,forward,PCC,vmPFC,5.258832778704908,0.0003479954512928588,0.025544655360656563,822,4,813,-0.00988077692561443,-2.0704412028436048
sub-008,PCC_vmPFC,PCC,vmPFC,4,True,,True,1253,reverse,vmPFC,PCC,7.329273981548512,8.439846638018644e-06,0.03542543228627099,822,4,813,-0.00988077692561443,-2.0704412028436048
sub-008,L_Angular_PCC,L_Angular,PCC,4,True,,False,1253,forward,L_Angular,PCC,9.64823655706069,1.261158988040502e-07,0.046377540473662215,822,4,813,0.0300474470051857,6.301896400080579
sub-008,L_Angular_PCC,L_Angular,PCC,4,True,,False,1253,reverse,PCC,L_Angular,3.3463401569801112,0.009930883119503858,0.016330093468476515,822,4,813,0.0300474470051857,6.301896400080579
sub-008,L_Angular_vmPFC,L_Angular,vmPFC,4,True,,False,1253,forward,L_Angular,vmPFC,8.445322357708623,1.1187810860423133e-06,0.040711333850972996,822,4,813,0.029268844246032884,6.106279630418742
sub-008,L_Angular_vmPFC,L_Angular,vmPFC,4,True,,False,1253,reverse,vmPFC,L_Angular,2.3390427272898804,0.05370894695129238,0.011442489604940114,822,4,813,0.029268844246032884,6.106279630418742
sub-009,PCC_vmPFC,PCC,vmPFC,4,True,,True,1431,forward,PCC,vmPFC,15.951275347604986,1.2005545364874778e-12,0.06487174560532286,961,4,952,0.026393300176791853,6.614933284723264
sub-009,PCC_vmPFC,PCC,vmPFC,4,True,,True,1431,reverse,vmPFC,PCC,9.336342062881721,2.106652779847315e-07,0.038478445428531,961,4,952,0.026393300176791853,6.614933284723264
sub-009,L_Angular_PCC,L_Angular,PCC,4,True,,False,1431,forward,L_Angular,PCC,1.3582847939796974,0.24654703699557956,0.005690855288410454,961,4,952,0.002752870995992365,0.6580163472475803
sub-009,L_Angular_PCC,L_Angular,PCC,4,True,,False,1431,reverse,PCC,L_Angular,0.7002684467321171,0.591850532947799,0.002937984292418089,961,4,952,0.002752870995992365,0.6580163472475803
sub-009,L_Angular_vmPFC,L_Angular,vmPFC,4,True,,False,1431,forward,L_Angular,vmPFC,5.549263360352301,0.00020364036467459602,0.0230485619834104,961,4,952,0.022371551478749904,5.388080305088759
sub-009,L_Angular_vmPFC,L_Angular,vmPFC,4,True,,False,1431,reverse,vmPFC,L_Angular,0.16118305526354165,0.9579120036149233,0.0006770105046604969,961,4,952,0.022371551478749904,5.388080305088759
sub-010,PCC_vmPFC,PCC,vmPFC,4,True,,True,1240,forward,PCC,vmPFC,19.64393306807008,1.1336441131924243e-15,0.06383756160106785,1201,4,1192,0.030852388117271964,9.650438878545982
sub-010,PCC_vmPFC,PCC,vmPFC,4,True,,True,1240,reverse,vmPFC,PCC,9.993494189524098,5.894569177433446e-08,0.032985173483795885,1201,4,1192,0.030852388117271964,9.650438878545982
sub-010,L_Angular_PCC,L_Angular,PCC,4,True,,False,1240,forward,L_Angular,PCC,17.93739305771881,2.5866188477359815e-14,0.058450584217439885,1201,4,1192,0.04648452759688264,14.350088041696251
sub-010,L_Angular_PCC,L_Angular,PCC,4,True,,False,1240,reverse,PCC,L_Angular,3.5873050160225595,0.006465782279326749,0.011966056620557249,1201,4,1192,0.04648452759688264,14.350088041696251
sub-010,L_Angular_vmPFC,L_Angular,vmPFC,4,True,,False,1240,forward,L_Angular,vmPFC,11.31805090617058,5.1220008479734106e-09,0.037276551994093604,1201,4,1192,0.026711909091255627,8.153098462019857
sub-010,L_Angular_vmPFC,L_Angular,vmPFC,4,True,,False,1240,reverse,vmPFC,L_Angular,3.164952444150723,0.013384186587855434,0.010564642902837979,1201,4,1192,0.026711909091255627,8.153098462019857
sub-011,PCC_vmPFC,PCC,vmPFC,4,True,,True,1245,forward,PCC,vmPFC,18.05377732968982,2.1878087357288677e-14,0.061578264378354675,1146,4,1137,0.03990627091758388,11.826275741684999
sub-011,PCC_vmPFC,PCC,vmPFC,4,True,,True,1245,reverse,vmPFC,PCC,6.22750158800482,5.880860924207632e-05,0.021671993460770794,1146,4,1137,0.03990627091758388,11.826275741684999
sub-011,L_Angular_PCC,L_Angular,PCC,4,True,,False,1245,forward,L_Angular,PCC,14.854945219300367,7.742831378529896e-12,0.050940366533907856,1146,4,1137,0.04259543503081978,12.47297356734767
sub-011,L_Angular_PCC,L_Angular,PCC,4,True,,False,1245,reverse,PCC,L_Angular,2.381971651952696,0.04981874970908468,0.008344931503088075,1146,4,1137,0.04259543503081978,12.47297356734767
sub-011,L_Angular_vmPFC,L_Angular,vmPFC,4,True,,False,1245,forward,L_Angular,vmPFC,20.550621467047677,2.293158702940641e-16,0.06980373011365053,1146,4,1137,0.051055791124576574,15.171251320920732
sub-011,L_Angular_vmPFC,L_Angular,vmPFC,4,True,,False,1245,reverse,vmPFC,L_Angular,5.379370146126946,0.0002717178608067728,0.018747938989073953,1146,4,1137,0.051055791124576574,15.171251320920732
sub-012,PCC_vmPFC,PCC,vmPFC,3,True,,True,1263,forward,PCC,vmPFC,6.2867667170315675,0.0003305597758515133,0.029178153606599665,644,3,637,0.025098772652411547,5.418808999666943
sub-012,PCC_vmPFC,PCC,vmPFC,3,True,,True,1263,reverse,vmPFC,PCC,0.8679577173646241,0.45738378484294573,0.00407938095418812,644,3,637,0.025098772652411547,5.418808999666943
sub-012,L_Angular_PCC,L_Angular,PCC,3,True,,False,1263,forward,L_Angular,PCC,12.137480111623479,9.847123103670551e-08,0.05558832489992654,644,3,637,0.054565455544951666,11.920179735915687
sub-012,L_Angular_PCC,L_Angular,PCC,3,True,,False,1263,reverse,PCC,L_Angular,0.2173003757077926,0.884413294462955,0.00102286935497487,644,3,637,0.054565455544951666,11.920179735915687
sub-012,L_Angular_vmPFC,L_Angular,vmPFC,3,True,,False,1263,forward,L_Angular,vmPFC,10.703731866904466,7.164841255319777e-07,0.049180602404696634,644,3,637,0.03184133539089752,6.9899231901366905
sub-012,L_Angular_vmPFC,L_Angular,vmPFC,3,True,,False,1263,reverse,vmPFC,L_Angular,3.7138086767677754,0.011438674670560128,0.017339267013799117,644,3,637,0.03184133539089752,6.9899231901366905
sub-013,PCC_vmPFC,PCC,vmPFC,4,True,,True,1308,forward,PCC,vmPFC,25.36856844034283,3.1675022622422896e-20,0.07865783386420289,1249,4,1240,0.0740230760817345,23.92845882606928
sub-013,PCC_vmPFC,PCC,vmPFC,4,True,,True,1308,reverse,vmPFC,PCC,1.4401096142735474,0.21847221941938896,0.0046347577824683815,1249,4,1240,0.0740230760817345,23.92845882606928
sub-013,L_Angular_PCC,L_Angular,PCC,4,True,,False,1308,forward,L_Angular,PCC,23.8280366891928,5.197213087531928e-19,0.07405370269948115,1249,4,1240,0.05568965272782236,18.082587807349334
sub-013,L_Angular_PCC,L_Angular,PCC,4,True,,False,1308,reverse,PCC,L_Angular,5.745448881843467,0.00013947960682595583,0.018364049971658795,1249,4,1240,0.05568965272782236,18.082587807349334
sub-013,L_Angular_vmPFC,L_Angular,vmPFC,4,True,,False,1308,forward,L_Angular,vmPFC,20.31010768862064,3.1997940458950487e-16,0.06345963598920917,1249,4,1240,0.06097879549359198,19.540092387334496
sub-013,L_Angular_vmPFC,L_Angular,vmPFC,4,True,,False,1308,reverse,vmPFC,L_Angular,0.7700153012861438,0.5447390606355762,0.002480840495617193,1249,4,1240,0.06097879549359198,19.540092387334496
sub-014,PCC_vmPFC,PCC,vmPFC,4,True,,True,1269,forward,PCC,vmPFC,9.235134285441209,2.388610894139032e-07,0.030825514138362334,1189,4,1180,0.015310593052764202,4.622543096472646
sub-014,PCC_vmPFC,PCC,vmPFC,4,True,,True,1269,reverse,vmPFC,PCC,4.612591188968563,0.001066965292842683,0.015514921085598132,1189,4,1180,0.015310593052764202,4.622543096472646
sub-014,L_Angular_PCC,L_Angular,PCC,4,True,,False,1269,forward,L_Angular,PCC,1.168493295941852,0.32301094286359133,0.003953170139873651,1189,4,1180,-0.011401511050618304,-3.3960918491865497
sub-014,L_Angular_PCC,L_Angular,PCC,4,True,,False,1269,reverse,PCC,L_Angular,4.564585145128402,0.001161932449383761,0.015354681190491956,1189,4,1180,-0.011401511050618304,-3.3960918491865497
sub-014,L_Angular_vmPFC,L_Angular,vmPFC,4,True,,False,1269,forward,L_Angular,vmPFC,4.13212505629973,0.0024958105403404553,0.013910009266712965,1189,4,1180,0.009779425918768575,2.9110828965393813
sub-014,L_Angular_vmPFC,L_Angular,vmPFC,4,True,,False,1269,reverse,vmPFC,L_Angular,1.2210421597603482,0.30002310799433984,0.0041305833479443905,1189,4,1180,0.009779425918768575,2.9110828965393813
sub-016,PCC_vmPFC,PCC,vmPFC,4,True,,True,1441,forward,PCC,vmPFC,30.642523327520728,1.6922731658115008e-24,0.08268128349083721,1431,4,1422,0.025140861605387893,9.586938830689952
sub-016,PCC_vmPFC,PCC,vmPFC,4,True,,True,1441,reverse,vmPFC,PCC,21.055584496830775,6.960986522402061e-17,0.05754042188544932,1431,4,1422,0.025140861605387893,9.586938830689952
sub-016,L_Angular_PCC,L_Angular,PCC,4,True,,False,1441,forward,L_Angular,PCC,7.417469113581588,6.528013931409175e-06,0.020650201358024495,1431,4,1422,0.013703052100732336,4.939158924745186
sub-016,L_Angular_PCC,L_Angular,PCC,4,True,,False,1441,reverse,PCC,L_Angular,2.4783101888364016,0.04239616643967674,0.00694714925729216,1431,4,1422,0.013703052100732336,4.939158924745186
sub-016,L_Angular_vmPFC,L_Angular,vmPFC,4,True,,False,1441,forward,L_Angular,vmPFC,9.17978950181318,2.53598360866743e-07,0.025494430259828674,1431,4,1422,0.019324658163606758,6.979655337623141
sub-016,L_Angular_vmPFC,L_Angular,vmPFC,4,True,,False,1441,reverse,vmPFC,L_Angular,2.2001341641900396,0.06685135405078822,0.006169772096221917,1431,4,1422,0.019324658163606758,6.979655337623141
sub-018,PCC_vmPFC,PCC,vmPFC,4,True,,True,1249,forward,PCC,vmPFC,0.30306660385451784,0.8759746074050263,0.0015430972401109663,794,4,785,-0.016236256844962053,-3.217334126567325
sub-018,PCC_vmPFC,PCC,vmPFC,4,True,,True,1249,reverse,vmPFC,PCC,3.520400730421843,0.007376775651119166,0.01777935408507302,794,4,785,-0.016236256844962053,-3.217334126567325
sub-018,L_Angular_PCC,L_Angular,PCC,4,True,,False,1249,forward,L_Angular,PCC,6.152616261188959,7.073004888703382e-05,0.030869506858895324,794,4,785,0.021877844389169496,4.380045264130784
sub-018,L_Angular_PCC,L_Angular,PCC,4,True,,False,1249,reverse,PCC,L_Angular,1.7725709970581751,0.13236725799423973,0.008991662469725827,794,4,785,0.021877844389169496,4.380045264130784
sub-018,L_Angular_vmPFC,L_Angular,vmPFC,4,True,,False,1249,forward,L_Angular,vmPFC,9.545811320149799,1.5395490059103287e-07,0.04749511337262481,794,4,785,0.03604545809498504,7.2859035780320305
sub-018,L_Angular_vmPFC,L_Angular,vmPFC,4,True,,False,1249,reverse,vmPFC,L_Angular,2.259907742117768,0.06111420883925531,0.011449655277639767,794,4,785,0.03604545809498504,7.2859035780320305
sub-019,PCC_vmPFC,PCC,vmPFC,4,True,,True,1308,forward,PCC,vmPFC,8.427034821110366,1.0470188457877584e-06,0.027166943522624824,1233,4,1224,0.010030382115860194,3.1380590316272388
sub-019,PCC_vmPFC,PCC,vmPFC,4,True,,True,1308,reverse,vmPFC,PCC,5.2889757894831275,0.00031779061535771235,0.01713656140676463,1233,4,1224,0.010030382115860194,3.1380590316272388
sub-019,L_Angular_PCC,L_Angular,PCC,4,True,,False,1308,forward,L_Angular,PCC,12.561435737095962,5.099242446376115e-10,0.04023024531309286,1233,4,1224,0.02525190831059687,7.943566951686901
sub-019,L_Angular_PCC,L_Angular,PCC,4,True,,False,1308,reverse,PCC,L_Angular,4.617868785409061,0.001054844372902913,0.014978337002495989,1233,4,1224,0.02525190831059687,7.943566951686901
sub-019,L_Angular_vmPFC,L_Angular,vmPFC,4,True,,False,1308,forward,L_Angular,vmPFC,17.472200413618655,5.936039918995325e-14,0.05552807448961961,1233,4,1224,0.0460655914021674,14.562937872634908
sub-019,L_Angular_vmPFC,L_Angular,vmPFC,4,True,,False,1308,reverse,vmPFC,L_Angular,2.9092625409837463,0.02066186452279441,0.009462483087452213,1233,4,1224,0.0460655914021674,14.562937872634908
sub-020,PCC_vmPFC,PCC,vmPFC,3,True,,True,1228,forward,PCC,vmPFC,1.2863974621076382,0.2777807688621947,0.004331653631276466,896,3,889,-0.006315384305503734,-1.8855306352810393
sub-020,PCC_vmPFC,PCC,vmPFC,3,True,,True,1228,reverse,vmPFC,PCC,3.1719280973886774,0.023646914621036644,0.0106470379367802,896,3,889,-0.006315384305503734,-1.8855306352810393
sub-020,L_Angular_PCC,L_Angular,PCC,4,True,,False,1228,forward,L_Angular,PCC,4.631867741570313,0.0010565445049328449,0.02218249146516657,835,4,826,0.017110498127063802,3.5818405026769398
sub-020,L_Angular_PCC,L_Angular,PCC,4,True,,False,1228,reverse,PCC,L_Angular,1.0500272388933736,0.3803183375330103,0.0050719933381027675,835,4,826,0.017110498127063802,3.5818405026769398
sub-020,L_Angular_vmPFC,L_Angular,vmPFC,3,True,,False,1228,forward,L_Angular,vmPFC,13.635747551646014,1.0570238181388935e-08,0.0449876065784124,896,3,889,0.04037692723998996,12.266294946971453
sub-020,L_Angular_vmPFC,L_Angular,vmPFC,3,True,,False,1228,reverse,vmPFC,L_Angular,1.3694526046745616,0.250741953978971,0.004610679338422444,896,3,889,0.04037692723998996,12.266294946971453
sub-021,PCC_vmPFC,PCC,vmPFC,4,True,,True,1310,forward,PCC,vmPFC,12.8323332544677,3.131757198351135e-10,0.04219482144895044,1200,4,1191,0.033372040049710186,10.193727287078191
sub-021,PCC_vmPFC,PCC,vmPFC,4,True,,True,1310,reverse,vmPFC,PCC,2.638605967389509,0.0325671087602771,0.008822781399240254,1200,4,1191,0.033372040049710186,10.193727287078191
sub-021,L_Angular_PCC,L_Angular,PCC,4,True,,False,1310,forward,L_Angular,PCC,1.5959208699178664,0.1730377090054385,0.005345622418481165,1200,4,1191,0.004096049276205377,1.2236279116068813
sub-021,L_Angular_PCC,L_Angular,PCC,4,True,,False,1310,reverse,PCC,L_Angular,0.3722929583109851,0.828501443155962,0.0012495731422757879,1200,4,1191,0.004096049276205377,1.2236279116068813
sub-021,L_Angular_vmPFC,L_Angular,vmPFC,4,True,,False,1310,forward,L_Angular,vmPFC,3.712496421494318,0.005201570294934567,0.01239141021629573,1200,4,1191,0.005946528507962308,1.787335840428884
sub-021,L_Angular_vmPFC,L_Angular,vmPFC,4,True,,False,1310,reverse,vmPFC,L_Angular,1.925160581065434,0.10393445069413235,0.006444881708333422,1200,4,1191,0.005946528507962308,1.787335840428884
sub-023,PCC_vmPFC,PCC,vmPFC,3,True,,True,1295,forward,PCC,vmPFC,10.349290152038954,1.1588743822265327e-06,0.04610581544047221,665,3,658,0.020367690100865053,4.630785211430228
sub-023,PCC_vmPFC,PCC,vmPFC,3,True,,True,1295,reverse,vmPFC,PCC,5.718504940608725,0.0007241822372863513,0.025738125339607155,665,3,658,0.020367690100865053,4.630785211430228
sub-023,L_Angular_PCC,L_Angular,PCC,3,True,,False,1295,forward,L_Angular,PCC,2.0647972656805718,0.10362170185649487,0.009369934036126012,665,3,658,0.0039882921654785615,0.8812419364434609
sub-023,L_Angular_PCC,L_Angular,PCC,3,True,,False,1295,reverse,PCC,L_Angular,1.1835553292371108,0.31512462611550496,0.00538164187064745,665,3,658,0.0039882921654785615,0.8812419364434609
sub-023,L_Angular_vmPFC,L_Angular,vmPFC,3,True,,False,1295,forward,L_Angular,vmPFC,0.4490624400402644,0.7180435417310073,0.0020453040819081642,665,3,658,-0.0010367493749470942,-0.22797741874551092
sub-023,L_Angular_vmPFC,L_Angular,vmPFC,3,True,,False,1295,reverse,vmPFC,L_Angular,0.6770398587857753,0.566300149434029,0.0030820534568552584,665,3,658,-0.0010367493749470942,-0.22797741874551092
