analysis,pair,direction_label,condition,n,beta_loggc_doi,sem_loggc_doi,p_within_unc,q_within_family,friedman_p,friedman_q,omnibus_rm_anova_p,omnibus_rm_anova_q
overall_full_run,PCC_vmPFC,PCC → vmPFC,Overall,19,0.0185823205658505,0.007784626670572215,0.0281647921902539,0.0281647921902539,,,,
overall_full_run,L_Angular_PCC,L_Angular → PCC,Overall,19,0.0222396511679578,0.004985625613251706,0.0003020596033507,0.0004530894050261,,,,
overall_full_run,L_Angular_vmPFC,L_Angular → vmPFC,Overall,19,0.0244327601752658,0.004466609205147198,3.395584965926113e-05,0.0001018675489777,,,,
condition_30s_window,PCC_vmPFC,PCC → vmPFC,CA,19,0.0348781088775997,0.01445194695110693,0.0266829946071968,0.0600367378661928,1.0,1.0,0.279489534493149,0.279489534493149
condition_30s_window,L_Angular_PCC,L_Angular → PCC,CA,19,0.0164334862857844,0.007457423399996206,0.0408112850732538,0.0734603131318569,0.3311237329510148,0.7567325290180884,0.0897043144074919,0.2156543147919681
condition_30s_window,L_Angular_vmPFC,L_Angular → vmPFC,CA,19,0.0273440217369504,0.006773438745271749,0.0007734961914721,0.0034807328616247,0.5044883526787256,0.7567325290180884,0.1437695431946454,0.2156543147919681
condition_30s_window,PCC_vmPFC,PCC → vmPFC,JX,19,0.0239613193825541,0.012058201170621941,0.0623423365735791,0.0935135048603686,1.0,1.0,0.279489534493149,0.279489534493149
condition_30s_window,L_Angular_PCC,L_Angular → PCC,JX,19,0.0246969356532561,0.007078551470606539,0.0026200410968694,0.0078601232906082,0.3311237329510148,0.7567325290180884,0.0897043144074919,0.2156543147919681
condition_30s_window,L_Angular_vmPFC,L_Angular → vmPFC,JX,19,0.0289779382430216,0.007050196933697374,0.0006570935243666,0.0034807328616247,0.5044883526787256,0.7567325290180884,0.1437695431946454,0.2156543147919681
condition_30s_window,PCC_vmPFC,PCC → vmPFC,OI,19,0.0121610106833665,0.011035364217065597,0.2849776274906725,0.3205998309270065,1.0,1.0,0.279489534493149,0.279489534493149
condition_30s_window,L_Angular_PCC,L_Angular → PCC,OI,19,0.0046391764399573,0.00783193505550364,0.5609902253821236,0.5609902253821236,0.3311237329510148,0.7567325290180884,0.0897043144074919,0.2156543147919681
condition_30s_window,L_Angular_vmPFC,L_Angular → vmPFC,OI,19,0.0120687287501019,0.008130996045560852,0.1550339233981671,0.1993293300833578,0.5044883526787256,0.7567325290180884,0.1437695431946454,0.2156543147919681
